feature_01,feature_02,feature_03,feature_04,feature_05,feature_06,feature_07,feature_08,feature_09,feature_10,feature_11,feature_12,target
-0.25725538343500487,2.386674514052557,1.6425285692628773,-0.12722603295650858,-0.0018749016180528155,-0.45961227706038543,0.64004552231466,2.857931107571555,-0.869103818409731,1.0517694315385229,1.9178480016066657,2.4062408740911643,clase_2
5.785482936930479,1.9250179938310643,-0.3575577028223364,0.5430623177203251,-3.44246611569141,-1.6226207760524491,-2.923592539951944,-3.6442273610008633,-0.41681802071018814,-2.055649859550421,1.946698462365562,2.928685138946242,clase_4
0.16578499853419698,-1.6427730737224069,2.5917771795845463,-0.37276076397368657,-1.3727513443126365,1.1426587629485443,-0.5259670724700266,-0.8498398717727607,1.2959667501518788,-0.37759125365722557,0.19477400562806724,-0.7287320016719487,clase_5
0.6971144531902611,-1.4677879814760324,0.6491144749717128,-0.35240598915431365,0.09772679756716429,1.8516865399275235,-0.35067089652958,0.05063807440124314,1.0947644330271482,-0.5442305581871869,-0.09362131907061147,-0.41341348773817344,clase_4
5.725226122664207,3.1187166179368937,3.115212611273212,1.7866490661765797,0.026746027142901863,-0.0784185012192874,-2.6558471393549983,3.14211940283683,-2.8117104955492067,2.726183161410682,-1.332128954630901,5.0893665010085165,clase_3
3.800929192058899,-3.1572841533880522,1.5180120238107653,2.652032702761262,1.426130581582171,0.9395974613439892,1.3510980671653814,2.497661284528178,1.3067045658523833,0.21068355966450536,-0.16224853995849545,3.178916248729629,clase_3
-6.453319481327006,2.327565356406467,-2.05295548378791,-2.400828167135991,1.0774763342886318,1.2302126739444232,1.4637737088265477,1.3318859023656173,2.1137793707997097,1.6102423830763601,-1.8758090928476314,-1.2693349073662743,clase_4
0.18044883410934565,-1.036026606382577,-0.8815827337556896,-1.5381854030537472,-2.2249441782766644,3.1106742039531206,3.383380410755281,2.5429811584285043,-0.8482212164884625,-1.2113581416590518,-0.28770705554947656,1.368862131127569,clase_3
4.443462837864818,-3.852423617774595,-4.039820471032231,0.8889764840942252,1.5102900808649096,2.222951730335075,0.6489342598460195,-0.4522408005847938,-0.601969699964904,-2.9206961485917207,0.31549680832349175,-0.44952721698788695,clase_0
4.906905057454642,-2.3238112793022303,1.5276271357853206,-1.8159587452443204,3.781955936192226,0.17796415536852717,-1.5063700302773733,4.466990166299838,-1.8550475590497582,-1.2113334304667944,0.2995204194161605,2.8040392668877185,clase_2
3.476059934976099,3.8651849488423293,-0.5299899868769802,2.9366150025555102,-2.35910346193627,-1.1388360827030577,1.1510731409766672,1.4605685844540124,-5.57453322421281,0.8578984077130343,0.554254476026521,2.7095267565480317,clase_1
-4.391501103894951,1.5112294445449523,3.0436496051861024,2.0385877237360335,0.7164410257100599,1.1835221856628373,-0.5120258409607112,-0.47779853970442776,1.4870482935247855,2.4527653445162407,-0.8233495383626361,-3.585970097020999,clase_1
0.9632814133517049,-1.2626510272192486,-3.1004968732337765,-0.350620230158079,-0.186619946391531,-0.8066544346620317,0.0681809673569026,-0.30607533500263856,0.3203561808961223,3.032905009632276,-0.28168832078912964,2.7476178155945012,clase_5
1.4433074482667252,-3.329314835562073,1.0445597074198854,-1.7848852455669806,0.2892651270500887,1.7368859405167312,0.9655572985115344,1.6207258670207456,1.871431886984397,-2.136122058768586,-0.5495445908100448,1.2798669902544446,clase_0
-5.513363161425135,-0.5635312717612551,1.4662315734559126,0.7490980397657823,1.6741768505753436,0.630070598555413,-0.4697166869861323,-0.6794900729178815,2.4608174082353353,4.042919538488021,0.6871774750986485,-3.417106581616287,clase_1
-0.5984299966052565,0.17595596438788752,2.601190366262754,0.5068122985959305,-0.14425113368749531,0.8390279152109682,1.4400019205629522,2.830626817215166,0.6337114137999366,1.3855545514621395,0.9112622830378235,1.9049535235060644,clase_1
-3.9365990554141357,2.0854286233290225,2.3843307781168996,-3.152334514964794,1.194684301689986,0.33946691412503754,3.8513815308316817,6.942285264564389,0.9284312128959675,-0.4739907980050979,0.6287305482596371,3.4092724173609934,clase_1
-3.84790040377062,0.7782077932949467,2.369606082470013,1.0560147895744976,1.8359485803560907,-1.604513691222812,2.3946082797963064,1.5412274980161853,0.9952100903343856,-2.010154293504814,0.04191804023862554,-1.886611334715935,clase_3
-0.47634260905979997,1.6120866060727412,0.46304665008419804,-0.24437654655924668,2.1324617968651403,-0.3291219126971296,-2.071668277780166,0.39718907945305404,1.0583785879083638,0.9720826929955384,0.13152273007815657,0.12139384227671857,clase_5
0.5739070185139923,0.7624993564129874,1.34450293603464,2.0073343096885248,4.083527292336281,0.6973696998931238,-1.217491410800677,2.5075462331092306,-0.062300845153919315,1.3194208340716482,0.2805749659586189,-0.24899031608450606,clase_4
7.522866933709602,0.028606198639025693,-2.712533974653409,3.5719215844920607,0.6216130167900539,-5.0572691288772855,-1.3410812706027742,-1.554599517287313,-1.3960136297654298,-0.16357280265495389,-2.553631015648598,5.49360845131051,clase_3
1.877423144516841,0.5980530407069935,-2.683114696064712,-0.39813635880510834,-0.4912896827033968,-1.6326883863366326,-1.3856511466551606,-1.5516595310275387,1.1559333688015252,1.3831853161832113,1.0477015688776097,3.12844047687432,clase_4
-8.470727680368375,2.724842173263837,3.5336214073804237,-6.65300672678725,4.2918008864522115,-1.4590283049128665,2.4945170308927187,7.5634387597613575,3.187514904637525,-1.1488174809450327,0.42872799329406813,1.598661979679845,clase_5
0.751763811710436,3.951991147474655,-0.11382007292803797,-4.0743752754528915,1.6103760935164866,-0.921799951728176,-1.5580863460347638,3.70836257724069,-2.590628155729208,-1.2223160413857368,-0.2903829916507967,2.5102775075156867,clase_5
-2.6046921792032194,-1.419091363216519,2.2072095772081224,-0.7648965568521524,-0.7139852383479726,-0.5094950864486147,1.4990432138701104,0.9050982897005438,2.3530635520783245,1.5304509479047537,-0.6666192774947225,1.065975795214742,clase_3
-0.8780702883369664,0.10679509774254237,-2.0204820409814443,-1.2919243223049666,0.28482636040205844,-0.8061204197521443,0.3702426048990099,0.5643333278083096,-0.8434469946127809,1.4538903696872434,-0.18847681889449142,0.8143948287178361,clase_2
3.994477833476352,-1.0198746128810157,-0.06485188996907798,2.739038388416292,0.8698545427601699,1.5442306454022448,0.28776206283009004,2.2531052171523736,-0.3333570076961101,2.327105232526155,-0.3151920599234445,3.380865044032155,clase_1
-0.7032987118870984,-3.899613012660252,-0.9661864685587197,-4.545887030128008,-0.9372635936245999,2.355853240878477,0.16459714081208798,1.7535136265720175,-0.7268817680181332,3.3743527223746463,-0.7201629036798193,0.9656517900594557,clase_5
4.0782946103948525,-0.6287362042059799,0.8345303889845468,2.4542982398772573,-1.3263672644062887,-2.2537616899916975,-2.987533185768653,-3.753765460833935,0.44608742530302636,1.0099001153305898,0.9510213361781547,1.2896519398351878,clase_0
2.043170339931848,0.45025117345794596,-0.52347857226914,-0.724008632500831,0.7898517383761319,0.07077413969024338,0.17268954719789031,2.000095890385143,-0.41180349347493905,-0.9410913297324017,-1.2485816890997645,2.458281769589529,clase_4
2.0575830580926406,-2.990525811068797,-0.4620478079832364,-0.036129079931663255,1.6672701290933796,2.2906674495902886,1.1150277744446135,3.272062907971345,1.9932945140954352,1.9028429884136513,1.562668505230683,3.659878166228525,clase_4
-1.6716188938436585,-3.6494102563294257,0.5024009132142258,-2.301863708053033,0.661649724126534,3.1119507812611067,0.6042797873541994,1.4563175934410182,-0.44779324420848265,0.8359805956090328,0.16872257734587723,-2.502443667442444,clase_5
4.138591848918397,-3.3675913966921396,0.42760398870128874,0.9470690696796766,0.5338053851350831,0.1398706474385153,-0.3601409867207124,0.6246771415023855,-1.38046664473969,0.2728416791170459,0.25223147991929806,1.2977025185497046,clase_2
-6.2127901944026895,-0.6287981156614793,1.1929849966781103,-1.0194030166605657,1.4514800375017352,-4.448062921328122,2.8671925224635064,0.7231956029520162,1.0070284725938796,-0.2233616015812871,0.6940200870607419,-1.534408192028365,clase_3
1.261950477703518,1.1382531177878523,0.3142107068156419,-0.9901437752101122,1.249463982491018,1.3283320543122445,-1.6687279246341526,0.7624459345308721,-0.5276183651115681,-1.6087940309135407,-0.47740623159781603,-0.5782694699262496,clase_0
-2.620732836737329,-0.08663961289974009,2.4973773757952156,-2.5490749878811227,2.374771342109868,-3.477776707588296,1.125695349108908,2.8328070869504844,0.6089317254347084,-1.9011709095504903,-1.8107995783196809,0.8273852579446757,clase_5
0.8454146022401943,-0.26698637980864415,-0.39560949973793824,2.472708904765592,0.27312207965640495,1.4424494438476776,-0.7010595446015374,-1.1002191039177658,1.4635893969258353,1.6936290003215406,0.1724198520913992,-0.1420987903321954,clase_1
4.763934956377346,-1.1656000925171508,1.1218748857225362,4.3059662281047855,1.4186648028893494,1.513530423019986,1.1801060128780525,1.0342290464351844,1.1778051624994554,-3.6794434915313756,1.4533971058146764,1.1980519343320435,clase_3
1.3127528879474428,1.9484931796980267,0.5381278993250933,-0.819993363550922,0.8269203621918297,-0.6291735897046886,-1.8107624765301222,0.5057593594265335,-3.0178110984747457,-1.388708100123503,-0.6220648349449548,-0.9890546582275017,clase_0
2.75780939447015,-1.7232073483145882,-0.5366641974392392,-0.5611972769166391,0.7335270419672932,-0.20428933047676084,-1.8929062022598622,-0.644608520647188,-1.0644424330990054,0.036180952351992035,1.4861513251433442,0.1243172543897586,clase_0
2.763714148950262,4.602827038112202,2.2770691439163944,-0.33354662511066985,-2.100953048195109,2.669916688412518,0.8562836918188199,3.3510324541621643,-1.2250858026350226,-3.622510571848596,1.1508346496843629,2.9653268051079937,clase_2
2.05050096224707,-2.0585576934223306,1.2075480024913219,0.29971868878791685,-0.6954252963590549,2.4166566540637238,1.920078954027457,2.4291256780766335,-0.47757549380497644,-0.8305885467748384,0.1323090206885346,1.3831474438598614,clase_2
4.390367744126668,-2.413316236231052,-1.6005594457870216,-4.091515730990101,-0.0881357633853902,1.4007868837407242,-0.2542868362238423,2.557061359052254,-0.7791981753353932,-1.6025203803732115,-1.3030019218148046,4.043480245251397,clase_2
-3.0642863767587074,0.07271086756286704,0.10967368151957091,1.137319769995722,-2.7445906944923033,-0.5862386160111621,3.8772638334749177,0.8287175043198308,1.1451780956061939,2.879056082169785,0.5373654249348249,2.1884322208722677,clase_2
2.3397321822650587,-1.1640308718742431,-1.404577239924054,-0.4405838192942931,1.921424078833368,-3.43930859735977,-0.09708817983870621,0.9353382605151408,-2.5478598890962187,-0.6704427136635435,0.48923977541235625,1.566881667996642,clase_3
1.4946127241430076,-0.16665504165720568,-1.0826539594133548,1.726660459716143,0.49491377932961034,-2.7400660539226527,-0.2677626435748428,-1.8550550447417986,0.22441959625621188,-1.09091510698039,0.7293697951297508,0.47208111702879674,clase_3
-4.350087065750534,-2.5720438543228705,-0.9618220636177617,-0.5195299021157319,0.26119222910295536,-0.4914106000976821,3.761613172544581,1.3711370287434648,-1.9621392832446023,1.2735259972622202,0.5106788831660388,-2.5519018984061352,clase_2
6.508513069971013,-2.529959546618807,-2.590840492551173,-0.30860630988772453,1.3212461835307943,2.7215208045228367,2.1863008990217256,4.55162376786033,-2.1227697518443502,-2.765217570555424,-0.5737555504043761,4.354772322860643,clase_0
0.5495225129351369,1.2920287734199325,1.8392213785717126,1.1285584028246745,0.06362317825872654,2.228285520499611,2.2302758222629206,3.123258148084168,1.7772207059466207,-1.9266367790567565,0.434376922028368,2.186011193372556,clase_1
3.4230940553107527,-0.9298274245780718,-0.7169465170440459,-1.5152568155347454,-1.0858380301655466,-0.952322232818438,-1.731303539098015,-1.1820397878927986,-2.080884105636601,-1.0742289222138504,1.3681890237485779,0.8514114955917527,clase_5
4.681207544358709,-0.34425140010045463,-2.3414486561708916,0.9654139939843287,1.0272184633384205,-1.4329608621007521,-1.3913764421607624,-0.39558721958472687,-1.93466949237643,-0.39140775092287006,0.008274494342320363,2.0441552362548423,clase_3
2.061952433952155,-0.8466369092396617,-1.7475803511600339,-0.08863124228340091,-1.4508258461421841,2.043098699035954,1.4922740908330698,0.9797565317707092,-1.0334930010127898,-0.22931698720362115,-0.32542127137283106,1.6021773687559704,clase_2
3.5155125635558324,0.2755023939360561,0.09937048678199567,-1.4268568142302873,-4.1205602205048715,-0.4545152515996793,-2.0511950054631285,-3.28757573539875,-1.3823669887637673,-1.9201033697150607,0.3097295030870087,0.6696412616985803,clase_4
0.8388404136536616,1.2548942339354952,-1.5059356791112006,0.9044253802839028,1.9935311092067882,-1.4021460479090209,0.7424112296851755,1.8982163729322383,-1.6946220895087045,-0.09567427204483658,-0.09789240517213632,1.3083822132527683,clase_3
-5.546983577378517,-0.2250473180665763,-0.2699512888099891,-0.9939361331835668,2.3396702469455293,-2.1097350519759948,1.5402268016146519,0.6793982225406533,3.3098401004906144,1.1847676625788812,-0.4140052351384046,-0.533631916699246,clase_1
-0.5661309751177229,3.1691640820615152,-1.8011441337515839,-1.0394206866330304,1.1428345305161542,-1.1470942644958029,-2.752440714787359,-0.7537130173228982,1.135402148933708,2.1686240110899764,-1.5390549215704685,1.4439680877838013,clase_2
1.4368148907604366,0.5052528287115283,-0.24832900200060937,-3.1918006180995437,0.549203222547277,-1.110404625094166,-1.788556708083339,0.4340574074684273,0.2440082142862089,-1.5866837473419364,0.18091067522502524,1.8459235243171577,clase_1
-8.591051469181114,3.26575364540453,-1.6520604299084154,0.49788187648351245,1.7761904868036844,-0.18402345594668257,2.390118393106924,1.1789620383296557,2.9519143998970137,4.237342838078612,-0.30266104367554975,-1.371759761228151,clase_4
-0.8986453562835496,1.6751874751886244,-1.756398938861972,1.018783581903332,-0.1250745695390535,1.5207956885293716,-0.051959387784054956,-1.3363368518543366,1.7345058437058132,-0.4150600839299281,-1.0558446374338408,-0.890576169056063,clase_0
-2.291544973341911,2.615903966497518,-0.7624855579170506,1.9739735789394324,0.014414925091603692,-1.5087709891086876,1.6224976423643749,1.122059507519653,-1.5672634845550715,3.0034000186864533,1.2403834346054217,0.6383314290584414,clase_3
-0.4315557221468968,1.9777488271618997,1.7308365249956903,0.8040565648473411,1.635800484485999,3.039241965056016,0.14915369649311394,2.701807041468095,3.1258330382026296,-0.23560347710217078,-2.756462797090711,1.3213956757780427,clase_3
1.3878475389089406,-0.9954333722343282,4.239720602536236,0.1452828661500779,3.772236056070861,-0.07953169531283599,-0.5926914748405558,4.494850007250136,0.47448395988592007,0.21245384903176529,-0.39902793154992044,1.8689855269982976,clase_2
1.9573389237298822,-3.8385741835747567,0.12301867310755232,0.7078910483450788,-2.124241535021169,0.4781809675226509,0.07661959548050512,-2.821777465170882,0.1176881098967788,-0.8201711144237032,0.017414248998230967,-1.2335365432284346,clase_4
-1.5383521702535778,-0.5112079136175001,-0.9502762651173614,-0.36906706442289755,0.019581970530166637,-2.1570144175224097,0.6917093728557422,-0.8491868962844521,0.7881808266403276,0.4405607009596947,0.41015156771359396,0.2878160472378002,clase_5
5.972086442730793,-2.106686744425688,0.29871334275344025,3.0156558143330265,2.0126378255684956,0.8375146636066741,0.20781596389893514,1.435858804832273,1.3555639045131769,-2.404042654172401,-1.5722757797245785,3.107063259164688,clase_3
-1.2887412801944853,-0.0636056453662851,-0.2602840724879432,1.3361654532622271,-0.9560924124491463,6.073994893920751,1.3419271843771956,-0.11174063852697283,2.38618246735819,-0.8544709117648386,1.2917478507326312,-2.539452855324959,clase_4
1.9711424928611936,-1.7509170277506196,1.2726424844090496,-0.6997023737419628,1.2670719156638555,0.6214860991363087,1.0541845827868335,3.8320362486784796,-1.1055139160954632,0.25365680902271176,-1.1127640783210544,2.5042240010808756,clase_2
2.583012808171801,-2.1886707414894317,-1.0952868564019491,-1.6120120871471786,1.9975553170057088,-0.17178933401925578,-3.2366146845560886,-1.0539023867277968,0.5240620620173618,0.33649650048424745,1.7222673909870256,0.20471211075334006,clase_0
-2.5187205198907527,-0.1403661162098151,-2.3976774018087337,-0.16181248103316503,2.914875707368213,1.1857511510531857,-0.9734271190810062,-0.7977873537915672,2.373068027371107,0.947784882994995,1.2223452564679749,-2.267650255397472,clase_1
2.6927123861759865,1.557252260028107,-2.107352930348756,-0.29241332314331375,3.347800186471435,-0.18780965957179907,1.0929888109347545,4.735592556951454,-4.13869309818761,-1.8408824198902074,-1.1493045773901618,1.8686172066465288,clase_5
-5.55726987122898,-0.08083951134086287,-0.36308007245092355,-1.4148084647592079,2.8224426248425987,0.018670286521880186,1.1277596445503488,1.586099480706146,3.3646258267452955,1.7648642671271269,0.12034991537717113,-0.8941532429661612,clase_1
-3.088064249829032,3.2375701651417383,2.0037732590821378,0.4837651240616294,-2.5770998873212365,-2.298732292781576,-0.699189021428956,-2.793138258988969,2.1657026514236297,0.7926578081075313,-2.1530094386441214,-0.20003469885471603,clase_4
-1.513901550555449,0.43613924959499223,-1.3219845413111895,-1.9456004420840411,0.21541518395559162,-0.13406725576834644,0.7733464577569849,0.835598478241317,-0.14819565434217652,-0.43391981997608503,0.9258046415960592,0.14546981194947695,clase_0
-0.8433724003596194,-0.1543915067788073,-3.7770757661001024,-0.7641681423747081,1.475234992807912,0.9961339935639126,0.47753785195216936,-0.08404237517166503,-0.38643277003447146,-0.5761068545723046,0.5141326999931192,-1.3705900416079944,clase_0
4.583541598271888,-1.9633757782903183,2.253318617986327,-0.04325512251791985,-2.981215491472943,-2.1489107437463852,-2.332095870391087,-3.333084198943079,0.4907246698559584,-1.4162176095874484,-0.0823305500172053,1.893515178318826,clase_1
-0.3291948962560954,-1.338720246012238,2.673566869406197,-1.644427866222104,0.3932998625639309,-0.6807700456802301,0.5976544395474866,1.7007276655091836,1.7540652790730058,-1.2333889855787041,-1.6865300596903368,1.5139435198983922,clase_3
5.562391539845315,1.166417960070424,-3.3244993656240895,1.8816436310167113,0.5753752587032478,-0.712342401769656,-2.1860997727516933,-1.2732492247160039,-0.6578408995551351,0.11504734778504278,0.9088890363692873,3.131425257471286,clase_3
0.13734247954106635,-0.750936379181388,1.0116751145511556,0.7880533544762597,0.2802607512105079,0.15097264096969387,1.3935279519164618,2.122029902515001,-1.0014150890303917,1.2838525294856258,-1.748713037418722,1.0109318799200095,clase_3
5.193322439564253,-2.0471699318099645,0.010062074945362487,-0.4466601290978674,-4.122559918233793,-1.5771294741623019,-4.207256884972884,-6.300818705429824,-1.499848591820063,-0.8802672047090812,-0.8373820843495747,-0.6228853956026821,clase_4
-3.514431927682157,2.1933709925041582,2.2955065698069728,1.4159622936870446,1.1006466224385851,-1.0380335195906656,1.7978855263650175,2.7463782558406695,2.4710148245746173,2.7079090449684786,-0.11417026776048074,2.169042754928954,clase_4
-3.7524767858363552,-0.06343039532207528,0.484202976230376,0.24392206150519413,2.1511648169895032,2.3245341440083003,3.024769883376633,3.705618554954391,1.774261817147013,0.6449910381801989,-0.17973251401012086,-0.4384633603403756,clase_4
4.757670491894053,-0.42150354648662436,0.8873895688398401,-2.1135474598247477,-6.036152242817341,-0.5368075310727358,-4.6791706453831186,-6.7947502067947445,-1.8573399366195582,-2.583283875661653,-1.3537827607914814,-1.3682718945564247,clase_4
-2.9141785930900035,-1.4354589980751358,-1.4257165799481253,-1.1392069745340059,1.2552323497123659,-0.32164821174351954,-0.05981626443096422,-0.8349102981474521,2.4035563567459053,1.661469946685075,-0.9246922305235321,-0.8866647721696906,clase_1
0.3219206027479571,0.6335327344546349,2.1276637661901154,-0.6129570141525829,0.16243386339702803,1.6992698778765813,-3.4789286752117494,-1.277924612316029,2.09992210956717,1.0993155524494684,0.8143398145678733,-0.7468800736779762,clase_1
1.9977890670158736,-1.102535596137565,-2.3979540853451087,0.06828463222884196,-2.354894092056476,1.1914253372657173,-0.98438568333056,-2.5041616901852635,4.259618129969014,2.6639786497088114,-2.0771596593008277,3.8945025597222322,clase_4
-1.6553567878243942,-1.0517824388553756,1.3140669864900725,1.8875869263200402,-0.6015246023546812,-0.2799294850401157,0.6717390048679217,0.9185629899029706,-1.5100270647316474,6.266905483887694,-0.7940837066054469,0.3225143800591972,clase_1
6.228686974518529,-2.74132797684673,-2.188730090930287,-2.8618014514235295,1.547673947554094,0.9788539829733112,-1.2276052474609167,3.5475834153306782,-3.686797535780494,0.5434094611047278,-0.23187797506123262,4.09366237299747,clase_5
0.6265827234442077,0.8280425793652695,0.9216494323605213,1.4256612968490783,2.03442755851088,1.5176438461575685,0.048258572171781644,2.2225898448505235,1.007561065895324,0.24945445470771455,2.096161276050951,0.8893754568055301,clase_4
7.6067363268606245,-0.1375843863119931,1.2566157317743019,1.831240126196554,-3.5427838008802857,-2.07089168421025,-2.1008860292742133,-2.621378803807912,-1.168069302687875,-1.530489232975275,-0.41085719913647445,4.108461105897116,clase_4
0.6639907204688857,-1.3711709864707307,-0.22461777308256264,1.8677431175378922,-0.3152995916838611,0.9622849374486926,0.477547334028692,0.5653223087822588,-1.3124542778075476,3.693997637619054,0.19267992984947224,0.44161432939575773,clase_0
-4.991501675685673,1.7465403967229183,-1.2182776505485198,0.3133071039581604,-0.20243347949401808,-1.2586462093726287,1.5623231596117788,-0.8414340730929917,0.48020040269064523,1.4710020772757555,-1.7871385875844514,-1.9030480869941533,clase_0
2.2409029845219384,-0.6366764107211065,-3.373645421889803,2.2561154788463984,-1.539098700032784,-4.169629710155432,2.01967459403369,-1.9833682764895775,-3.459348139778464,-0.7870299764307349,-0.0010711335374141854,1.0048343304579899,clase_3
0.7753400250666459,3.126324381299459,-1.8528716560854532,0.17094148466981762,-2.5583072534625995,2.3942090159776686,-0.24856628108489975,0.30933219068989254,-3.19348343035631,2.3674942354302706,-0.7419394537564759,0.5442819913475119,clase_1
0.28649144236739893,-0.08947776841042332,1.8302782167008347,-0.9349615458016103,3.0327477668671747,-0.3484539080643245,-2.768078231208481,1.2267212538693841,-0.9931483291496392,0.9779673316031048,-0.6161481288926278,-1.1262483030542325,clase_4
0.37519004230518144,1.6639120160817302,0.5807342252019598,0.39851091025126184,-1.731973171678885,1.9210504821330325,-0.9353465884720786,-0.582396550439851,0.661988991706715,1.2004449626181608,0.09011042923108632,0.5201654134999314,clase_4
-1.2320656876463048,0.7205505239650134,-0.9369016213482304,-0.4170896469758687,0.35080641288564374,2.4601252410576473,-1.485456098257389,-1.177580286699457,1.0195159354570495,0.640430276964956,-0.1858056100997783,-2.2133606721309027,clase_4
-1.4348880133354134,3.0019967243281993,-0.47814465915722226,-1.9760742232039585,-1.04648883953767,1.0266197558708727,0.2848505749338578,2.1042309008940596,-0.775094498634058,1.8090658378570976,0.6373330412721927,1.8910593957572581,clase_5
3.9696752483800046,2.2562646915521656,-1.5946736234924044,-0.26919731141163106,3.6029599905422103,0.31604574114674344,-0.2743069007341379,3.962313388448895,-2.064222646440587,-3.3510961853073304,-0.3549213536992336,2.4913347294655575,clase_3
-7.456183462497243,2.39466344142327,1.57086081516093,1.8226649045671532,1.6225103421680203,-0.877841866144383,1.5234376178029694,0.17484424682025038,2.718574998226588,2.5895664956609625,1.3789112430016826,-2.9179984972864075,clase_1
2.31619892165899,-0.638995699861442,-0.8462903732094078,-0.761902420649002,-1.2818430143838073,1.2398655789779285,-1.4123683886513745,-1.5806367987527523,-0.8949769185852581,-1.0462182907846893,0.4245485997196691,-0.562381567045521,clase_5
-0.06486593642765824,3.00079316764588,0.20464048336271135,3.043681499368997,0.03792828991789321,1.6294542568842643,1.1981749224173408,1.4055423179685826,-1.390421744223992,0.28062154547651275,0.5906880448441909,-0.4073898541446089,clase_0
0.7911720821248693,1.1343603412037466,-0.676151770586185,2.499381394635999,-1.5377963994088497,-0.9519690001278163,-0.6985202352899117,-2.814671574381979,-0.2671669430347221,0.8300544705459869,0.44108266186040374,-0.4416876279229578,clase_0
-0.2232463408395492,0.8467245684417872,-1.4379618750757417,0.671605080392772,-3.2542169527821256,-0.11780926427907468,0.18065567206182398,-1.625640131802178,-0.7520789836159507,3.765149862303635,-0.0863849843514986,1.4279441384135445,clase_2
-0.31344067701464806,1.0811667437110934,0.391211006158392,1.915142791838864,3.0418500511548503,0.5729164899526984,1.080801650616968,4.514745916034027,-0.00285140022753938,3.8212372161775825,-0.4983229729424129,2.832322670279754,clase_4
-1.658266863624028,-2.5035181854231556,-2.4106507113804874,-0.282651157097471,-0.6988202840409095,2.3277362328484346,1.2244021944925212,-2.101305771474763,2.3372763699340604,-0.7980865144877278,-1.6171517144400436,-2.303198772691063,clase_0
0.8987551731870412,0.2257836965468854,-1.7559391042185357,-0.8669845732950809,0.2780313696298641,0.915267090771595,-1.152564754542262,-0.1895684866885157,0.3421334786044635,0.9480347192856313,-1.20430893253951,0.877091560851893,clase_4
3.7343496069859086,-0.43301211346044827,-1.66352614715136,-1.354630780420641,2.1998278463363574,2.2576545140766653,-3.329819004554027,-0.05499758428369523,-0.9077539708183435,-1.3698280684816526,-0.3789840740581913,-0.6323048567710323,clase_2
-0.2890663126890473,1.3553104751143528,-4.195338921862841,-1.0057934233953467,2.1532759699839876,1.3212805540536148,-2.9740977493354235,-1.4139065906779245,-0.7913353383285584,1.8321966486517522,-0.4202640311588286,-2.0091981437463238,clase_4
-2.5806003128717916,1.9718934139730477,-0.8640538260171736,-2.433861574003277,-3.803354216397964,1.2753058403436157,-0.8662046190964418,-1.8741040202132788,1.0184425940776305,3.070303097405171,1.6953634941799354,0.499170893576951,clase_5
-3.133231205629952,1.7658274925134634,0.7817098159580966,-1.13585292083591,-5.034520096014056,1.9930129057083055,-0.031489698357173856,-2.039052374661806,0.6176902209622053,3.362592637088838,-0.3381867169824685,-0.5221080467961251,clase_5
4.246510269238105,-2.5903011152111954,-0.5694145061552911,-0.5130187231889758,1.531167279512097,0.807373801107057,-2.256690899084776,0.8669971659032687,0.3687588565003648,2.041988955153255,-0.7813576956169462,2.88447576182738,clase_5
-1.5611531581267497,0.893487302418325,-0.21805857802044398,1.3072780384666807,-1.936557772880498,0.9165775967480936,-0.03992145475109099,-3.0370372912166896,1.674923935472202,-0.4156535023916639,-1.808342054024234,-2.1347398470238117,clase_0
-5.789731963161114,2.8964676510521565,0.35865147100768136,-0.05983106833008611,-1.5123743670843304,-2.497132582427386,-0.37689081411732506,-3.158014893601946,1.8754577165546795,2.0240841257791224,-1.2843694083091741,-2.226810250377542,clase_4
-2.7260824780764827,0.9851280771559874,0.49867556828170523,-0.696461553087478,-0.932129620684559,-0.6360008126321735,0.08669760457409714,-1.1658981962172046,3.459248842053092,0.6446032216926412,0.6984327820629752,0.6406831130146837,clase_4
1.810609367663201,-1.9852654474140492,2.7231336224369507,-2.826898593797811,2.120358574452381,-0.24761936015568964,-0.6000827779816911,2.3607734821338604,1.8781453328772364,-3.9241212104127277,-0.26552286143334874,1.5718736256025028,clase_1
-0.04002633956447227,-0.5661005506031462,-1.0001418908367066,-0.4730347423457256,2.1250867084562435,2.6394391030998685,0.32041195894897584,2.049546390859697,-1.0116783966200764,-0.5195222847916243,0.48688595030057186,-1.4816034695997637,clase_0
-1.9246506231578275,2.3040505526205077,0.6549228047472353,1.20313602642146,0.9308696319613247,1.5534328092706728,1.578972998098999,2.097599309470147,1.957981859416204,-0.22543021073444158,-0.348308395044006,0.5691029163615908,clase_3
0.9752395332059894,-0.5151104037224268,1.2399265221401723,-1.6303333337235126,1.1644458935461401,-0.9918004644150997,0.6407157225655653,2.2622029854396715,0.18120962370986504,-2.5740027322790766,0.12476386287738533,1.7170798274649497,clase_1
0.42969773570027997,-4.133643046291704,-2.912294148271341,-0.6442260499605595,2.6603607723433678,-0.7290044844774362,-0.7689056283233652,-2.6057603233520825,1.898716874076588,-2.4158587482999856,0.1812711595140552,-2.5184627712805554,clase_5
-6.580176467082319,-1.5298162691823411,-1.1557513796914172,1.0578839812287208,0.1626319317213123,-1.6050712379783263,5.44066126995548,1.3462335211195946,1.4751896745646589,2.6446716155360055,0.36358427384619,-0.5691999472205596,clase_2
1.1751463357137901,-1.4691159782706988,-0.36474656897826874,3.2333712760031714,-0.4233530868519959,-0.5585078036403522,-0.5059925938279715,-2.9715758006934747,0.9836179210932029,0.9097552925318255,1.3089894097291122,-0.9528356983187973,clase_2
2.8173456745689514,0.5936231702469106,-2.5986628571578034,1.0855257172094115,1.6623550353731382,0.019899631054965727,0.11210057007932561,1.5183465951646422,0.13489669423376205,0.537273253235251,-0.22139825818509487,3.2734568777833193,clase_4
0.31429725546662884,1.0458784894952668,0.21597969441050668,2.48665011980986,1.2378415547978705,-0.46847325083164026,-1.4073838850320954,-2.856644298949138,1.5384718405562334,-2.8901456953683677,0.23018080622921966,-2.8651650810010905,clase_5
-0.5120198386253777,0.7507283335309475,-0.22742175944289839,0.4855056084500222,1.2293897527979514,5.852660233749125,2.1409758391302045,4.362909806175581,-1.0483084962734825,-0.08053703002673229,1.7634040459185218,-0.9259065880616303,clase_0
1.8249172331297865,-2.2754814052336885,2.759634907389662,2.216285412859699,2.292224536090783,0.7591256955846828,-0.3514113337461009,1.574544602224995,0.5370012264641212,0.48431186592142794,-0.022677525487341064,-0.023867963817460147,clase_4
3.8424484810061816,-3.4024257396734905,-0.4017438600013185,-1.5535857657210768,-0.30819595206549355,3.453460559824677,-4.2083453218083315,-3.5304276070568945,0.904743305346996,-1.6841949362301467,-0.5493833839499502,-2.681393018488208,clase_5
3.5892355828356237,-1.5063244856728637,-0.4972460225929609,2.2700439090916817,-1.8214705728170306,-2.5007518964910203,-0.9534593696325306,-4.334124615053089,1.7230677404276908,-1.8598027358712912,-0.7174986020844216,1.1508429487043526,clase_3
0.8638333009299638,1.0282672036825369,0.8072375815334273,1.387566125893836,1.1738742658920989,0.11614517381247091,-3.075493083631219,-1.6673746135357095,2.2205111397803377,1.4910022636812135,-0.4112799243305384,-0.013944919894644081,clase_5
0.9452700286499288,1.4140788509480375,0.9508590629802712,1.3719695476437441,2.0429438347621085,-0.5074844314097149,-1.1568271131231465,1.355041960653819,-0.8391981276134381,0.9936520365643418,0.388214991591073,0.49738835273288096,clase_3
-0.6582668924012482,3.311104195233427,5.918785993821264,2.08019937457218,-0.8620959910973893,-1.3943035341449925,-1.5210051036840695,-1.1519893724386419,0.5323384251836758,-2.346970274133918,0.8467223387708436,-1.8988571877301672,clase_5
0.385851716902194,-0.6360748383456891,-1.481824851371461,-0.04299889867108553,-2.395687781159448,-1.8679821554050078,-1.1355833655050724,-3.9496998263229814,-0.17894510928553153,0.8039697844683182,-1.2314995772215995,-0.4878229183912952,clase_0
-6.745647019634754,5.923761807710288,1.269963180328001,-1.6317950301476871,2.661280023880111,-3.036213807112733,2.2015772067916206,2.431821941364421,4.201250712274636,-4.099264041321411,-1.275870999901924,0.35065729070356966,clase_1
-1.3740217344581827,1.6954369517483088,0.6560917250547363,-1.2247136380510757,-0.4865178654601028,-0.16947630371132338,-0.9680594903468042,-0.4785163670060176,0.1622696140219504,-0.1266477932583192,-0.16596173147292473,-0.6824987426373401,clase_5
-5.600857495928205,2.17439280544067,1.1802312356203546,-0.5597911102857375,2.9103631414100075,-0.9387845745346021,1.1304417719542768,2.1413326436590787,2.836213015008731,0.5642795049435607,1.623861412322142,-0.7786853640045954,clase_5
-0.8521153837648973,0.2761302079572469,-0.08078740210370117,-1.848240301046483,-0.9483023859632982,-1.6705924678082498,0.42136816428321205,-0.2870835246366865,0.5997357249456601,-0.9716783275637749,0.19392194648153552,1.0631620742539956,clase_0
-2.269332995338861,1.6575371248764699,1.622269791441904,0.6074932951446756,0.6429073517634216,-2.1406962201784534,1.16479880180502,1.5236961035030625,-0.766798857091701,0.6802568661716734,-0.9934335991331157,0.16331498968397595,clase_5
2.6922193303887068,-3.793202105862732,1.2859390657891452,-1.041600382323284,2.302380208218848,-0.5964766705255158,-2.398692776818735,0.32203568772206476,-2.4180876844485093,0.23364924682556898,0.8782139981549947,-1.4221541048455897,clase_4
1.2935263633491532,1.0147842955583548,-1.2305704675736515,-1.4950434081638566,-0.8609288476480057,1.3806319091108339,-3.31628408213406,-1.8905484181289998,0.46389571451762784,1.7074784378539418,0.26386602090294525,0.3185060056533762,clase_1
1.722529789667854,0.04309068457465004,1.132949592863391,-0.28535781221119055,-4.16344206348127,-0.8446985728112724,-2.88300162484523,-5.038874389841117,0.2771132403659316,-0.04557116899316338,-0.5710465778743417,-0.6939376922141134,clase_4
0.578485010952187,-3.431680341262137,0.9675621593517082,-2.042735491478566,4.093262368689632,-4.32427716396722,-0.1827925314563028,2.850390385447667,0.948463545018001,0.9061852106127368,-0.4304147086872844,3.3022524350227958,clase_5
0.878482857324556,-0.399799729767756,2.044058592318706,0.8105133393161339,1.0239521965914138,1.1937714312478032,0.790838551732252,2.464338516040011,-0.25474506401672004,-0.5975199653232961,-0.2702923176244952,0.501697464697472,clase_1
-1.9931819227779601,-0.39671629645036566,-2.260172194436911,-0.40865175011105714,2.1484991859675446,-1.3949563055802152,0.003709408074294984,-1.0186352127565772,1.3194069664405985,-0.5742688066237442,0.38213127589080353,-1.412670962533727,clase_1
3.447973693659907,-3.1897203344391087,-0.6319067347184449,1.3652909470233645,0.6877044982459294,0.19227020108434412,-0.9915388644115166,-0.5709534946225229,1.4738555946868441,1.928691792722728,-1.079161816904492,2.311633609279392,clase_4
-0.22527504004022036,-0.9262473547000537,0.002647606459672547,-0.2535276089363793,-2.6290206146586685,1.6838287139332355,-1.3794549634621514,-3.077239740679388,0.3977667120913393,1.320611999364183,-0.7395105712940526,-1.8757987807057235,clase_5
-2.7968811328352894,2.0168456147905713,-0.9750514317379098,0.3687735432258119,-1.8266591685843716,0.45541262389289,0.7361622405453854,-0.8654768017683739,0.8808451571971707,2.531744848588394,-0.5760251704766678,0.08318257584167676,clase_5
0.6206597378763764,2.540708396893314,1.4200467093432512,0.6498244844768579,0.8912761969252445,-0.4714598846151088,-1.811721493219354,0.9353468660267149,-2.616451453965542,1.1389123342352738,1.3542109252450831,-0.477027151382467,clase_0
-5.589119541861727,-0.8249793538731665,-2.4681848233108514,-0.8290738879105719,2.57034974897934,-2.046859169294457,2.703918228293756,0.540897470995572,3.3416762611898205,0.6422776974452015,-2.011981365705703,-0.47952956332142166,clase_1
-7.790362519431555,-0.7498001527397111,0.9710779637201552,-1.5186311230992808,-2.230351946008293,-1.4941876626876895,5.101468495682767,0.6945271595145907,3.0828499163975627,1.1173292590575783,0.5042572444841515,-0.1913729578364629,clase_3
-0.7575207010902867,-2.8568787365787163,0.07663749907239548,-0.8717946359289025,1.6200700431405621,-1.3512082710582554,0.2726059734443287,-0.08110610579713627,-0.2677787715463644,-0.7215268120216618,-0.8776965135165605,-1.5857285575133826,clase_5
-0.654367772853927,-1.0426652249564223,-3.4657780702236884,0.08394150566855874,-3.65484981868806,-1.9787121662306457,-0.6461637337738166,-4.331993977170734,-1.489880281739455,5.055552622542408,-0.037741796208600506,0.12241017658154163,clase_2
-0.5119995912434878,-1.0923311649616894,1.848823971320626,2.2003148253493476,0.48436623034427206,0.6391627074215211,3.55969638830555,3.6250568009726467,1.1830328168547615,1.29397231576585,0.954164514190924,2.6205176478564387,clase_2
1.1706918975694725,-1.0808599312276066,2.4551228211019547,-0.23918167390684236,-0.6965358734367169,1.8301978677774737,-1.1268866308206222,0.3345133140108298,-1.0767770994010457,0.457699624657085,0.3446093205941101,-0.9970395831985999,clase_5
8.313238009511656,-0.22732293262695924,0.270080885803468,1.0984127571147757,-3.7761571859461593,-1.2879231558061537,-4.3801361231409235,-4.622568387570184,-2.2998452733515844,-1.2650649199898996,0.8105949731485923,2.0641470908812853,clase_4
6.970604062901149,-2.0854457122450385,-0.8199655210218284,2.769222031419564,-0.8111122703265756,4.740814899787762,1.8854904418304126,2.241826724752786,0.8133088932240359,-2.356898800743596,0.8287404536855749,3.9976403129238056,clase_3
1.5032201207232105,-1.2502054451566451,3.0732800781887084,1.1053896656140636,2.9483698824935765,-3.3173363887959644,-1.2155439788899294,1.9156627239265396,0.6284690720475863,1.9597044499743095,0.9849501030058511,2.684809036889976,clase_5
-10.852061105229565,1.276662122901996,-1.8565654813831722,-3.2145802785417645,2.532414641792305,3.476367807406506,2.007926110774349,3.0133397904234416,0.27009478527496306,5.370146251475666,-0.2762103812003258,-5.084397911808034,clase_4
2.7556704972922375,-2.1822110432980297,-1.7256459377080626,1.3274342115965199,-0.3710514999873018,1.4295115767722564,0.4281595983292297,-0.5724562375920331,1.0954963421338342,0.29552976626106253,0.4915865075904735,1.540592311098235,clase_4
4.013440277151633,-1.661302660755037,1.9035123556997038,1.571247375389365,-0.22313231613294876,-2.732730274809404,-3.6381289004513286,-3.929724929897909,2.890190143365892,-0.4017688892649032,-0.2873588741496345,1.5459965942835516,clase_0
-0.20857640324996146,-0.6241635969762133,0.789012505575217,-1.0197361685966684,-0.9470466052988269,0.21729155653926863,1.3190798328986095,0.9160474412449109,0.6648630722709996,-1.0985878272474041,-0.5910457207268417,1.0604540057017435,clase_4
-1.0717035731064715,0.20345144286753003,0.24684943542782473,0.6846563529622873,0.19224721694267166,-0.36204454619867343,-0.08669149013565036,-0.7295862485357075,1.782466415230883,0.6392215292573891,0.24023062577044763,-0.016182758495601024,clase_1
0.6443234236278883,-1.7506117779500547,2.7640121549985643,1.5852519971610892,1.8642804263823627,-1.152320512315261,3.0364979805805445,3.098785746693859,2.666936341810096,-2.786032010865589,0.7471865901250933,2.5971844783303224,clase_3
-3.358859508988175,0.5796880902947383,-0.803765954048048,-0.29155207371970887,-0.3672615152107984,2.1164221660091993,1.0426476080685867,0.4648818961608662,0.3989301004137851,2.2144213713719454,0.13074385901824978,-1.510477555620429,clase_5
2.9289262720709206,0.9407138981834684,-2.140745299745023,-1.461799659641918,-0.22850946071786898,1.6007416204113483,-1.9292786222409701,0.17958446179548185,-2.5860817794223534,0.013703215179382333,1.8062822963825986,0.5221698389730133,clase_4
2.6081643293380297,0.13370892528956646,-0.8278656877487363,-0.2213518829060711,-0.9393939902729744,0.8321733641301927,-2.9232805007956175,-2.1919031323818556,-0.06410571240670793,0.9619760177868051,-0.7296578822941202,0.303685699065553,clase_1
-2.011854348720547,1.893548779634519,-1.164940233671771,-2.282483881721265,-3.328209354304197,0.06429194169375596,-0.9050801187780335,-1.8714219604410571,0.9551159245608288,2.8382918340622023,-0.8003406320359496,1.231747346972233,clase_5
-5.596139343416678,-1.7080355794419553,0.08354564159701539,-2.1107688229061035,0.5610782761942121,1.5455090818218906,3.602121240433452,2.9231744966204576,2.747452612609117,1.8251586489690934,1.2913307290649598,0.08236694744136364,clase_4
1.3021279181395053,0.38844159570619885,-0.9482138764011059,-0.7861229345434467,0.25421261275308005,1.7565772562301496,1.284681456729357,3.309038025174334,-0.029661365979389953,0.8482738552113976,-1.14506791648254,3.446576625138471,clase_2
-2.563025780846836,0.8163433072886263,-1.2109089056606306,-1.2847097219509833,2.8797794579885583,2.903678457473987,0.7478368729691914,2.4627575904540002,0.9622713945557977,-1.0411450277630079,0.7237994164444209,-1.8171373196012157,clase_0
5.403200891807324,-0.14093633507939762,-2.718651341287667,2.1304872021825103,1.8468114282903814,2.930599820122488,0.8839384810085102,2.0578265404935983,-0.282393717178269,-3.2219316196282204,1.6424192459283222,2.165515856061715,clase_3
2.7787007690613046,-2.318668607999014,1.6726201431523136,3.2683978140411423,-2.343535132411362,-1.357245741517989,-2.013239175534678,-4.196541776052134,2.0992394068343296,2.9198163005508535,0.4220143594106939,1.1793498395464572,clase_0
-2.9421883092105,0.5481767638354669,-0.5143179363998194,-1.5157140754704386,-0.48950904404303824,-0.971135550357352,-2.068412763653173,-2.4915557243294546,0.5183442236740556,2.7038888015469675,-0.4506681775680075,-1.9046498024083527,clase_0
3.4398897004712543,-0.025363458592000843,-1.2806593398740116,1.753827353243593,0.8834656824491115,1.4003767692097575,-3.0061712404197696,-2.7489112684344774,-0.03359123125486607,-1.3319495866695028,-1.0414312698645425,-1.8173500107336154,clase_5
-4.388728104166615,2.5732906659163266,-1.6183039391139302,-0.2586957071026101,-0.6998167474601686,0.018124730315500215,-0.4169139634838927,-1.6775426532372584,-0.46843697505082704,2.786211605340748,0.3345576345378801,-2.657075570888252,clase_4
-1.062125931149172,-1.724346853308317,-2.72360175774093,-2.0326724134935907,-0.6212913116983565,-0.7918805375574751,2.253498708253169,2.0758842736149745,-0.8333821794904044,3.6137112375942015,-0.3278153102393581,3.242540476333649,clase_2
-1.3443527261738542,-0.26103404563660937,-0.4546160888644701,-0.7700685412049331,3.474786910724993,1.1836033812987523,-0.8249817698338222,0.6781895201489362,2.688151551065051,-1.463862626242552,0.6394280421925499,-1.4542617445067387,clase_0
-0.48600346478021245,-1.0055329932526156,-3.361532562700649,1.3291460224925695,2.9957444158271462,1.7077002304548448,0.09587159747490559,0.42854672930938215,-0.07608360142763815,1.7548515925870916,1.2498210970536792,-1.5577622652172392,clase_0
-4.777733047634689,0.7151680031385996,1.907881232698781,-1.697440757725159,0.6259204394554433,-2.8389728389363516,0.6786379235624183,0.12014626121094181,2.1886259424990984,0.0005626627322805611,-1.2855655937111106,-0.609341332035096,clase_5
1.1959815199632848,1.8836574575257445,-4.686753192261324,-0.33549491063880454,0.8608276065027124,-0.34422956160834456,-3.2940263022749896,-3.609996728151536,-1.2334053158925524,-0.33657350466483127,0.12477857967741192,-2.1136765615476163,clase_2
-0.8597983851496676,0.10885324815484854,-0.9112761512051418,-0.9856255020184137,-1.9108350475153515,3.3171808637162217,-2.9404633048568467,-4.200816723615426,1.1774849923296997,0.33804354573062767,1.4356771037997966,-3.9478456759312035,clase_5
7.961125507421998,-0.8409159141875955,4.276677206062026,5.120041083235948,-0.1963271402301946,-2.4833466846339625,-3.773536123601409,-0.4067942787674635,-1.7411458610088844,4.2542324305298,0.8265839651372482,4.601800795851365,clase_0
5.1601973645027694,2.6236254807348294,0.20549283928344675,0.6621398252037712,0.04848862604436832,1.365605388747831,-2.97686359916729,0.23158028298891006,-0.7523547995464506,-1.1628702664351325,-0.9032036088954514,2.309263647937928,clase_3
0.33259968126282735,2.941565170927137,1.4823988167854882,-0.5437269583602794,1.1687853375793866,4.329410658987301,-0.27290678959527537,3.8373282527366515,-2.280695778194624,-1.0901856421268334,0.15213371886411586,-1.106689488237215,clase_0
5.639590563111817,1.8938612100059353,-1.9686783538162933,1.6731892462750197,1.598879774263939,-2.838886844942074,-2.871219495017283,-0.39712656354455633,-1.7689303260414773,0.386108568378865,1.8907298485940296,3.6686374944205298,clase_3
1.7152720186572827,1.058382070252247,2.2348418752520818,-1.195229403675337,-1.289022742474093,2.239757704697082,0.5620742279477425,1.3391259154526136,0.6562205895738722,-4.784726874577495,0.8181755254714744,0.5944524436848594,clase_2
4.54800003118026,-0.13889151998167037,1.081607871284383,0.11832120007076596,-2.4645758815989103,-0.1969677237188895,-1.3432012688602404,-1.254301793129671,-3.154113918510313,-2.1731122073077063,1.3449596661741487,0.32855021378831584,clase_5
-2.30109476648013,-3.658075590021764,4.3595813615280425,3.5633936315167105,0.6472882274978062,-5.132147041690155,2.179970545049456,-0.06570431424102874,3.371437528421244,3.784270420633165,0.22481673669147476,2.0803969021855035,clase_1
-3.6889326496100696,0.5296517755573082,2.4178758177042416,1.272365169551855,1.8136534840489056,-2.505852756582339,2.162738363726733,1.9319344713081175,3.548653357202454,1.0174602766505325,2.8906429903991375,1.640393197149546,clase_2
-0.9932459391477826,2.9484797553221025,-1.0068454497250672,-1.7706904576370326,-0.1413949401016693,1.6090358708479175,-1.304428253362168,0.7445872501780875,-1.1427683327427773,1.0894317437279986,1.1031739387936397,-0.28983171902289295,clase_2
-4.372051224302188,1.1528742261471454,1.4928122412841716,-2.4353913774401983,1.8483115393397318,-2.123261495781922,1.6430309050077645,2.5149948810001415,0.3390895471713222,-1.5826190186204836,-0.36240243368808,-0.6909254089812769,clase_5
-1.327053015490905,-1.54044376956601,0.3653833347613116,-1.8301647283252567,1.7581304264847553,3.342693266135244,1.5876107727146171,2.4489188781138007,-0.3938351808336062,-3.5279537378824593,1.2683586114960674,-3.0220497567874043,clase_3
-7.982634399280476,1.4788737151474007,1.1893963133557848,1.6058641848335102,-3.6051243682475764,-2.324118899763567,1.8394706906858247,-3.123972258710493,0.6441217052075107,5.824484312861503,0.9308732890656916,-2.8756968790600643,clase_0
-2.2014279096957408,0.025801509693339386,5.389866007201451,1.3966650152421434,0.3892621328720707,-0.9725248415155479,-0.6786496776223594,-0.6287025421909291,3.259250873792669,-0.2976227613760079,0.7852553595715474,-1.3110644852021605,clase_5
-2.0644203077707646,-3.362782637797376,-2.0194091238579945,-0.9189503367720693,0.9763344102150657,1.4084319412562964,1.6673471844927443,1.5988092735438986,-1.3662436465169898,3.704387674164839,0.30193063500302136,-1.001576557541187,clase_0
-1.7227920008072706,0.7025652229520745,-0.41790681805488644,-1.6516947244740021,-2.299342048433221,-0.5365512592353348,1.3481367883790605,0.22626745723280575,-0.9118540483144455,0.8046010290700957,-1.2988035540518614,0.7686905562730963,clase_2
1.9092357150009696,3.374362898738677,-0.9462505235647993,1.3766000974941643,1.2528763932904727,-1.4295556928757336,-0.20571511357826827,1.6646616788702284,-1.670135500568931,-0.24072560620920552,-1.6758401645518477,2.3808829744177284,clase_3
1.6086036131644308,-0.5366146682089683,1.6282960007667286,2.545306104223706,0.6373249656709047,1.7922080736236505,1.0701192949748828,2.104239084836738,-0.9048546533945991,0.40097403426968653,-1.1804984869976387,0.315542207287809,clase_1
-3.930537405181197,2.509197106341377,-0.22622804841714217,-0.670491455656955,1.6989777287299175,-1.4703355140979484,0.09856807222763164,0.8384905834450594,1.4741719551174386,1.3925768308300954,1.710808544114316,-0.060834585781633255,clase_1
-1.9211229887819132,-1.1120478354296606,-2.0100081814386694,-1.5503361524431576,1.8785524454789824,0.047179047489721904,1.2107601337385239,0.031699836026250414,2.076991521654879,-2.8547267907217133,1.7459036321856196,-1.2685023396629078,clase_0
-1.3963640767020795,1.3664634171264265,-1.2987702915912023,-0.037631514228555596,2.879638471058473,2.7633359934983437,0.6275492702593679,1.6825456596447828,3.764676269156239,-2.089165445463414,-0.32641762614809505,-0.10230304717305194,clase_3
-5.09672650878765,-0.18984193265790983,-3.4869105175042785,1.17049053712394,0.9504214944738022,-2.6705868978313045,-0.6571326583676511,-5.190117174192336,3.496499006844523,2.2317796848300406,-1.19944625795536,-3.402452619793264,clase_1
3.759673020067494,-0.7250833007868155,-0.19749519937624505,-0.22729664994122556,1.5393711302280098,1.0750912695701313,-1.3362110331480033,1.2258493751159545,-1.0534405824265916,-1.4359062213140672,0.3205064125986378,0.9395126284559178,clase_3
-2.7901506305036876,2.6610897400968314,1.6597873870195226,-2.971459860408719,-4.106314220489175,-1.4531631742462114,-0.14778341023156083,-1.285239228232419,1.6833167038232189,0.5603688868323495,-0.26216392012514006,1.7983673453994864,clase_5
2.5230826041017127,-1.903621079326626,-0.6046971030514412,0.01578195590233844,2.851417925325223,-1.5475095392990923,-0.30394016245689204,1.4154414499870134,-0.16701634406202337,-0.9172336388064717,0.3929073590143916,1.6443705554524444,clase_2
2.8556090521903355,-1.4331339784727173,1.3783973707130477,-2.6809456927279003,-1.0985110440390566,0.7701390529924319,-2.399878592346676,-0.31080584806421174,-0.031221328499151157,-0.5221701136036023,1.6003972988892943,1.2899477090971747,clase_5
-2.8220560412112143,-0.12495780297164949,2.605215499126973,-0.8989004403679219,1.5144598836303684,2.3101492521757274,0.6418339813809801,2.967709114857438,-0.6319445456532214,0.7395924288797062,0.7203574983935084,-2.2307970666449064,clase_3
4.6291438426727565,-2.575904405094499,0.286263742985568,0.04656540560785427,-1.4733076501835316,0.6592599344692246,0.002285428960096536,0.33958790475934925,0.3864926333875215,-0.2693986768378065,-0.8080534290900372,3.5704768598279024,clase_4
0.4343813850272726,3.092122785051769,0.9549709171218603,-0.6701138413788288,1.1687057166435062,-1.0224812671839385,-1.8992521197695371,0.8583980267551428,-1.2572963437171076,-0.6594132910146031,-0.6133756284731867,0.23339272348896295,clase_1
-2.287946348187301,1.4478777184159857,0.7203234240731544,-1.6374717326769506,-2.4049299727916775,0.12733644718638437,0.3164244590563863,0.7118024583127539,-0.7353539177630133,3.398439661834468,0.1676501553866558,1.1969298664658912,clase_5
-4.496368625375962,3.589397453030056,-2.3763494583007567,-0.440809797110728,2.68370791580691,-1.5080096509877328,0.3362469659894905,-0.6241885778414709,0.1561385943822099,-2.629204834730694,-0.005722840904920714,-3.648749894693557,clase_0
-0.8536530342473139,-1.815328739700908,-0.9756874662816688,-0.25253971796731883,2.0589876159371716,2.7124869636556186,1.2914586518484543,1.9776936811240138,1.5537442724264199,-0.005030830782943196,-0.31611628063041075,-0.44230574929847466,clase_0
-4.434384622973014,3.6981967240365368,-0.3804756862939002,0.8095866497183645,-2.236704082649849,1.1109275343071003,0.06321533699886928,-2.473797342159509,0.786533039589491,1.1892108683810072,-0.2314180612049924,-3.0217847997994074,clase_0
-1.4241459483295469,2.785258485755885,0.9492266275592705,0.8440874897244766,-1.9361665313428815,-0.771967931718734,-0.5557536648045294,-1.5795395136578472,0.3621302496608492,0.986736470400227,0.004529291051558021,-0.18456646898939355,clase_5
2.0318101037217966,-0.781096447758422,-1.2419055295303096,0.7812850747119504,-1.53225846819606,0.25681498624590204,-2.0508308092343928,-3.4801024085087215,-0.19584494997650392,0.61779415082109,-0.7496669509459138,-0.9217525475872387,clase_0
-7.481703766369466,-1.2380888678220168,2.1734320999333123,-2.66937669531296,-0.19134104879652536,-0.6002787901628113,3.9369634420792696,1.2324702826629859,3.768869568485047,-1.7067355776016426,0.05465612091269875,-1.8835663493787067,clase_3
3.587552339950198,-0.43480474210918874,-2.9522059110448557,1.2904532525600398,-1.900667133139981,-4.033703987004891,-1.4956797376360729,-4.4525611454413285,-2.8746074075505934,-0.46120394608737836,-0.5739346330742002,0.2387719567867383,clase_3
1.426656576983382,-0.42635680897424266,-2.226072481547182,0.6359801333920706,1.540949902930984,0.9106439600231354,-1.8955598263595943,-0.7262928498385554,0.6761632930441307,2.2227634557355103,0.6647630897243626,0.445841098544523,clase_4
1.904883535999454,0.3359694757643663,1.020239222069947,1.830248987637013,-0.022257427771791516,2.259734370583683,-1.0753954238652959,0.08430050975245358,0.011880870708518287,0.7622060143463262,-0.24132138793785318,-0.11956588791945344,clase_2
-4.429263065595071,0.7461551711219575,0.9990360246210488,-2.1167427710043656,1.276174414376141,0.654427256396148,2.446903200643813,3.647444693851873,1.321249030185899,0.3436657064096904,-0.10875102283361787,0.3598902500133433,clase_1
-2.6184183691435248,-0.819982176705101,-1.99924925837084,0.8104947775538436,1.695837782718241,2.260089556288153,2.232297874155884,1.7604566514518336,0.6509186195551038,1.7607631353086821,0.3898476493774196,-1.0875341604049669,clase_0
7.097601898774598,-0.6469002210258027,-1.3051534268619431,3.8815995924715843,0.22084946285021112,3.7957666311291804,-0.479170773330551,0.2262512860823569,-0.1228252219267627,-1.8819010821091073,-1.129888087902751,1.8941738649582782,clase_3
-2.98485250630288,-1.025757110446379,-0.10552381667228705,2.7350150455055937,-3.6041635756384025,-2.5873790500727467,2.0443960671719044,-4.135103660305203,0.4529937232804875,2.1448553949136335,-0.5685393048890007,-1.6986198503434053,clase_0
0.12398906020579813,-3.22008495822851,1.9000260479015105,-3.9627420729165026,-2.358704921004681,2.613644868965179,-1.6897999235566212,-0.3299779629155385,-1.2100808228346112,1.6173971664412659,1.3170586779673645,-1.3352686951858572,clase_5
-2.4701486280012395,-0.6222225076155213,2.235090481477916,-1.967771906447599,-1.105110483809083,-0.145013002345595,-0.3602133039131039,0.07634075414957824,0.5481154611112435,1.833137374383066,0.24846242113129152,-0.47798380156643416,clase_3
-0.6782617995083273,-0.874215970486435,-2.122953107443606,-0.07008321130558748,2.3656630913695915,2.7916435626779084,1.0927302348112649,2.675136884031319,3.8041765764764115,2.44963030749573,-0.034313330749808996,2.80518368589766,clase_4
2.1413923174814236,0.13832769506078924,-2.3835582433657265,1.3179021727368505,-0.7342575782600945,-0.7282001551495613,-1.2506864675682314,-2.5121062438865818,-2.363705778246146,0.37932957068544115,0.35855445988982093,-0.9728117824758953,clase_0
0.09473768170100685,1.7684863640895208,0.7686330875444929,-1.8118276124672976,-2.2884774929393767,-1.7579386888395028,0.4551077452256356,-0.06130506152743838,-1.03925847547224,-2.0198876698906005,0.8158535100785161,1.3406355486762165,clase_0
1.480568559641948,0.6434232544289565,1.0267246027454504,1.887855240071309,0.32659152306133926,1.1413009044243436,0.6191253073659513,1.6965377605316219,-0.07711344513497542,0.3150602190627741,-0.4070318269460593,1.3804583418289813,clase_1
-3.9795134303799062,-0.29007085811656086,3.2586821889092645,0.21248812100810088,1.20996196628299,2.134787448884468,2.118074839669471,3.7216000050136255,3.0475253484212494,2.6924484633091392,-1.2209505709988706,0.7143711032883303,clase_2
-1.664047850310574,1.3703198860735322,0.7570520009588488,1.1265855401152691,2.0130948737462453,0.17852625824494306,1.8855712035326395,2.5735543372690177,1.9023060659524742,-0.7996633887603581,-0.14282663859515055,0.9359416460309202,clase_1
-5.822661574596611,1.9179491968102595,2.501003489845597,0.9306263581320042,1.279080330909905,2.499363965566027,4.564820576634205,6.128284202524806,1.1513365947835374,3.2291278157263896,-0.3933924379557356,0.8700641256631031,clase_1
-2.694047799786493,0.5923762380340456,2.3274032914427694,-2.1228411702636434,0.7346263881846431,-3.1445035071583973,-1.5573139250124568,0.14873904251178371,0.06210300741089547,1.980984145474195,-1.1032927428246264,-0.05309109423195035,clase_3
2.7272006552937915,-1.8624362951063538,-2.2093105725578184,1.2478694130974994,-1.122756398828921,2.7079434603632704,-2.8961260633355,-3.99724096881944,0.18688319642836937,1.6897844333158858,-0.18977829956798103,-1.9549702612758353,clase_5
0.703374759932392,-0.42018290949141857,0.10078170087963345,0.27863059320789574,-0.6018650884663836,-1.8917485485871695,-1.9230311274328125,-3.3429555241873055,0.6111341621430044,-0.7784647713652729,0.9011436305292249,-1.15242230924103,clase_4
-3.1069815843712703,3.491585570308623,1.0310358343848076,-0.6228333827217287,4.202841240644438,-1.142516611596347,-1.872948070760408,1.131666484744207,2.020033572124771,-0.8770237203311841,1.0397622896047818,-1.420916480828702,clase_2
-1.8441292718322344,-1.3366522014129563,-0.6427816774333552,-3.106404584606918,-0.17716048904962567,1.4819113602013088,-1.0122938543104611,-0.7351083642847912,0.5399271074599741,0.37667237522477903,-1.8960018949178892,-1.8951808003767734,clase_5
-0.7786955564638243,0.17363810034612948,-3.871525050810207,1.8613078010415356,0.08214512999258416,-0.7889676572473325,-0.5281581344918089,-2.63484942218868,0.3780776149909796,3.5436064083903016,1.259045004063905,-0.3254796290434676,clase_4
-5.7072304834286545,-0.4812671275407161,1.806358198031012,-0.14017814442220078,-1.2325387855781558,-0.28412603891547406,3.1113328371070086,0.9552006448230217,1.6040401362748005,2.499159036148579,1.010370850190332,-0.7852358195054112,clase_3
-1.5165101960518605,0.7312177773557778,-0.7297039641304435,-1.39139206290711,-0.6745214572260081,-0.2179690069479443,1.8618474658747701,1.2427916311977831,-1.0348168306009673,-0.9817036216303379,-0.6003566942635733,0.1657818873993967,clase_0
-6.464221539862248,2.260059563237343,0.954116591687233,-1.3735900050571381,0.27923573420944403,-0.13056945220957195,3.4114757028071914,2.7632780324286803,2.0466154881586087,0.29680855501408804,1.1227712402333418,-0.1061351384119591,clase_2
-1.5385769791842803,-0.7926033970682045,-0.3414073010781979,-3.279158290084945,-1.5127480994503342,-2.49854760969341,1.8195578701757866,-0.5398094431653538,1.0715269663422065,-3.698708624709024,-2.3214853420775783,0.7488630123401354,clase_0
0.5576973722584978,1.8538748659451965,-0.28025977703088595,2.4686141179386105,0.4833963078207215,-1.1958671188551737,0.45562946916306246,0.3591111641493731,-2.18921019672539,0.36536917668494656,-0.8860393883859076,-0.14043864974951858,clase_0
-3.615037759275881,1.6844095028423427,4.1487256024396855,1.8846139752946118,-2.4227913696054815,-0.802833931000087,-0.8655061415758573,-4.518516724768872,2.8145333830180395,-1.8920099351029314,1.1501286783936322,-4.464487270698494,clase_5
-1.6171821548948495,0.20202182268213137,0.6808969146679518,0.7782434926715451,-1.6850387623132048,-0.23160638314873178,0.1074404320319946,-2.1764431368844996,0.9788118090579869,0.28413262978233733,-1.5428221490372125,-1.460101997388611,clase_3
-2.085448454757975,2.3867591838045783,0.3767640803769495,5.139563815622982,0.16333905243111568,0.27979836115647333,-0.24893015644551275,-2.6501558707792983,1.8920238153672158,1.9069016363067737,-0.10858416178038999,-2.5088192198571346,clase_1
2.5676247911374026,0.8881457275532716,-1.780363351554776,3.1323926501020996,-1.6048412722205554,1.0853285404894533,0.17253436817423284,-3.6363697637111945,1.292625700411579,-4.165582710064966,0.7814289194655282,-1.3205493312957834,clase_0
2.646998982539671,-1.8396366473456578,1.3739196542964311,-0.36027674515125985,-2.7311107773217733,1.561851022069895,-0.19839523053682162,-1.5873361094764116,-1.3133163671690533,-2.9537388163759655,0.28029129196590696,-1.3859070573229035,clase_5
-0.7761672805446083,-2.4347205866090222,-1.0797150845268664,-1.6845101545214645,0.28372455291485055,0.10858122322620045,0.07795434597762407,-0.6462123293106011,1.9613234975541254,0.2528975969744263,-0.3235910712810316,0.12871078748176878,clase_2
-1.989995693592985,4.547524082635357,1.2700201160083264,-3.2448848879019057,7.470928640885952,5.76145861781419,1.3031166450901626,11.981984706508028,-3.081281861362836,-1.0506374856214011,0.5265477791536803,0.42145292664724526,clase_3
-0.3820603696199866,-0.2311683184043089,0.2339873967681858,0.7109626695735851,0.20802821637949243,-1.1414352894716568,0.5913170475228697,-1.5573423146886722,3.3543462985954973,-2.9664323072561585,0.24552817205616823,0.050952103875121835,clase_0
-6.465579671518617,-0.04091379970194098,4.003050709513247,-0.6734487450686928,0.8237433611615045,-5.6509577198860095,0.4119416110337701,-0.8266753194253693,2.142751975825743,1.867214021282139,-0.018166881405454506,-1.4636877385135152,clase_3
3.203980024757455,1.104912677627155,2.61528251607629,-3.222410217536412,-2.0651827918370183,0.888157607730296,-2.0362952653674222,1.4870759774231588,0.43471200258277726,-0.6850107755497592,0.5231600334021624,4.0981496135208255,clase_1
1.22830497202893,-0.5747956739377588,0.8821802014883987,2.352563506110046,-0.8595994682189003,1.9638325003092822,0.8138415982226347,-0.3573786397410247,2.005224071116366,-0.497086269400297,-0.7068534015143436,0.5085030888361595,clase_3
-3.1922368784135338,3.040297551214967,0.76673047264021,-0.8572012835066669,0.30737186313434917,-0.14480302514254306,1.2032053613975744,3.0217653272509044,0.03500606528293049,2.3932253454209924,0.16954041021828617,1.6813491266682639,clase_1
-2.3995583382462446,-0.7283569012979754,-0.04990227660163593,-0.2545398636912375,-0.5886616333200341,-1.4365884788976024,2.736109444328153,1.6242546525129344,0.32407888366337567,2.1245836621977956,-1.510924561816994,1.8408345162920086,clase_2
-2.613658691296898,-0.6717047833526049,-2.1408237912051447,0.20402031125294862,0.3916340710073685,-0.3422801638007551,2.5587515427611223,0.6133391532809728,-0.5045764607022639,0.788131463898041,1.6841704063406324,-0.8322840599176605,clase_0
-1.95026585825257,2.7064130549946936,1.9051310793670762,-2.1267009658487668,-1.05867602013175,3.2063543220370603,0.4288692812840686,3.643575232346522,0.41462934883370933,2.307112867989142,1.1123268243902629,1.9771639625693813,clase_1
-2.451961457651389,-0.5974290168157745,-0.0576401617990967,-5.171517662395891,4.436830164670957,-1.464105280243582,0.16701794674637427,4.796093870121869,2.096443020369036,-0.045267478555524376,0.8731692923815881,2.858464590483263,clase_5
1.724993396645735,1.6204408776148045,0.32698135678271467,0.5957600268645464,4.380100469081047,-0.796851933331624,-1.9119953833261167,3.347973918258658,0.24140606265746717,2.1199108334991568,-0.6973296584974588,2.9907466853960347,clase_4
-2.930747868181127,1.8598742388287355,1.8685391437888932,1.3690611228472824,2.3412437711799243,1.1074707747552608,1.533798040310596,3.318885822930097,0.4616895738674149,0.8470382452959703,0.507879845068621,-0.6997328121872456,clase_1
0.23715112054017737,-0.5546718553884111,-1.5896188041944403,0.10465077772220066,0.9381492023331287,-0.049796435341807666,-0.14270517529922755,-0.0734409565248001,-0.6740150236087289,0.5729763471098086,-1.0907537158222465,-0.37682105105517716,clase_0
3.387304003660976,-2.4654602437157744,-2.586397136421505,-0.043325781992465284,-1.9180505532198817,-0.6966471688426308,-0.7097673119652956,-2.5263301613460944,1.6871898009308568,1.1938540298402336,-0.8543096504143626,3.2770750830204562,clase_4
4.373856561492873,-2.994031151880174,-0.5376698269937787,1.185040749666876,1.1352548287490805,0.18935937962530036,-1.277124112660018,-0.7902248354868951,-0.9396746998296777,-1.0320726447066906,1.688311811452882,-0.014710835973108072,clase_2
8.798773139079566,-1.3219191785392654,-1.5268056346351921,2.8941615503902005,1.4886847440412379,4.323481628560202,-0.6524307248889305,2.1296895033862064,-1.3739201437418387,-2.5325204266260517,0.4427533213091045,2.7554436749378706,clase_3
-2.646775817783863,0.09093883106176781,-0.5549762212522702,0.8702484507656769,3.3152181014410873,0.7952884697977445,3.024638647142628,4.832856727831054,0.5715589474500073,2.3365067205557093,-0.516730437521854,1.459060142868156,clase_0
-1.2541882472402213,1.6949399235839062,1.0572003093465863,-0.2639342667466126,2.0682633179463723,0.3261509865790573,-0.9106251571142632,1.0528103512251603,1.0925555726522493,-0.6188293540092129,-1.5889896024777754,-0.7141343927571835,clase_2
-0.7715969991363695,-0.6012980567568822,-2.200310322880844,1.6304999908236675,-1.687461488073571,-0.8980752030122011,0.2320278291251383,-4.5107506744352674,2.873437202817999,-0.6846471881197802,-1.3599682136722742,-1.0748805396683803,clase_0
1.914114975929614,-4.784278971020556,2.035529296519438,-0.6556786539173218,0.8878465993846731,1.6543420060566913,-2.6886099470713596,-0.9679245473533463,0.9418900548532245,1.8699407925205394,-1.1470655997190768,-1.2431831630307921,clase_4
2.47771956982023,-4.738488417084016,-2.7116658523723176,-0.322727062062404,3.630678189321655,-0.2084080856032159,-1.3899397085889875,-1.4561363091973916,0.9143497800697523,-2.023400129015492,0.9852201728091007,-1.7062535293983423,clase_5
0.4860697608563178,-0.787764308061586,-0.14059021624131485,-3.5176754250962308,2.525527353654123,-0.669560719626381,-3.965395295107892,-0.6687211399587509,1.485085259977393,-0.05220303708083851,-0.3067726846636304,-0.17721614988383272,clase_0
-1.0812673387622909,-1.756734608517777,-2.33794819970579,0.9180877009801747,3.7567709880260587,0.9713467295328153,-0.2848360237436366,0.4997549911384205,0.6276134990670275,1.8620107597453204,-0.3280703703646766,-1.7985345633727803,clase_0
-3.6037296506349668,0.7293715841723978,1.8239420090222045,-2.1477549656054835,0.0957100467847033,-1.905443476262133,0.9709365917881614,1.4747046178905037,-0.21439179822686272,0.35703460836271406,-0.14101571848969216,-0.23056921626168148,clase_3
-0.6426554556601548,-4.166719542924067,-2.7602577858655124,0.9198566633633691,1.8256669977961455,2.3633298911458036,0.24207987997424563,0.5042456513703409,-0.6987287719433339,5.6252596895647775,-0.2504079935680075,-1.222237486800404,clase_4
1.2398210073035654,-0.8712981574472484,0.8379698284875583,1.221404599480241,-0.14660794249203912,-1.5495618514498215,-0.6143648351909341,-0.9366134056818648,-0.6635705890202187,0.6428818843862198,-0.982416240480937,0.14448769389363636,clase_5
1.0108463043592717,0.3620230181025279,-1.7802086718242243,-0.9628029767808237,-0.41473957176520826,1.7896253695458064,-1.0964027427312941,-0.26925609906675424,2.319622905418442,1.4266701079298554,-0.5844992156219503,2.314434815982592,clase_4
8.902570791280583,-0.08664419238520438,-0.4007253681739817,-0.216678938759035,-3.099813840080535,1.2276485239287402,-2.81408700193792,-1.710994338194919,-0.8107568816534889,-3.0433023945210564,1.6271180521597577,4.180024557543039,clase_1
-4.58854689500444,1.7410437874604197,1.1782759170237336,-0.025006651922817702,1.8345311710854604,-0.8521013631352705,1.8997509673719344,2.428832053435392,1.162880231748524,0.793546482973583,1.378357221422549,-0.43486910793770633,clase_1
0.3577298757725585,0.01275557112856196,0.43295944748910387,-0.5207544829864544,-3.0212979164309006,4.999868213820489,-3.431251041627773,-4.599331362160157,1.4841520586272303,-0.36756603989561154,0.9385958031751119,-4.249601763320287,clase_5
-4.452687349039018,1.0739428008513876,-3.2283179610693677,-0.9103623588368264,2.9820889638613908,-1.215187007743493,0.4230910006445735,-0.6410285772573684,1.4083597760691118,-0.47155999462357623,-0.2608708012458902,-2.6312027325838327,clase_0
7.100641079311694,-3.8400186969725247,-1.2102557411335937,-3.2668320912111817,-2.6170916877134154,2.927212041748348,-1.706993315726215,-0.5766513029316788,-1.8523194884583167,-2.7672730013084283,-0.7322824104302025,2.0742427777834074,clase_4
0.46902424505313334,0.6982838469896746,-0.6732189898424952,-0.9986686827830522,-1.6630905801017644,0.49199520563556365,1.4354214576797633,1.2897099652132205,0.026982095294041386,-0.02642025155938743,0.4866194801281112,2.6551153591953502,clase_2
1.3241011469861768,0.32103107910993783,0.605321550001579,0.0397830378720454,1.2128873098812833,-0.930546531846022,-2.244907517030258,0.3476736404986335,-2.1450850996480897,2.0647462477065233,-0.6458489882940185,0.026610192113036835,clase_4
-1.6056847151809246,-1.9022391766132924,-2.332358398341985,-2.7281402806472066,1.0784654177788424,-0.8758527002443623,0.9361315983611018,1.1762710456687122,-2.725388964264881,0.7817373267854405,0.6546419928245036,-1.1058257910882432,clase_2
-4.650467921842217,-3.08876302985231,-1.9632202572553998,-2.153845265942877,3.111028338237694,-1.0065024468455686,3.0773866010044166,3.7281580018367406,-2.1717324880547304,3.2974583194242797,2.1279180747572566,-1.1550389915572068,clase_2
0.030561301616675057,-2.4459645731842308,1.6874454048756964,-2.2087400800927464,0.5324923416738812,-0.07169393475654051,2.594747723782951,4.789915206240633,-1.3845493613692554,0.6132459908157136,-0.16295631080584103,2.770991336678777,clase_2
4.408826896264499,-4.789953104427367,-1.606808391214287,-1.435924379946513,1.6164629190655535,2.020139836748907,-0.2295425843151736,2.401504871602603,-4.283180385902257,0.3506887014923793,-1.4288661504496623,0.06643982988644626,clase_2
-0.3095251073866388,-0.5257152647213122,0.38181148452818076,0.17045181542717314,-2.0528526906372075,1.8891752887577933,0.8764267872943634,-1.904024158520619,3.1386200795752055,-2.7865411971868257,-0.6603312628001164,-0.7215296395368347,clase_3
-0.206323875872078,3.2251773176979066,-0.4505408119486367,1.3869778830107748,1.1248299038998733,0.011192708180597921,-0.4559613086072438,0.3963969073200156,-3.203416003769769,-1.1184807282822606,-2.182101294200962,-2.4139919885583554,clase_1
-2.3323111392962974,0.06569841482585892,-0.5914627173948142,-0.5020826109132899,2.255080688125099,3.208904426421517,1.6360423010655498,2.584031546458552,1.7176666277616455,-0.9817527390025036,-0.08244595914915345,-1.2048544681695168,clase_5
0.39505517417293273,-0.7252188570262729,0.09343247044222891,-0.9168259532321412,1.012232178512399,0.093632245280865,-1.0483151923931586,0.2574353555035142,0.9839540520138521,0.44307941193780476,0.8460450088894076,0.5827524128351312,clase_5
-5.609662857206066,1.5901516770306265,1.624875717877847,-0.6371739341831246,0.620059630383869,3.895318371015187,2.225266880682941,1.7966062053081375,3.6302366314286845,-1.4301879651916574,1.856672337917714,-2.7385430154661394,clase_3
-2.224345263306601,1.2676337400422968,3.3285679419320076,3.504992393794721,-0.500146145189655,2.3869073286880402,-2.878973663621262,-3.3370732960839082,2.1131565448705287,3.0703884324697235,1.1647107852399101,-4.431435457430058,clase_1
2.10543502555108,-2.2946635029153652,0.8360474025646956,-0.28648771003589624,0.016961348169283408,0.005709470724275856,0.17041112967189365,0.9859627260664835,-1.086127076675361,-0.02499789599818003,1.7469896981754964,0.9660070773127196,clase_0
-2.884883447265814,-1.6442058691039574,1.0352157433757536,-2.2918795609368154,-0.5141676264291234,3.585352357837311,0.5402898913158085,1.1245820722799675,2.1438708040034955,1.5739390315040613,-1.2825566930052876,-1.0332530700719134,clase_4
5.458550764094574,-0.32202380441197676,-2.0255580546129694,1.0449205918603546,1.434528463038085,-1.7011284433256895,-3.6707669643095633,-2.88696912644614,1.2716177997553133,-1.5420458036557794,-1.2137121989732502,1.8899286525246966,clase_3
1.5532504571400423,-2.6644204018304034,0.1297311091134693,2.079836051465962,-0.029433568605064075,2.782237532766727,3.68897285430696,1.4396602503021327,2.9543201720670664,-3.604347971701481,-1.2169625768435197,1.0750193601076228,clase_3
-3.5727820960597247,1.3746321195931033,-1.5391424669311937,-1.3380288631370167,-0.20114270757085245,-0.748193678131069,2.022889435615527,1.8038237767761447,-0.6681230152750477,2.4992753370479157,-0.8964694377502004,0.9342008004802286,clase_2
3.4150496585924754,0.7020537796056352,-0.04926453077976678,1.737048001628666,-1.3577462035544936,1.6348909952550836,-0.21633906971507066,0.39065106821917334,-1.9105092674712234,0.3370751687493898,-0.5234524298344567,1.2809735363760262,clase_1
3.12950434860466,-1.214884315564499,-2.679289786810091,1.7134164664318836,1.4972567402183088,1.4557514088288215,-3.354343300981369,-4.524406311028331,2.120419844278256,-2.289541182138044,0.5529431891981056,-2.6852789047385537,clase_5
2.197802389375431,0.8429762852799291,-0.9531108713466783,2.8149546914402146,-0.7616019675744754,-3.898849873276281,1.1058603797937092,-0.6756547146055265,-2.0599840334293624,0.1625400266938647,1.1279249855168274,2.2874702798506883,clase_3
2.867680018561861,-2.35060896092771,0.32739979134248576,-0.34594516616262205,4.666044512357565,0.219000924478171,-1.9509476106487604,2.7224906759071357,-3.529284959221436,0.08951486173825152,-0.35997617358090106,-1.293385575011379,clase_4
-0.5476472680720536,-2.550283012842936,2.0538970262594285,2.678251478330471,2.76972818051798,-1.3203412338192826,3.0413545341691197,2.349807899289626,2.8105669258456683,-1.2686264576064212,-0.9354354054587067,1.1586437988135172,clase_2
-5.414979174566251,0.5057804575917497,-1.912579001039063,-2.1018585788260973,-0.7614632091900287,-1.7635842979108378,1.8212288404923564,-0.9989864204624175,1.9457113295088588,0.933235646506319,-1.0380485814246605,-0.6347149121126111,clase_5
2.946190021593493,-2.5864634060315996,-1.0763222469751768,0.7153937575287822,1.9518277518379419,0.7321389461073563,2.147125708271192,2.6720202236835155,-0.09320593609256367,-2.294954379785687,-1.0847564341588138,1.9436339710262724,clase_3
0.8092267182748754,2.311101582904451,0.5540837145798643,1.2604506236419364,-1.0509297351986557,-1.767401211244769,-2.2462555384722815,-2.3591976167698006,0.8991483288287502,1.3262971136726867,-0.3285532517902975,1.065397878152005,clase_4
-0.08070751078343937,-1.9497148072394797,-3.131183793293178,-0.9250367934065826,-1.2860269833020004,2.89808389397846,-0.2330112676647783,-1.6199065847531167,1.689903908951583,2.2181731515273233,0.5552941900136158,0.026933509929531363,clase_5
5.103723029532559,-0.2915120773732738,0.17942443514964834,-0.7332524673561218,4.931684136336098,2.708657531821469,-2.922769001997538,2.940652950483537,1.4720675185793384,-3.249316537814006,-0.17932802787303154,1.6704759685128212,clase_3
-3.5462673007977923,1.7111325500804713,0.958975804205864,1.4508751222316458,0.4347963400617004,-0.3224335382233816,-1.1455539711267264,-2.324857355867209,2.0461844271945226,1.2483251783954958,-0.5242284481045876,-2.9940525311570294,clase_4
3.468599726149878,-1.2184819108929705,-2.765365680116467,2.405661776746961,2.5594431969479987,-1.7571020282369316,-1.6856130997969554,-2.224666953473661,0.572253158629117,-1.0403917322018557,-2.272141655570607,0.13991887468053998,clase_0
-1.782378454743307,-1.6367281932649869,0.43610126821742856,-2.8365816966094144,2.3396644162593567,0.9063836892135562,2.2448854751787897,3.889328651788253,-1.3661829856361736,-2.6887142021150137,-0.189751557259683,-1.2974575768147845,clase_2
-0.16760589755063898,-2.1309798342447195,1.2364751502821787,2.2293862308130628,1.5491957151793103,0.8757691550933403,3.0925721630310417,2.9723423115978855,2.4390532412407837,0.45569628540167506,1.9875341610233674,2.0776839178687476,clase_3
-1.2090435406268825,-0.5361581605294244,-0.9109743211952483,-0.11737870985520793,-1.5375504538142433,0.4267210476192329,1.4177013917917685,-0.49758188490169397,-0.20054018494126202,0.5990791919742342,1.924845495123521,-0.3644401340125718,clase_2
-3.210027551978274,1.865017275747207,3.2370507005163525,-1.012583742786761,1.7863427779222305,-0.23467787429236014,0.11888617358741105,2.6588871709639363,1.9624062234482709,0.2966944300087873,-1.1600203819432886,0.2955174770513754,clase_2
1.570828076737286,0.07207334353490702,-0.24745693526383405,1.456319231851662,1.448451329910765,1.848350491777327,0.6672410590078006,1.999337141198961,0.6906130714561524,-0.18684141987122693,-0.22676079665014473,1.3413690480373954,clase_4
4.2465607625821065,1.0203632661272357,1.5844699319382731,0.3188038552842778,-1.5611595786785204,1.2130903492063876,-1.1119435545742633,1.3934521993380704,-2.190224599518558,0.2969726619330642,1.8223928325513976,2.651552163216624,clase_1
-6.680578980133841,-0.44566683821190956,-2.2458574753589273,-2.092599342501285,-0.6224401482306154,-3.279699045350874,1.247321968272049,-2.0777090532486384,-0.49307037790843067,3.065894310965219,0.8569052705051,-2.801102421853729,clase_0
-3.467224790767295,0.08034068432909836,1.5423563050198048,-0.6277475049396142,-1.0864990572791564,-0.14064997207581598,3.018084014771639,2.276797088325209,1.1922304311561733,1.5044636128296955,-0.5615986763768689,1.4199695341676226,clase_2
-6.013598269134322,1.0958948339746535,-1.1833896974248108,-1.4894477272652806,-1.6962142580567847,2.49352531410388,2.7375740009889693,1.3190828729952735,0.975245636350248,3.659237406907696,0.7463165225591263,-0.7708693843993355,clase_5
1.7536971220748379,-1.8674204109774106,1.4658297890049072,1.561542014947052,0.39104326899409825,2.378345827492547,-0.17507394038364843,0.4184276004198747,0.5919566545148864,0.01445442658127527,0.45504509424222184,-0.5182896343877084,clase_1
-3.047204468223468,0.8338375143802039,0.8336880479555386,0.7596191739832798,-0.8171384076770114,0.11682158366788997,1.6982450777847604,0.47013713735624557,1.106011977902636,1.6199974041989154,-0.0033576200399812245,-0.12560744907326094,clase_2
-4.113504033050695,0.8564023388663902,0.6567321338551608,1.082255005375393,-1.3919092100883634,0.07885721730363315,3.6154475383429734,1.4592175152792126,1.6344876266820163,2.118923262189663,2.014113723359744,0.9782645547259323,clase_2
-0.8000435539562353,-0.17406743568550598,-0.9382724225426207,-0.6766106078809091,-0.4549504539487219,3.238879733080074,-1.3842091095271192,-1.4689892469923225,2.187502147760342,0.9843887160919571,0.9078606377044912,-1.3885015587661507,clase_2
2.774993803187925,0.6349191869800279,-2.0034606722710215,2.4012433308124903,-1.856076207356384,-0.540981683898678,-2.0445507174743867,-3.788285711454529,-2.3704289288486837,1.3575353093870999,0.809779272561425,-1.0321320573782677,clase_0
-0.36322559931085313,0.47079717533940135,1.4486546904817945,-0.979383178542342,-0.772736963531769,2.0397683483467066,-0.24287683635235735,1.138141009616046,1.3267514880785929,0.8813030863962524,-0.24991848483952864,1.0359561694151154,clase_4
2.7365091865786924,-0.5303847532018325,-0.8988548736381692,3.9096972644622277,2.945106079492371,-1.558704504067102,-3.523857856413623,-4.406681340051692,2.0133243934964478,-1.4631728771761467,1.9696566849510955,-2.4498615629898426,clase_2
3.0961559392164095,-1.7582859792943213,-1.9049215402965747,2.599035786998549,-0.07371802117726933,-0.9519178040006161,-0.03134979714290509,-1.0310569046333713,-1.6087283598595252,1.9330550871214,-0.526955143564992,1.1513288176414622,clase_0
3.140712391847103,-0.9015413226549511,-1.8575427655102097,-0.6479851801886911,3.83560842298525,-1.0950288341989105,-1.802467290559455,0.8204932053275583,-0.832556631910176,-2.0569375468494098,0.18867044750999853,0.470411825015289,clase_2
4.11672067921178,0.8322261947064925,-1.2198524571399858,0.9651693047754524,0.40458573737801173,-0.2498277736404208,-1.8040815300923188,-0.550232801722825,-1.012056007604782,-0.717907695785656,-0.2122343016155467,1.6271309771024804,clase_4
0.35992525595151253,0.652342411031538,-0.6305583843387913,-0.14087504314693333,0.20490839663431298,-0.03400740203662789,-0.16378241499757318,0.4856815028334017,-1.2791548305709541,0.33081754847711276,0.751090543003633,0.12429559645614896,clase_3
-0.4895936386510366,-1.6967595561171664,-1.0888263447482607,-2.5261339855113825,1.3167240384240748,-0.14317728778945882,-0.5202564284154092,0.9959502723900604,0.06859152183119721,1.2372276650875111,0.63936284348663,0.5882814881505727,clase_1
-0.12185312016743016,1.189518239969162,1.434855003885445,0.29708616220283396,0.5882403897459977,1.041560485453147,0.4257377941668317,1.5100725141841216,-0.8363831580322534,-1.6429493839762164,0.7310375253855356,-0.9090584640956849,clase_3
3.9881257087420545,-0.46797765187791923,-1.723436196259204,0.8515398532941886,1.1705322358633405,3.1812161637115333,-0.7767315636783039,0.9200258872607896,-2.202132150992541,-1.57307085892088,-0.1971079879373953,-0.6098923620178643,clase_0
2.541620304123072,-2.366925729054838,-0.8675555507968331,-0.15374728147445005,-0.8137478551090909,0.8674261621312327,0.15512410095317275,-0.5040542226264761,-0.0527378452318743,-0.6803123318011193,-0.750038177643121,0.854847461336966,clase_4
-1.4901524888133095,2.5061058710871746,-1.7706108119599497,-0.23666694038127045,1.8646750564280112,2.0075518229298774,-0.09458833541301903,1.3233408093713337,-1.324708398709682,-0.5185128173426726,0.5207764447340067,-2.107011023638919,clase_0
0.4568126817131459,-2.5678135148774217,-2.812897797219268,2.3334413484910117,1.8497570437423205,-0.4104217578915268,-3.2536840314279223,-5.519555181454924,2.8132155412156976,1.6653882875462067,-0.9694324432883201,-3.174919790765725,clase_1
-3.0998311646059498,0.8594953931373078,-1.0438438941862165,0.12819694063915876,1.4164778223066248,1.8082108046689758,1.5598744668120248,2.04670505740095,0.44900360185118027,1.7255382501113523,0.07166413975085133,-0.7916825072155949,clase_1
-0.2322513230279575,-0.14252313031074149,1.2262989027675533,-0.5002833754395676,-0.40228343669929045,0.9467327679356203,1.091872979472053,2.382829211707341,-1.5410377404739979,1.0833944931923827,-1.7808816400803014,0.7110153199384643,clase_0
3.1259680060608996,-0.00686081949458428,1.1805816517592722,1.8848727632134834,-0.5487622077173668,2.8036819587045665,-2.6030651797968742,-1.1643622734492765,-0.20361924249494512,1.2054110710511705,0.5251129428858157,-0.591005046579958,clase_1
1.942475040539433,0.6503699045914795,0.33463501536338836,-0.5703445891246876,-0.8418321624678479,1.5562840651738399,0.3076522743449505,1.002215905604044,0.9948208264528837,-2.010769494996656,0.7055485647959867,2.006791185518069,clase_2
0.23487510019528957,-3.5918720043771097,-2.0050473040737433,-2.071186055662058,-0.13360974774074796,-0.12698694448365422,-0.24415620523789316,-1.3289021356820525,1.0530821160908208,0.5648866842709388,-0.037217858663773945,0.138427852474319,clase_5
0.17218857886598804,-4.343569782854368,0.11899542574147703,-3.4689528747906806,-1.1343370800805916,0.03573343206289192,2.198163405114087,0.7135879847176096,3.046289170021713,-2.6406405751373154,-0.3794792560117442,2.326756229186471,clase_0
-2.741017108170865,-0.6797810950687133,-0.6379454472470698,1.5276160922081605,1.4497409309837779,2.051895049068575,1.359904938344553,0.6627110792099216,0.7906435208006398,1.6522238220351069,-0.26043058649511314,-2.307600480453167,clase_1
2.0891823044420548,-0.5678409206654301,-2.976707409586642,0.38122778218179,-1.9219298648822736,-1.6906672674786847,-1.016111489419978,-3.3441625024784964,0.46075944279111314,1.1215168129119515,1.34648059555603,1.7534108123134153,clase_4
-1.6399230358780286,0.4194675710151678,0.7434585413629111,0.4861380173443588,-1.1064757267492449,-1.3156987727842917,-1.383187919863544,-2.350954368976097,0.3402381901831125,2.6045137650320367,0.033937885134963125,-1.080214665698497,clase_4
7.124185969541497,-2.9128644918154123,-1.2019846974799118,-0.30726444945483145,2.2306581427221084,0.5007160574403968,-0.3920834545736859,3.5376878944713255,-4.285888305610506,-1.094350320646389,-0.0694660516125747,3.0877110226851254,clase_5
0.8610099097150077,-1.3310696061669205,-0.053259534875183534,1.482438274158318,2.579112744020473,-1.9000436186814473,1.2724869877521918,0.8899627643293426,1.7937047103874109,-2.1817619917406956,0.16061130215516814,1.1608617705583573,clase_2
0.021849680018537848,-1.920613936094672,-3.5393435546968997,1.6122905869675626,3.84602352759435,-0.6509727834385373,0.11643503142638711,-0.6645019638410772,0.6576840592899943,-0.2221601279336849,-0.3877609228162241,-1.6155087100758094,clase_5
-3.3865811197421785,0.7170050321768979,-0.06474517305670568,1.5772618429243233,1.050112282117589,0.30078553113890166,1.5172559716190832,0.5723746143846081,1.4587070307954249,1.6433748574101021,0.8697620581762918,-1.0752317411846455,clase_1
-6.153837445975012,1.9893054971252242,1.4381753929749561,-2.9855678578232645,0.7453352885176825,2.2532441606486127,1.317052587825152,3.6078363191225455,2.871236722199763,2.9115800151285915,-1.4216690480590324,0.5496644227221397,clase_1
2.2501867104030984,-1.690659678646245,0.6183027713941986,-0.261688876582437,1.3115695400230445,3.221122396852839,-0.8185588328013433,2.4161626746416265,-0.5913241117699817,1.5030834308157794,1.2838887832702683,0.7341332549194122,clase_0
0.19122704421952982,-2.7092487191621135,-2.6870007531909534,1.2170972184362052,3.206404600230192,-1.432675799504189,-2.624129039655574,-4.234445869502544,2.4424550264996343,-0.41581147585800826,0.21566278748606432,-3.1891290514633006,clase_0
5.207716157876756,-0.5819748282468176,-0.2581733008900605,1.617515414642713,-0.18689354371582956,-4.320400243646154,-2.8765554966911973,-3.1450454497105174,-1.2143484389224957,-0.8035288616517424,-1.2289449064718925,1.8572281000016062,clase_3
-0.9310047854811734,-1.5445456768177426,0.9855571015090601,-4.397368173222354,2.876262077953319,-1.3451472282716588,1.9319849491696879,5.368909465685463,-1.2249317928322307,-2.2376666031453034,0.13935120789892844,1.8455355937781805,clase_0
-0.858086051650576,0.007000072212805408,-1.927173898548362,-3.268479864293406,2.211881744279049,-1.1414745266161264,0.6998866952484268,2.226745616702193,1.2595839704903717,-1.5909258752030724,0.2742150351301673,2.109785573737395,clase_1
3.675704820946648,-1.627235218351528,0.5848706230399673,-0.8901124121049198,-0.9701725312170566,3.1800290357235603,-2.2433880218083875,-0.5408852638489565,1.043013236811027,-0.052837236801338894,-0.5791861411469302,1.0567091110517954,clase_1
5.674131344119932,0.38909064175115704,-0.18383177897382452,3.335224209732117,-1.5040721781798752,1.149724347792373,-4.71464972752565,-6.045180096578292,1.4716268590528845,-1.929299759255149,-0.879870404710092,-1.3924108358050191,clase_5
-0.8016305938679121,0.26127169144203444,2.175518149042294,2.9642250522179934,-1.7744675647598351,2.6266198732839,1.2099728197264812,-0.2244881144090348,1.0873324001754288,1.2352807466443583,-1.5948258549008207,-0.9629077901716732,clase_2
3.33396511639215,-0.6461220420303049,1.188748949818008,-0.17723657329288522,-2.59813238501909,2.0078538997224586,-3.593792960554473,-3.8994697908053926,1.0414044357809837,-1.020721669678005,-0.4451405126313417,-1.0253015593824244,clase_5
3.7928566661244782,-0.7964608785323755,-0.20605024801267202,-0.22059256959089768,-1.124035447766537,1.0102118977507484,-2.4488575017157013,-2.4883967558623423,-0.2607754454375049,-2.1664306535459303,0.3670467929299679,-0.5524900552050498,clase_1
3.6139362551995236,3.6500784871553993,0.10685271856907286,-1.1007633582173557,-2.367299139792989,1.2177512633036067,-2.041375359109036,-0.5127350433188919,0.05649434528376507,-2.3981185286914144,0.2694234520549011,2.686198712145872,clase_4
-1.3543161073861432,2.863592372848113,-2.3073737903353955,-2.4574973266251563,0.7769925401940737,-0.010932822953346188,-0.7925834865836658,0.8640426250298106,-0.5039616774239759,0.21916523100853919,0.6611854748160046,0.5637742995448516,clase_3
6.192456058892673,1.8501151171523587,-0.3246756864648854,1.305747592197263,-0.10907207627777882,0.10806969568416824,-2.537477941635001,0.881501148011474,-2.861345617426019,0.8943603295152014,0.0100670085225806,3.5382367402198467,clase_3
0.4353956014382256,-0.8392966237348667,0.33153280861575607,0.1199020704016932,-1.3644808233106525,2.0298415610365943,-0.12157988825554344,0.021135197723234248,-0.14957724873875777,1.9997904176821215,-0.0967494053303549,0.2050113985400135,clase_0
2.472833117070221,-0.87588996460225,-1.0138731548952546,1.6535587547779396,-1.596360083632158,-0.08346763295409809,-2.1482573364474247,-3.3795393153615247,-0.5683388226797152,2.0021559837865084,1.8672312871808086,-0.3235873683095754,clase_0
1.3632014506214272,-2.2992954999024384,0.11168355892925363,-0.7572264095351766,0.17571309487343645,-0.16841078012352695,1.7797661566934926,2.2722830394766,0.2751270443356853,-0.1341457558208865,-0.6029578088814181,2.822581193391482,clase_3
-2.592108149942726,0.750540637575388,-1.8243439708785483,-1.8600580131830664,-1.7744174942917001,-0.8096236556252767,1.548829558942582,0.10955360367480003,2.011431482645899,2.1011393584702485,0.8215388173082104,2.7165628937664845,clase_2
0.6041202225376623,0.6623314040078252,-0.4446559716585107,0.8707698434338731,2.3065461942427974,1.9180574790460254,1.348678776188733,2.5711279860721152,1.8337617562681092,-2.1659905026872037,-0.8771339384474245,1.09231692871763,clase_3
-4.083601700755259,3.2537536781797476,1.2560514962637699,2.025551419479222,0.9735625154205635,-0.8938459659475329,1.93385308915358,1.709267105578731,-0.12247744131718818,1.1592630536010744,-0.36611968937534733,-0.9717125676622197,clase_1
4.241884268808004,-0.6128596507275548,0.789258076112734,2.4018173441920037,-0.9314127572756128,2.6783018400637513,-2.820628359018267,-1.5950667893131365,-1.6247914344952818,1.6889101787055059,-0.12983632584940336,-0.8119956836313558,clase_0
6.396334386666186,0.9728174941442508,0.3528786240150499,1.1797123376963041,-0.43063269619063327,-3.5634737274312442,-3.7898971330773694,-2.0091464476952643,-2.870956380188786,-0.42857712893268,1.2530637269289127,2.5361814963838674,clase_3
-2.2837441007467523,-1.5147069878444763,2.6068030383622554,-0.619933907991322,0.8496516492030024,-2.1652969524704373,-0.18716132028944,0.11370738844018995,2.117282471931991,1.5400163818108796,1.5122349106655983,0.2415618517512646,clase_3
1.9504951300616913,-0.23134789359387498,-0.7843562361665632,0.3988395648805409,2.1230423036059736,-2.8966109837749894,-0.6665205405298463,0.2719109896655555,-2.0921183557609044,-1.222016184893064,0.729843035114983,0.300184945284585,clase_3
1.510474735106992,-0.9326171955440232,1.927125953624854,-2.409246560199147,-0.9388554550209955,1.700702836940846,-0.15500129829436782,1.5138634149823345,-0.6275617179239065,-2.1149341864763844,-0.9600105221878282,0.5018762282242744,clase_5
2.8262904629586383,-1.7227521448819332,1.127805439854889,-1.11995758796508,0.8909565939900612,0.9520634094869789,-3.018810867504163,-1.5378503735235014,0.8440990250210314,-2.5136484846790514,-0.17091005347474328,-1.2873857870485237,clase_3
1.1762210791446854,2.1747280452738016,3.9035281293547044,-0.448268447792914,-2.8307283409750523,2.6371677765068022,0.4336246013468535,1.103464935122223,-0.9863754733504893,-3.826549310864113,1.0317619044996247,-0.49374112545758897,clase_2
-2.5742639853002274,2.49196954462023,0.9221519856940734,-0.26232074122029614,-0.8613841885249887,-0.14638733255156333,-0.12751074876766377,0.29495130666345615,-0.7127971919651932,1.9521843909372019,0.29716714722490756,-0.5793953358798709,clase_5
-1.8115075905961042,5.251596722183185,-0.5280932279111497,-1.0590547703110649,-0.4717248167296235,-0.16945977507025534,-0.14985605166632265,0.2772113957292753,-1.7921459196669811,-2.613232484898102,-0.09976027531426664,-1.402983943048834,clase_0
-3.424497423760498,0.11449753783340844,0.7205331962841358,1.6293745731479345,1.2159426501436732,4.551079857847043,0.5287222725278445,1.4251711485522045,2.3023150575053823,3.8601870090287775,1.2194310829547725,-1.9373242185574002,clase_1
-0.7196905023729817,2.6229120007698103,1.3310582674704858,1.9919141724938616,-1.434952865997832,-1.3152006528428473,0.7074379426667923,-1.0429433101288506,-2.38728270874409,-1.8104316220421424,-1.2618774433584852,-2.136723546350918,clase_5
-0.7548726560903205,3.514993997799303,-2.581041234561683,2.402640465094631,1.185767336501295,-5.2566887879404725,1.884141491855044,0.7647077309859862,-2.703139746239655,0.7191803975241673,-1.232454390830226,1.956089014494422,clase_3
-1.3860432524610053,0.825045470240823,-2.7748909352267024,-0.35392100364393086,-1.4256163217987337,-0.4490862306160787,-0.7645574568637138,-4.565236977661628,1.7866659100702336,-2.237266706666137,1.3691143676747508,-2.5277827265325143,clase_0
-6.3783048196658525,3.576504505070398,-0.6479982873331747,-1.9204836507693048,-3.1118745445712355,0.43749397269174894,-2.2704443283024247,-4.79097363651366,-0.4129041883647011,2.4768749138602004,0.6010529350741034,-5.6736213353067,clase_4
0.8895860531394589,-0.5090673369906209,-1.290532886891146,0.6160052222482306,0.5314649751434057,0.975160972274998,0.13599960108139042,0.5869893429395597,0.4972668262072792,1.4283420849418904,-0.03951654223156102,1.2456310474389767,clase_5
-3.2885297737545263,2.140343229887921,-3.4416456257966237,-1.8006338273561835,-0.7168153199908543,0.036702812025268816,-0.6196441035345802,-1.9152995655259242,-1.3764395901164928,1.2555717776495632,0.5664654841095343,-2.593912145604815,clase_1
3.9319596578219875,-3.925034667376278,0.22033936774693574,1.6608483743640872,-0.5497197716783082,-0.6910538648143094,0.11696841109554068,-0.41110822166029254,-0.8085974681975305,1.3076752627595476,-0.7153375690946667,1.8987844469706499,clase_2
0.6872323235397862,0.8433522881181019,1.4843270106614737,3.054852310043695,-0.3518211127199615,1.9691681870908357,-0.2882616301597689,0.11301656903516055,0.3884977999293854,2.0086059667919702,1.2186081743344965,-0.09710578536127878,clase_3
-3.039214098382232,-2.3888902012922473,-2.56871936959784,-2.0731412610362456,0.5781640114010582,1.2417534261914125,-0.4191148437697088,-0.4793316064777238,-1.0686481943859647,4.316044787485498,1.0374666695650432,-2.435712548124405,clase_5
2.7182321979125668,0.38689211693708514,-0.21959927392848327,-0.044085163151024176,-2.531569910277133,-2.942496254175488,-2.0268265934446204,-3.6130720885308203,-0.6400749174004885,-0.8229778229547127,-0.5184356318775039,1.0893651289076254,clase_4
4.863769408107642,-0.4523807484603311,-0.09911119754648712,2.998476317046591,-0.8943674824772241,3.9522577673878194,-0.5249765858316937,-0.2437405725536532,1.0555377656324887,-0.607077751333979,-0.14842264715919978,1.489549430849134,clase_3
4.656828386639034,-2.785443349658096,1.165354075264154,-0.33928728749907466,1.3912998230955096,-0.5677372903697936,-2.9375441223966083,0.01587974372757579,-1.6252953708887692,0.3869347594414575,1.751409073748911,0.8435043186305962,clase_2
2.8915452958889714,-4.794336764818459,0.616504787584337,-1.3875400707841294,-0.5564904022997885,2.4245309403820805,-0.8060068725798797,-0.2334558843206368,1.3776611448777707,0.09913125445523774,-0.6370256098728607,0.7852350095153522,clase_4
1.237811683781763,0.35433172804844704,-0.5419159876737472,-3.1494666373235765,-2.3894019397846122,2.230451771411892,-1.5441241845349625,-1.1277140100513847,-0.10261157994823955,-1.5628546574561335,-1.40721109950419,-0.05061641985004728,clase_4
-1.6120751714494883,1.558892049996866,-2.261431358319544,1.4786143800258043,2.227053685798865,1.4826319983095875,0.3230799201678504,0.1556787046402703,0.23522266086346233,-0.19274402471548424,-0.8459336401029685,-2.2332147217076894,clase_0
2.970585642298557,-1.1201458618653763,1.066159875853411,0.26915412454714915,0.07386054713343826,0.2876323920471737,-1.9238560009609353,-0.38604758898491126,-0.4196435506057145,0.41678833245986846,-1.3480342515450294,0.7218902656614314,clase_5
3.948200658905933,-5.018392452788617,0.2150341796907702,0.9111211458383904,1.1293121115498392,4.044378634232732,0.48291404492344414,1.775804321299582,0.11533197531992978,0.003138765831564694,-0.30083528695503226,0.3943783209402829,clase_4
-0.3626997242693652,3.9752642125956434,-4.461696621105408,0.954235707180006,-0.019472301899674638,-0.2472376569103556,0.23596017221514853,-1.0924910610484,-0.4670815114336253,-0.4847524491131636,-1.1536593514265687,0.29827512340240997,clase_4
3.0173684895568282,-0.7967995919364224,1.6415762913269862,1.617059563213973,-0.9779388592243266,-0.4435679583084935,-1.3517486298923058,-0.830941206707395,0.7184992948261798,1.4519750406164154,-0.2531485000429449,2.2064318809280903,clase_3
4.050062187650888,0.7297113693148569,0.6501961857994096,1.2922894619737026,-0.5007727512939628,1.6942005343015776,-0.22955662590402565,1.168813033285902,-0.7757791922163908,-1.5454145323561164,-1.5677723475897751,1.9504203909291051,clase_1
-6.47901711919131,0.4260078583981939,0.15090517915451074,2.0045970717273214,-2.624328045326248,-2.351994946728893,3.24386719464954,-1.3843338287081868,-0.9952299427632407,4.985168055461716,0.7580657061739681,-2.095084772572541,clase_0
-4.665703707140842,-0.09610010407577407,-3.0590981620527904,-0.17737861440843106,1.718157692452701,-1.7464360631337177,1.3129772497805616,0.8034017955415063,-2.998454542436142,5.012803401728723,0.38595673625863275,-2.079962146743365,clase_0
5.237664573557891,0.2743518466075946,0.6238320113523648,-3.984296367200689,8.139236054169011,7.431909138317203,-2.3412597285939425,9.37712675193135,-1.6140580847558823,-4.807643559030274,1.698458702375565,0.9049491649618776,clase_3
-1.8420569946315828,2.4505042934450962,0.3482665461300054,0.1960178997306221,-3.024622583584369,0.24252447353959705,0.4975395626770951,-0.47788119743801566,0.3993960572067236,2.9404746938693878,-0.5156340340803272,1.4168579107850177,clase_5
1.611392669078829,-1.9198661766237703,-1.5962986682923335,-2.0623812252646943,-1.6330910017607776,0.8351405992658385,-1.6276873608512785,-2.406287991618935,0.5298515554349158,-0.14671146695545478,-0.7922759541714712,0.0011412859607816683,clase_4
-1.3493727454980076,-0.8142775495016935,1.1341920599930035,-0.2766034027307769,2.220368736626343,-1.555585067804848,0.4039208208091893,1.182117138299377,1.2640572167676474,-0.3945803724964191,0.014816009930505383,0.061365961228233123,clase_3
-0.9216575306803481,-1.3824733996824903,0.9661791099106087,0.9267875223645627,3.301605155143154,-1.764362193135441,2.690886353833918,2.7160144132365356,0.9388931045497793,-2.8337609379983224,-0.9043951229546204,0.14984221537769427,clase_5
-1.6870535054255094,-0.35696497619730294,2.8210528819529026,-2.3189004104708735,-3.1696421777172716,0.4512984203311421,-0.18643106879395765,-1.5457285545251325,0.5827666499589013,-1.581490601483606,-0.6004469655886746,-1.6284248109080888,clase_5
-1.2501188679817943,0.3990791222164216,-2.0909821667627906,-0.6069705018474238,1.2697068691374078,2.005157667743096,0.6288496275849382,1.8376114218348123,0.7653727481118222,2.0911303704826905,-0.04917413002709046,0.8421259564367541,clase_4
-1.8985920766199846,-1.90888561098894,3.398099252216176,-2.7746029597779804,0.2848868497006647,0.7732418247064232,4.9171630205342725,7.666710449626376,-0.6084484662772973,0.6168133183305307,0.32853475391394826,4.014644618690679,clase_2
7.952009910498139,-2.0132811581817274,-0.493392271866522,4.045059000948463,1.091910078392934,4.524733131697233,0.10162364593715933,1.279710849183977,0.9644025073065845,-3.084156998937119,-0.3012191440531824,2.4156813428372628,clase_3
-2.139385134451871,0.6880704494524428,-0.5080837840166383,1.524704969589035,2.0651829042310528,1.2166402571692077,0.258489282632827,0.7969148140548182,0.47897632468755813,1.8006760847481975,-0.8669252393444344,-1.653532106409305,clase_1
2.0236715303548176,-1.9374596579413887,-1.7977030885390544,0.5773017021552658,2.112821911586689,1.5927196135069392,-3.7574370810145172,-4.668938890107405,1.7076240508598048,-3.41897197010491,-0.34687439189009384,-4.87191040499368,clase_5
-1.1984727629016434,-0.7761551586423379,-0.2697425959715763,-1.4707514744312193,-0.8337662677753854,2.8584458858908643,-0.44163499734104855,0.7752590362695918,-1.1307491917558452,3.375990840896134,1.9172595345040717,-0.887205082564798,clase_5
1.7821809249970069,-0.35045958035171143,1.9177924546328606,1.9208468887933121,-0.3460491325500994,3.4137958773692567,-1.0300722074998971,0.8937932502674099,-2.2474181777780364,2.186443164164392,0.4917798896006909,-1.4098424223790436,clase_1
-0.1465213463325937,0.9791702718498438,0.33560042200320506,-1.1512574988041016,1.1638592150743792,0.24339422295164825,-1.9723199584017144,0.09678783098139197,-0.5669112299669044,0.13290060723910924,-0.9977562791069342,-1.0058759403429838,clase_2
3.0802801594691225,0.328274655970872,2.159575535485846,-2.2955907311127897,-2.080722055664494,0.0650407582393312,-2.5154703816442856,-1.0280438924741615,-0.3797381091750136,-2.273556866224099,1.1073116693407743,1.0440051583469034,clase_4
-1.8615092924557852,0.68918076331745,0.538684214728918,-0.9501758629774464,0.6120069994551578,-0.5566740017837135,-0.11760112210396412,0.6306085742340004,0.32223120025941515,0.7134225677104874,0.05135875880268002,-0.22108474246835574,clase_2
-2.6988284593928125,-0.03734758772259894,0.44701371937386547,2.861641015986142,-1.2686392928448087,-0.0056151721255178755,3.369154244694956,0.961372448566542,-1.1739162117748392,2.9272490223954852,1.8914551152692207,-0.5070450244137474,clase_4
5.656078202582514,-0.9080475360953316,-3.969350592505677,-3.8145928211057143,-4.3992663613010174,-1.1598680856981503,-3.2889588749136456,-3.2649647633156733,-4.034054827973793,1.2968881212317993,0.9368143169226666,3.0444176353424064,clase_1
2.6487828196803864,-2.4363562009210638,1.2267703573045294,-0.4502118743994836,-1.093250790555038,0.12926489849859868,1.3468574170722187,0.8572572094105747,-0.8578180416074557,-2.768457786412702,0.994518116028477,1.040327183667312,clase_4
6.993772174515793,-3.004848064401269,-2.5744122433560603,2.691507262272328,0.06841255669570201,0.8494648616998481,-1.129215812609344,-1.391903243759345,-2.116214913794084,-0.26356465194557377,1.117520548774607,1.2951730046736027,clase_0
0.5982757629305784,0.5901292186986999,-1.8602269984492084,0.7243232774014353,-0.33437617857062585,0.026595545043501034,-1.3332179017198413,-1.905151299797726,2.9521176738154518,2.045856559838395,-0.8715105943331573,1.9673606209202494,clase_4
1.8978238476312868,-1.1126783476121198,-2.9522889460445425,2.0913362706645677,-2.4557865711304805,0.4239445530452875,-0.06990332173140046,-3.551860784082261,3.645587187453133,2.004253074150352,0.377618406420093,2.694838805452375,clase_4
3.5402225564443874,0.33964856691429346,-1.6262764924139332,-1.8585216049371027,2.5730415351347773,-1.2123309926013772,-0.9546735353799698,3.244001495564042,-3.2966363713027285,-0.45646484939979826,-1.7210471256296629,2.8760968816211863,clase_5
-5.702833854207811,4.467102923281524,-0.5273427835575717,-1.7227660604951953,0.3215262426455198,0.21688585434189478,0.49371052479727884,0.6054857794145313,1.4308878754910535,0.3589912248634348,0.7287415864657592,-1.3983297256124765,clase_2
-1.6400046077723651,-0.007700533893966299,0.6459610915006266,2.729310479264604,-1.0995352286019329,-2.0599530606989225,1.590444829449219,0.06607779499760415,-2.0512450731785954,4.390851466516468,0.2438269266167647,0.21937233370699638,clase_0
0.31308184609026735,-1.0800519554947563,-0.8336775135077235,3.6995108939307464,-1.6443760346772924,0.036331877208365615,2.079975031771002,-1.716644775236973,0.828714798185036,0.8581707929443563,0.721161822084155,0.07124088537547624,clase_0
1.3238453559630783,4.465732448595731,-5.056426631264834,2.489068028744953,1.4064094968266336,-1.9091454426944712,-0.08613730293025545,-0.09026283768557596,0.419675436020268,1.5605447583408063,0.5429852023911051,3.738049297768117,clase_4
-1.1083422642431178,2.8620140877210156,2.246746678953321,-0.38833243176153753,1.7284258289389838,-0.7991174680353258,-1.452467310035555,2.610587711202658,-2.5265627672835835,2.263913765600427,0.1772972131473084,-0.07538823199512379,clase_3
-0.9641923095675415,-2.0232938292483054,0.02132974847512148,1.0005945279395694,-0.33769952927033,-2.025106704224432,1.7671247911862378,-0.10094175851842142,0.485799990219389,1.7911466234055087,2.2187433575308493,1.0204771773411534,clase_2
-5.242887147381043,-2.1997653155121384,1.4218782150149032,0.07152803145967046,4.673234307225434,-0.45351318184568545,2.56917006377013,2.740617522815363,4.069945440040803,-0.36132463029829376,1.3676513039359723,-1.6118272632133797,clase_1
0.6323381773595063,-0.6369789523990483,-3.840538086752729,-3.807406523473677,1.1293409505674847,4.555859623133985,0.15508008645161053,2.807123626158295,-0.6082478363463175,-0.06252217471508803,-1.6647890014327629,0.7360452182068078,clase_4
-1.8899645261531413,-0.45971807087328176,-0.8980923690330771,-1.9487352230666986,0.34026594477290834,1.7417544813827348,2.1591848052183584,1.7459300479409694,1.3833565222479705,-2.009435420377934,0.4567707777004593,-0.08849064087292491,clase_0
-1.0401339889163612,0.10508463838226123,1.7008462131219193,-3.7732442890339204,0.016611669975897803,2.231748289980243,2.2081001215526035,4.365860793482605,2.2143523075812084,-2.753909749415752,-0.4601870488978789,2.7060127601039623,clase_2
4.869748802420327,1.159527139532281,-1.786372842271495,-1.914341401543813,2.040763195371344,3.349827280319583,-3.1761741892770674,1.3802216331670545,-2.2059361909982567,-2.8070000050814325,-1.611717065618854,-0.002528679700233072,clase_2
4.619557228409666,0.4681441678381768,-3.0441982391502407,-0.07961365658455721,2.9034655200124027,1.1744301278912763,-3.0996038667444665,0.9734289010696185,-0.9763729353442823,1.2100365081605478,-0.5903616918053307,2.233780171250058,clase_5
1.6660821680635653,0.16365735184357788,-1.4307556989084274,1.9574378576057858,0.07180611685887583,-0.7055116884588228,-2.7003523359193,-5.390474001982526,2.4684552343531343,-2.806656729847708,-0.4334316376401446,-2.455602071721003,clase_5
5.128816116740082,-1.4563774661492812,1.1658435726611935,1.4555358804791925,0.024638740915337354,1.5572537893005955,-0.9851697890813289,0.43783294036351744,1.847337123167616,-1.0685602728411039,-1.0832016831846014,3.1340781367627626,clase_3
2.6058636463168616,-0.6204746339271909,-0.155250793488938,2.2480405490859043,-0.7536734059528873,-4.862533371857145,-3.048237627850879,-6.380863223187047,4.191277355492446,-1.4413212009013927,-1.3843781442136902,1.1351599737161264,clase_3
-3.6961708358477208,1.0947265792873397,-0.15007050865758242,-2.0365373295158484,1.7089484356129099,0.01897868621152443,0.9453699176921072,1.0930905500542276,-0.4748446730249194,-2.5949977511153004,-0.11039990409904346,-3.1182008488763024,clase_3
0.5688254062135896,-1.8284198804634284,-0.6482850862006123,-0.36814196727409687,0.1481719531755894,2.1556539582033447,1.2442057080756124,1.0822313489848818,1.2063175580372867,-0.6168159034233658,0.8471112074394023,0.6322935280889819,clase_0
0.18483413484604538,0.9370519180064396,-0.7840867992506722,-1.1329890240994678,-0.9370521959704887,1.5694149701902207,0.13799003175993718,0.8120382068372287,-0.5638397274469742,0.29580020852258,1.538847290469344,0.752734937641431,clase_1
-2.5371049831661847,2.0830591417142177,2.2979477763682796,-3.603490351393649,-0.15754762351402996,-0.10344794443630856,-0.28100032838208766,2.8192393089664534,1.8101541369035758,1.3088720866464736,-0.13513000707570208,2.7448052846887814,clase_1
-0.9399738113640131,2.920924911980353,-3.0448022575933633,-0.3063151627719877,-0.07522539665996975,-1.8678592446428859,-0.8639076375530317,-1.3671286346195877,-3.072219582539744,0.6693503053119603,2.111613218417973,-1.2782614490037707,clase_3
1.0426121839690419,1.685803817668917,1.392179639176415,4.100443930821539,-0.5608394141426227,0.36745215692263133,1.8051103796779353,1.8482818670717265,-2.7279846143709126,1.5341821038769539,-0.5445729318237916,0.6039788567120867,clase_1
0.8015253327623847,0.2749742906397741,0.39626850606842123,1.4453984572484773,-2.6859925724245075,2.8852938466608284,3.771098850798495,1.060295841038084,0.600226573557271,-3.679456965456379,0.7972522985400334,0.6158824386732288,clase_4
2.407982334975123,-3.040791810327879,0.41302222277463874,-1.3727450502651921,-0.3464953348046975,3.4619830396980156,0.7175236851326457,2.2410947371813457,0.9028565949181395,-0.0734798771029721,-0.6970789128006968,2.0337399364839825,clase_0
-0.8215779817825649,-0.7502287820521004,0.3424124016670369,-2.910788923429891,-2.2190741278028545,1.8424856829428915,0.19273688340428197,1.1122852686296352,0.2673969631853683,2.4726081745339368,-0.24506508704326077,1.7421528292626893,clase_5
1.423560675731906,2.101724541321845,6.225514676511681,3.1178908025238457,-0.9921890387092407,4.853607177755607,-3.195372882387275,0.7606424926038675,-2.121438091245178,3.0655139206909476,0.03949676120218946,-2.8239105730843876,clase_1
7.419661124050456,-3.3920857361979255,-2.8549076417658377,-4.140065318124228,1.4062907143305894,0.73005019905288,-3.50854192410376,1.4543157281469345,-2.2667455875056777,0.2368504159431859,0.7495550374451283,4.248109441759831,clase_5
0.7977069295745524,-0.21794529818391117,0.049853432103798,0.6208241646085424,0.964705473882945,-0.7806755971784598,-1.6189730877847648,-0.8509465009335275,0.44477248336400105,1.13058951342389,-0.6700905738180335,0.11883669099527727,clase_4
0.9846161121695901,0.7894425080642284,-0.7973437862120818,-0.5139917504111495,1.9664761823947725,1.1782170747829388,-1.2541100435841717,1.5487142442071677,0.5716693968292972,0.9015801592151931,-0.816023071946203,1.3155727113442959,clase_4
-2.2676476904406253,2.691679811802521,-0.6418009660056394,0.03206408454278464,0.22574297346733085,0.16868731739839737,1.1721661255946179,1.0512892918325194,-1.2558425808960552,-0.528945417286804,1.3999034411695583,-1.131626927959425,clase_0
-3.7571097584976676,-1.6251609939655358,0.2687947550827092,-1.8727668434421458,1.7564656379000076,1.3793823107649343,2.496465151160649,3.5677373157361587,1.0262158768591214,1.523295206422607,-0.5944136985779728,-0.03316473789899643,clase_2
-1.9190431831800856,-0.16843857755089386,0.48158234042228765,-1.3479915159090619,1.454059197267902,0.5574853069695408,-2.868440387288209,-1.1395856985161386,0.9820600259667124,2.283222281202648,-1.3191719578321237,-2.230308908461624,clase_1
-2.1638413518135833,4.37092963584519,-0.7411968027410276,2.0069836304969204,-1.2053089066528013,0.7875914011398515,-0.5623479596499722,-2.014537551886283,1.5074371245847629,0.9214594470510983,0.32450432237081295,-1.0105899910564908,clase_5
1.2986872674749759,0.37133210293622954,-2.1403544569823523,-3.546674640725903,-0.8124580323892021,4.483620503743742,-0.4118794755411045,1.940189940442765,-1.8272597488506788,-0.6374097990639944,-1.0499135453695274,0.23183805646920674,clase_4
-0.7399748597046165,4.109843307060185,1.83416478624803,0.8320067113594041,0.14176708923387038,2.2423933241099734,-0.6007089336453615,2.40033801679419,0.9105481308860301,1.99432498015447,-0.5539346838422423,1.6529972973261584,clase_3
-2.8961364112162595,-0.1958946971095702,-1.4144184936111543,-0.9945944549751837,-2.2844710026466366,-0.9339488655649548,3.3271970557587105,1.8145061378724898,-1.380676193229881,4.097989006042733,-0.6282984920177531,2.396281041612288,clase_2
-3.064689146726198,0.14350241552150922,-4.790621787522904,-0.8911154271201351,-1.8682568590767115,-1.1227325588133996,0.3505565611654373,-5.629141276751852,1.545692051085389,-2.3149667068407433,0.25555969898680325,-3.6488841147061226,clase_0
2.9565964720129787,-0.3700765957460921,-1.692207032236439,-1.2368230471516577,3.8530486027433346,-2.3115223221942403,-1.640360945927823,0.5213791996614012,-0.8213653216956172,-4.052663303836449,-0.1754584350417629,0.27799714816664256,clase_3
0.002776144106765244,-0.7782574884194009,-1.9248237711140834,-0.16449710832405884,3.819033654045035,-0.7189062589692767,0.1741441688436951,2.1327996961050246,-1.7415049605498372,0.27516162172503744,-1.0172453692868415,-0.5455320254067673,clase_3
-8.474744876170682,2.4910266347928864,-1.9267562822522595,-0.9423301023394772,3.727970903651614,2.6210057367014317,3.535000219448847,4.872452178099641,4.637081744660872,3.959650036472433,-0.798185893896966,0.5426659473344015,clase_4
-0.12253665806886466,0.6612790844308107,-0.41272443892473104,0.37241916478461917,1.9246107342833898,-2.155928206881257,0.4649098893282433,1.4527373542049615,-1.9550789417169565,-0.09097132355037563,-0.727949867474313,0.1849861194107676,clase_3
-3.8725766559971806,0.18778024371229662,-3.236122726794129,-0.9022595117075525,3.163746260658911,-1.7319905566254798,2.485124164008532,1.821200617147729,2.6894588777843143,0.3295237633495588,-0.8042679214494173,1.1883569550580777,clase_5
-1.6792473348249741,0.7408375000951775,0.3573760752667641,-2.0376412246618942,2.3945364922000003,-2.2536828914633906,1.6261065551797607,3.22827961682081,-0.8240546149881173,-2.2173769177717673,1.4262342580797647,0.7604023375807387,clase_5
0.6879914314320534,-2.8589693928689934,-0.8123657120238063,-0.7207337674202063,1.220994714959243,2.3325236195927763,-0.5997364012342254,0.24870867408481895,0.14561742358042562,0.6349514610758678,-0.2167150113864274,-1.2529283142578276,clase_0
2.966092476987777,-0.642529363858511,0.49746082509873757,-0.36983662534877904,1.5721229250233733,2.4376244608629296,-1.4524001084932432,1.569489142389165,-0.2246057106360646,-0.9674027856001219,-0.10712721717067626,0.462513247346969,clase_3
-1.7716218820781502,-1.0070780713798164,-1.3904224565237646,1.6286367801848698,-0.6373860950326165,-4.351378936224032,0.5987390192610054,-3.9930223895394126,1.5261581870299874,0.06032003367237282,0.34413370482806543,-0.9252233203431206,clase_3
-5.684871962287398,-0.04766671308129622,4.06918427634878,1.2984236210385254,-0.8565641613022001,-2.402399321925452,3.966541419689647,2.0791394935202976,3.8193954275908686,2.989888812170789,1.4845207658486996,2.1686900420700876,clase_2
-1.5152025152513364,-1.5665356372753905,-1.0617254348639849,-1.9863895811116536,2.5723686062768394,-5.165054632626556,2.287895784456367,1.5364120824690783,-2.016801133365096,-3.198787743496828,1.2069703246322492,-0.23269598157996707,clase_5
-1.9129793906976473,0.06014966047327208,-0.6517824454517878,0.5244117082223045,-0.5822481423634007,1.6028497539350934,3.65361014769379,2.1588300878645,-0.356341906826358,-0.5378190080675651,-0.07892667577455567,-0.07339566965778255,clase_3
-2.3848200070602767,-2.243058053789607,0.942486316809588,-2.0816082266540583,-0.7625022359927678,-0.45931650702006865,-0.9006772820268166,-3.2777015542920585,1.2500705578862028,-2.375422004743954,-0.41451621746765044,-4.204740248627825,clase_5
1.612511071450707,2.2870149676594504,0.7670240089689797,-2.0328318622683,0.43550039812897245,4.666523962567487,-0.2695045488112908,3.1139781280397734,-1.4175425867017237,-4.022732939415633,2.024028536379257,-0.6990891246548167,clase_0
2.014068953946884,0.6779848013205174,-3.469618776992087,3.470662110409979,1.4758988924781744,-1.344249475956524,-3.735353270518912,-6.280428431659524,1.3430545660169313,-1.0210026553381273,0.11502556634280714,-3.251571206015556,clase_2
-4.154189500694046,-3.484620205565025,-3.2002704474962185,-0.6625532718311784,-0.42968683578198713,-0.758597775394915,2.889557117932757,-2.2214226555382828,2.0283074918081816,0.16179978228775582,-1.3448867807811995,-2.311503664575528,clase_0
-4.993157435180185,-0.9097502564458511,0.1066591796853451,3.7918037981178037,0.9575793201307949,1.3285898591061756,0.8945925395811336,-2.1424814521290965,3.6157344539789413,3.907757658283476,0.1311121961784342,-3.6293457814932104,clase_1
-0.4629719578481811,-0.15011719376040644,0.8245519553169731,-1.1986378935168256,0.6650952994310899,-1.4045766239463922,0.1252417531918606,0.7537372612876807,0.7386951558615551,-0.8829481111275757,0.27838569532088264,0.8944813748263679,clase_1
0.5728932246302759,1.9221260280646064,-3.501824739505726,2.4074778953435008,1.5913424709450275,-0.31001792541299333,-1.1609945247068745,-1.3724899939035076,0.23193726425407868,1.9296391668355533,0.9120236709883057,0.13611296877304235,clase_4
-0.49038188969031105,0.3242579677571866,-0.48565609182842495,-0.2022520791373107,-1.823611699432423,0.25957089944798434,1.7366265593182597,1.046937478589311,-0.7513879702008007,1.5553232835227453,0.06876175084478278,1.7530182745951792,clase_2
-1.8756506371830686,-2.2363789452307588,-1.285068389509044,-5.80660692559096,-0.6671363243882529,7.010287700193717,-0.6454617689941924,1.1125617215039552,2.2912696475874266,-0.34495274020745614,1.1622611105711573,-1.7536946980713697,clase_4
-2.5362415893492667,0.6211153249957335,2.153918007588216,-1.545190697963556,0.6913194141098361,1.5434122149064502,4.090054662000736,6.250139133386396,0.8374091970367372,-0.054205724309447145,1.2461649978779448,3.0337070531695245,clase_2
10.29503787633325,-0.18193790016518085,-2.0868977621987987,4.008221789910693,2.4513439403760753,4.9189945081339195,-2.211513526612033,1.9701918646173586,-1.6567639363232003,-1.7043693558106436,-0.08194248239183136,2.97656741608765,clase_3
-4.439380569714996,0.3854577162108668,4.3478079511938965,-0.5891597944278584,1.0614363040938466,-2.444095569976099,2.4840031411898846,3.649416326332045,3.1146466874484027,1.7229195770415713,-0.21469454738683721,2.6722341537765244,clase_2
6.437155493572769,4.812522197856914,0.06385634261371087,2.528746820567556,-1.0108375433294872,-0.4061230763216134,-1.8197510928179936,1.5674284884701755,-3.314140629453978,0.46985634984580926,-1.1711676678012368,5.001467786247268,clase_3
3.8300937061551434,-2.496654137745954,0.935828175745798,-0.9367296893694487,1.6860257563877616,1.128107291471597,-2.6863573570023664,2.043997931368392,1.246249475247607,3.909975255061031,0.7206105486789331,4.188025725505992,clase_5
-2.507632237283324,0.716470634960117,-1.2603007573775757,-5.103541919474561,-0.04622903738071904,1.1817279318193679,-1.4411677224809154,0.19217842313422173,2.543179835409682,0.40318946182047416,-0.8585862256299859,0.7090597248962179,clase_1
-6.295556646260265,1.2935944968563018,0.4236635402793106,-0.6270193716824608,0.1675659573641366,-2.120876459698449,4.888585492310937,3.3305155162653235,2.4557369796114905,1.6394776262260162,-1.194683468016552,2.316005227725219,clase_2
1.9745894284550074,0.40992812418286895,-0.16759324750327587,0.19298987235465237,1.336820729473889,-4.81097661848627,-3.117228399999304,-1.4392444836782938,0.3146989867596396,2.6473301558402635,-0.06068543320192063,2.982920382530831,clase_4
-0.06271849956660766,1.1629018924848569,1.6196163137570991,1.7626890996089,-0.533549606286674,1.5126654681021383,1.4078505139911601,2.250760271617684,-1.0375902495607103,1.387960262861982,-1.5748799874627346,0.7628156331785356,clase_5
1.587754706569994,-0.5083967235226895,-0.16770788840342266,-0.5392412815527734,0.24149340567540362,0.511906658991663,1.8231434157236477,3.3853536286166417,-0.8558398654577541,0.18104311810355855,-1.0381392850114375,3.2672572124551182,clase_3
-0.6891331112703749,0.4072717883568582,1.62672627964716,-0.2304806399906707,0.25913199481388727,-0.4286843749976137,-1.1561014971588948,-0.5354361157529965,1.766419102750681,0.220863944827266,-0.7172829730156689,0.010811802617165855,clase_0
3.6993801403575692,1.4407797921567207,0.41501542477817677,1.8240988600967465,0.7398689569444752,-2.5619847140971777,-3.0474922905431114,-1.593230212841824,0.34096611529144094,0.43481200221692373,-1.3364024233582634,2.2812735479421953,clase_3
4.822880524321656,1.8001462021460453,1.7570205384071398,1.065607100028496,-1.5496951737971327,1.5812414996537796,-4.682596476491245,-2.9624568210220743,-1.5906396114690569,-1.3610362080978782,-0.2889772582661584,-1.3112691860084102,clase_1
-4.202225670566707,-1.2965087895311012,-1.3876708261894524,-0.36515958543434796,-1.1412948622083805,-2.5099319734453864,2.325573897376356,-1.5893621468965522,-1.4250701779244694,1.005813048734531,-0.07728950014938255,-2.6187223233730963,clase_2
-5.107423657200548,-0.0697196413250345,2.455697139791601,-0.5037277453278409,-0.26643146558293124,1.1912445142713928,4.774541385544002,5.6795939574721706,-1.5426172333848378,3.6985350546344904,1.2882104710660833,0.7336161485747472,clase_5
-2.0265867737480066,-0.6315168885678052,-1.8679752181449631,0.3597104938507019,-1.1505716290602466,2.346587095131934,1.3049496227768673,-0.618989401447251,-1.140382896475426,1.6535222249941186,-0.40849951815620644,-2.460827247552722,clase_0
-1.1329418593177445,-0.282859508923087,0.4906733377859469,1.6436489530296063,2.3184710729010316,1.2089525226157825,1.9653016549431779,2.8540292804056064,0.028555716608873905,0.3378470229320582,-0.5198252221735389,-0.408081380618631,clase_1
2.763619228029166,1.192763947296621,1.7047071749603482,0.578345231988169,0.6892880815588858,-0.9406165362678215,-0.6061071761693063,1.1872605262763332,-2.9815858045645287,-2.8523659433629005,-0.42967612707459496,-0.1358611764878106,clase_5
2.309526945799776,-0.6597445651891983,1.4955689731627873,3.3521631557386584,2.202468614158229,-0.7062759965681533,0.9369783454821025,1.1699087550007419,1.345831865994246,-2.097857957168382,0.4924834847446222,1.1278849679987872,clase_3
-2.178392166858111,2.4002651718528973,1.7678130015767763,-2.3361997771604956,2.1302203868995204,0.4236912040637073,0.8828010766379497,5.266914564488838,0.17033228755811558,0.8855668567744165,1.9961523197549256,2.4392469443467943,clase_2
-2.4445052254583675,0.7750523299143919,0.7427679673816381,0.9354550304612237,3.8316718791627054,-2.3491985708729546,0.22991274594905375,0.31031438517762716,0.1754708170624476,-2.8684347912922297,-0.8777773064358103,-3.1939812844931,clase_2
8.391808050929571,2.7139203875426317,-1.9571577197476675,0.8491143967264939,1.5596712272263682,-1.101866607084297,-4.402186632656974,-0.27609463012103036,-2.9711451512836717,-2.1154174112104567,0.6235995270520134,3.3258705332762757,clase_3
-1.5129037781337822,-0.04453476068437989,0.28434748328007514,0.2848784317960026,1.2491253172234935,-1.2816645447242905,1.4284779058227124,1.4808872372063537,-0.43629066381682935,0.1288467973872237,-1.7985004951846741,-0.024089463976642356,clase_3
-3.5740070204765573,1.1130771897493834,-1.8922669240171497,-1.2202424731334331,0.355928141182856,-0.705912249337056,1.9939709839004236,0.4980190860375565,0.3670807079285343,-0.6727505725865447,-1.372791249746409,-0.8142280077092089,clase_0
0.09452829166646222,1.3172315218776987,-1.720218164381955,-0.4445107471257258,-1.6479717537950265,-1.2271935232662738,-1.8266616868716636,-2.9808498658195024,-1.9977721804513158,0.851416676877706,0.9675229949091757,-1.3729946622025075,clase_4
4.228378206881967,-1.0856042927911755,-1.1525195222763398,0.3753488789983652,2.8250429639319234,0.6713653109843429,-2.1509018677146416,1.3425769719919802,-0.5181421167244029,0.77947202453852,1.4103123065906453,1.980949909886091,clase_5
-6.25386362652103,2.056997916864529,-0.0024171218397012195,0.9054968308926532,2.7028649318596845,0.04619935087153193,2.2770959718047346,3.0677388149683367,3.3108978866832013,4.313064403418315,0.4395100188191182,0.8008905253750924,clase_4
5.555867617820686,-0.6056565417561706,0.7311121499888525,-0.3882126552296743,-0.3475845729552616,2.589541875825275,-1.4432471668070201,1.7858900281832628,-1.3251996995733746,-0.8698069891076934,0.9031675919947765,2.6743241572815464,clase_1
-2.11344038475949,2.8632011114607483,-0.40360284658712664,-1.700346349270014,1.4645917342107198,0.8825704635222256,-0.14078186834944906,1.2763263759744699,-0.06793653752364603,-2.2859294088806226,-0.7681942350054822,-1.5376343553205856,clase_0
2.7783473205371774,0.9748710982751723,-3.340785926803992,1.1585619138187855,-0.2968109144820119,0.2752439291106836,-1.0437719266969583,-4.430357839622555,1.9731131011072771,-6.3963363974576115,0.3421194201096571,-1.7638382846455187,clase_0
3.6301007616189858,0.7678142973476647,-2.394076136197976,-0.5988265269873687,1.4518732542114334,0.1947925518141329,-3.8976987475957294,-1.62501484516355,-0.6904265145087105,-0.17915880764239822,-1.2093244677784134,0.28401562498986765,clase_0
-3.0352054951397682,0.15305339271781748,1.2202046729385327,0.3408144602351124,1.5696066662164103,0.9951879182192699,1.1191248081840113,2.146815620630244,1.3175639831340256,1.9434702358853102,0.29378668827472265,-0.43035945870218506,clase_1
-1.9443090904317861,-1.5889459325830755,-3.342561159685401,4.518679883975263,-3.7525921419547688,-0.33368510213955194,4.479131533483945,-4.175504853200396,0.3897969796274044,0.06545817032896384,0.11704103558126315,-2.216278666184801,clase_0
1.9289148577155915,-4.707514014741139,-4.384008217535668,-1.2223866550440574,0.8392192584175986,2.369390762766597,-1.444305192303272,-3.011742430751334,2.379254223113395,-0.268665425359341,0.0790738579626132,-1.2287556273827172,clase_5
-0.022878517681556368,-0.6501538671146292,-1.6013114568853797,-2.1735758158550498,-1.6392975238235916,2.285752525703662,0.07066997194700442,-0.10731887483740114,-1.6316839398400387,0.24744756759112746,0.4782239401626234,-0.8888334344556019,clase_4
-2.0248973706823774,1.45613370673006,0.44524017645188063,-0.838760306492783,2.7597909545420336,-2.8269416863173324,1.7987226730818915,3.000304903742358,-1.1055096505272508,-2.2289359383609506,-0.6333299215302364,0.20337357384045335,clase_5
0.902320790763221,-0.9535018150002315,0.8508932722957452,-0.7739763982457313,3.346710427044316,-3.4867086984398687,-1.4057883796568496,1.5230515787131813,0.4617776622912142,0.8799923564941303,0.2109261619639301,2.234739158486412,clase_3
-0.6903861922987145,-0.6857184510128627,1.2777184177758558,0.6756279265975796,1.2044552602527983,0.19769623390052093,2.1388350146941644,1.993513258443201,1.6606410227639357,-1.8166673368674282,0.3956975066080047,0.6086285593030728,clase_3
5.803514588939356,0.6621454618584623,-1.2625725166400574,-0.02352569994028053,-4.465596785090193,1.141361972059706,-3.777241853716424,-3.982219652152657,-2.8190481828114775,0.9155023411062813,0.611106095446024,1.0129547104173182,clase_2
-1.607480094649249,3.7875543560571243,-3.7467901202530545,-1.6077594907202855,-0.805440385783867,1.8652039289455933,-1.040067017611015,-1.3720658249746014,1.520065816059056,0.11178515455703597,-0.9606131764128261,0.020633425706654718,clase_4
-0.4902753738526809,1.7481654664856856,-0.7352909811327031,-0.8665033430108994,-0.6400630928545102,0.23717227359957943,-0.6216770854859637,0.3265832347006161,-1.3161047740976901,1.6033122800985655,0.7354432862041588,0.39402556707831926,clase_2
1.21727264325454,2.283994407348655,0.6616937059736036,-1.208360508109855,2.0118762312419483,2.460880191804118,-2.952974627178685,1.134888619821121,-0.6202086015612205,-1.1835752765510767,1.5327838847681055,-1.1874833969920284,clase_2
1.2566607413041209,1.2393102756799772,1.3480102198019261,-0.6693333611334034,5.220906478019167,1.5342663222695052,0.38320634544888366,5.898644964095883,0.06864074315503532,-3.0139689218031975,-0.18231470071699332,1.3889610446425564,clase_5
-1.528458000949104,-1.8926021370657942,-1.2952515617321028,-0.12905171952598615,0.7465229837042093,0.4700495174163234,2.0855168290430157,1.6475097255040358,-0.6321035144992646,1.8743840988972467,-0.5076919783833868,-0.007150125655406181,clase_0
1.8661238242468854,-0.6257120704876187,0.11020490158438867,0.5954970640291979,1.030495018943762,-1.2975723836066442,-3.1253395426266923,-2.1514358571837082,-0.3404030364869892,0.9827484663231507,0.3108383975387898,-0.7863582269345717,clase_2
-7.934694808607832,2.2149769597279345,3.5402176770998492,-0.8174987043650973,2.138234669346334,0.43663545037289164,5.139348089609836,6.99882490534948,2.1573550789674276,2.0498556999985285,0.22238781413469702,1.1967151410069534,clase_1
2.8540623014397575,-2.0890057715890697,1.1161297710655902,0.5211786270189288,-0.4940732140637172,-2.385055712977305,-0.22646015815711024,-0.5496357401254943,-0.5033003206484561,-0.5670149710494801,0.04450208231923648,1.8057716556313856,clase_4
0.5419259780295189,2.159755473511134,1.301492225059732,-2.633983780238178,-2.4809702772097277,0.9714743983442644,-2.9026292945919847,-1.711183604864951,-1.4735067527279744,-0.9850854428088145,-0.7172639058443472,-1.3342043859387844,clase_4
0.7185124966384306,-0.29739716146612216,-1.500017038106207,0.5418706125501023,-0.4029465221668407,-0.5480945524551419,-0.2794616935077793,-0.9173239726774964,-0.3908392318128173,1.4485959794536485,0.06318366880775604,0.6624842839863203,clase_2
-3.3279007372774636,1.760199496375054,-3.187158200280841,-0.3362283698590824,-0.5157485242763824,-1.8540819985016481,2.445651956922165,-0.9108313343835339,-1.103528762673322,-1.5430834894733518,-1.521442092065485,-1.643733779469912,clase_0
-0.36354354380960996,1.206108675843785,-0.9837300314992112,1.228229928944118,0.7748561330361522,-1.1833818194044459,0.7265825139266846,0.9285184059493791,-1.2893451269433407,1.436647748428942,0.4293507136612708,0.7376662019102154,clase_3
3.794127389903037,-0.8828105501514604,-0.5276363375664843,0.7563409178674472,-0.7412931984658986,2.9867880125793516,0.8499344701898639,1.7856304456710854,-0.6409317396499594,-0.6263923838984856,-0.9999470267933823,2.249867882158173,clase_3
-2.238206814420031,-1.230823776442912,2.0010862854417115,1.7343778946402848,-0.31749105132917865,-2.9538355676638908,1.547914089224986,0.016188877797820852,1.960865717343191,3.1972320511779637,0.9390291574991455,1.6886449030096702,clase_2
5.311680348185128,-0.31923649770694734,-1.1088888494333609,3.9411177350710993,0.24170349538475888,0.9376134348512808,-3.5276530351252164,-5.0355122673556165,2.0518348117776997,-2.5729515701534122,0.22884920809590747,-1.3231232164447353,clase_5
-0.7431384602794594,-2.41741207640056,3.6436545601645776,0.12551809995462038,0.041774179996855065,-0.5271604498920749,3.74548759111602,5.174230934329183,0.44105342663850916,2.392573748280247,1.1892834534396428,4.121748768547757,clase_2
-4.21342124583157,1.743320525617461,0.029037694816411275,0.4484620090525968,-2.5956837579089047,-1.6965567138244462,-1.1218595554290907,-4.429328420950429,1.6183360317353497,2.852104434284729,-0.5703967395967432,-2.2506260658464248,clase_0
-1.1471086523244596,0.8724015595745582,-2.7295933692156673,0.15606897484674664,0.7092117166341624,1.229310856981143,2.4299458309558535,1.6099175057790225,-1.581436929881271,-1.1465197364717783,1.1609526907425614,-0.8679754855419506,clase_3
-2.001740461868488,2.183059531978337,1.3700405927229384,0.8944179484008967,-3.4502343647428946,-0.2700161840635735,2.2583553414461894,-1.2796123074177383,-0.3356179538557249,-2.545062898147413,0.9512773888765313,-1.3931868308237025,clase_2
-5.86835817577357,-1.1889638476986133,1.9496052009312246,-1.2224658396511823,-0.6851029053908824,-1.2235192332338862,4.340275331838979,1.6437242749592265,4.172904969853072,-0.09531141183672753,-1.8581250137335916,0.8916118108994368,clase_3
-3.287396869197339,-3.909388253814452,3.6440046845382685,4.262842636632512,-2.813157031545571,-2.591055256041165,6.237843713934315,1.0417699453737514,3.2560906890716392,4.0507732923371185,1.5489179534182032,3.1812598657113558,clase_2
-5.813745628059309,2.123865440849685,-0.6324307533492173,0.18807513887324567,-0.14911205098953462,-1.3414632186098852,-0.05744605938273051,-2.1979841064999692,2.5570405573500556,2.7852738117891267,-0.23781388214842067,-2.0049220935060355,clase_5
2.1778664171122246,0.3063433648981132,-1.2243862586103027,3.074407937840001,-3.8259871957305602,-4.827474844258746,-1.9968239358338273,-7.244385603264864,0.8443162598980154,0.8386551798286164,1.607404549823429,0.6425681360320498,clase_3
0.3834405202358781,0.9944114973101776,-0.6135837717392552,0.40573723098921527,-1.1674696805831175,1.563779764902687,-0.382500872887902,-0.2072729893480965,-0.6721005601290815,1.5404520429601258,0.19392147688393416,0.1686660518288733,clase_2
-3.6557128827872645,1.0706009053676004,-2.4253743435066113,-1.1349548091444774,-2.053982105533304,-0.9830669686661309,0.12906128966739117,-5.098637435718916,2.4439349743619347,-3.247354535525381,1.1121490628065982,-3.684685208418082,clase_0
1.468726758900214,1.3792737312168046,-0.7987191874977801,-1.4173323023960671,1.8648614694398802,0.4420817567604727,-2.170246852290005,1.3664621352566662,-0.21853840822555548,0.719477320559887,0.36058001588630156,1.5487575224124233,clase_5
2.1797392224742067,-1.345226476468587,-1.126768474418357,-0.08982284397792673,1.832816278657872,2.1857601985051054,0.2332386946206062,2.8021219236882646,0.7706382817020696,1.3940097929019943,-0.7522888217614683,2.760684414102581,clase_2
-2.0209674672659252,2.8916014140255477,-1.6745871679041937,-2.11280042043696,-1.621992860692248,2.1161730952783033,-0.07634612709364341,0.9302312762966605,-1.2615573828566118,2.3709748727835036,1.0347991305262363,0.3091643523991869,clase_1
1.2900610998505644,0.39363352133356333,1.7820631204409705,-3.4513985951810513,-0.6148701997160129,1.3517992949356348,-1.8324215025581763,1.3529888963933843,1.113222703137292,-0.5643254565154641,0.31982306261406573,2.20817243058114,clase_1
4.659499124854964,0.05169466628856734,0.35264839830289607,0.3703288830753266,0.29358977763183447,0.49951409456901885,-1.2154856498257365,0.8630522987068254,-2.2574272990215514,-1.931950742020822,0.11859442305687404,1.223404877552474,clase_3
2.0961624377280414,-1.4916287398241264,-1.8942097443295378,-2.92546153109691,-1.1015983770572435,-0.3675378376781451,-1.5866308118958743,-1.5074660193204545,-0.8555773544609474,-0.8049461514887362,-0.15722671689112,0.6413630796531522,clase_2
0.6463514254229031,1.8659232218285395,0.8962053859386381,-2.9019110929273495,-0.5171564719639801,-0.40646275160350576,-0.14746019173172709,2.447326089401206,-0.6354596702522888,-0.9361939508025596,0.3182552465834273,2.894595016253473,clase_1
-7.63247794914685,1.1408411437411563,0.6707035578769679,-4.889537534268123,1.0399882269541934,-4.406961106159344,-0.6774564333197008,0.18536687179624006,-0.8342382103464479,3.1401727723900343,0.5981746029905671,-2.1894547029674944,clase_3
-0.04555560284262337,2.206220605966613,-1.196822132168831,-2.65788277232216,0.9087509119624078,3.8454097673031207,0.05357473638962118,3.54136148103762,0.6927993191773868,-0.28929734100689,-0.6827428448042349,1.91239529641478,clase_4
1.3104407243825758,1.4788163034996644,-0.8419688657339754,-0.5950998719320192,1.312544685241528,3.157942580409654,-2.6507289530900504,1.120013694691455,1.2291499054241368,2.7369273327569905,-0.6688964917292147,1.5151850552992896,clase_5
-5.008961816619087,0.5243406043223201,0.7027758859827598,0.20337264128203847,1.965938712010037,1.642519486939142,0.1265908061572233,1.4369713505305732,1.8731341764625893,4.545736318634934,-0.03425681910400801,-1.6522327329731488,clase_4
-5.594426323903978,2.4995192039112393,-3.7241566281042857,-1.2634804455608144,2.206080544422888,1.9290827932648282,2.6495987733413315,1.5598273849281332,0.8474787918576159,-1.5668076869477967,-0.3632491822528304,-2.94027069358797,clase_0
-1.1810219454173543,-0.6074714106697958,1.5224825673704045,-2.6278575792700742,3.303613398584057,-0.8855051474030875,-0.7213125134752363,3.7495537740064298,1.6281297304942715,2.093305004800678,-0.3737208704904336,2.665321227320212,clase_5
3.713602151667233,-0.8265316564934763,2.3898464312973973,2.0583402722664186,-0.4916283475480099,-1.5630008844081456,-3.2144680573251865,-2.5600675212372725,1.5511922805797664,1.1151376888349311,-0.6081535516204094,1.6019742593235227,clase_5
0.0025786798825672788,0.7852415588748236,0.2672204574675807,1.759923826354896,0.020661684383868506,0.2277644384127745,0.09274761166487333,0.23496255719543652,0.030732751697114646,1.7767767894083817,1.6941757581910564,0.4914619522468502,clase_0
3.095252812603328,0.5629534939546668,1.755772502580956,-1.4543492452064481,-0.9544067329339667,-0.35869997289434075,-3.001446269000697,-0.5786687039388889,0.45349719179880904,-0.06207496380500788,-0.244317038639649,2.3165690821779754,clase_2
-1.4996594037604347,3.755318700475291,-2.1938185357536746,1.6904537871552714,1.2888978873217258,2.3164371537929247,-1.12151701500473,-0.2162465608377805,2.897563867365485,2.4948109443789046,0.13035720265710996,0.494039080016989,clase_4
2.3616749939497783,-2.6225949749897195,-0.8284863906054061,-2.184879988568503,1.2744031126481876,1.4777111357379553,-0.1670231959522941,1.5130656912531637,-1.6097147764263466,-2.210523833065092,0.501894389860622,-0.33078185729958,clase_2
2.603552407527696,-1.5077647605091133,-1.206473872188019,-0.5892872624868545,-1.3962981876418366,0.9374282983209696,-0.4016620530184756,-0.003060422620349633,-0.7037783539274304,1.7459788098216371,-0.5160601765303474,2.2217098649965656,clase_2
0.014446849431592945,-0.2788751676276204,1.1094798665297674,1.3217190321480417,0.16560836989142125,-0.07480743565695147,-0.29213753184915137,-0.45881929789041404,1.0137499055199626,0.6936826976722107,0.13982527132605319,-0.0887487354303037,clase_2
2.682295233284051,0.06734099833535978,-1.1509915839480298,1.680757266494113,1.9414998843208118,0.013037492531615236,-1.1758237579782578,1.0959803231204697,2.165038209291531,2.9682553911020255,-2.021993522748063,4.139644636385098,clase_4
-9.0013675494425,0.8366485353926444,1.3363948571228141,-2.405967408667996,0.5815515526914283,3.896589343470257,1.6843079889435872,1.854994623480443,5.210598964272447,3.5306872914555667,-0.2245550415906529,-2.2706823969117584,clase_4
1.4483363053116758,0.559395814924218,1.5952834307911823,-0.7358304312289645,4.603735772088146,-1.0629199517362213,-1.9288082365207109,3.4580761401212974,-1.5841191077545174,-0.2535570484833122,-1.8454238848045357,0.5893916119683427,clase_3
2.0237518116475477,-0.20070533727597334,-0.6725944644548442,1.3167973243924946,1.718456117212354,-3.0761980593627154,-2.554944627507896,-1.2714880233926527,1.2200861733609358,2.9359834415984265,-0.20013455422813764,2.586318994729673,clase_4
1.4806758499584887,-2.9426943631648976,-2.8851936638414957,-0.9787949985872295,-1.159235624662211,-0.6043240215806438,-1.799852158400726,-2.9732774588930377,-1.9030353872230608,2.8040733055427127,1.8044489719871246,-0.7789676366702458,clase_2
-2.045158214630221,2.048554069230636,-0.741525771710339,-0.02376323145031045,1.3564802356718484,-1.7095812760639835,1.1242897199366833,0.5076255184951468,1.8394434537049782,-1.8192270403147843,0.18710153722227268,0.5485352577552316,clase_1
-0.3108321874197238,1.9648485906608262,-1.961469957347845,1.6820687319877687,0.20493429003664093,1.551933998009651,-0.03978571932489694,-0.6508918741167187,1.6816014412739921,0.7649528371120213,-0.8341940938737827,0.2716220519428043,clase_4
1.9026467082214855,0.6496718533723691,-1.3026848643185513,-0.9589573515521443,-1.4329331924140136,0.6719194100234904,-0.9345478229598505,-0.9135436082740225,0.7080221144901054,-0.4124309946918743,2.1511640414257696,1.8353014151670048,clase_4
-1.4391986147109093,3.4052052589325283,-2.3980586705524622,1.492531926273516,2.1204776322040235,-2.1165239249101733,2.9800251502507233,2.3652815314079905,1.0449435993037766,-1.75767250326456,-0.7522345365274425,2.490251134742996,clase_1
2.5565744129884997,1.0786765503431983,0.9083130051571278,-0.09030290448154099,-0.8077995104468099,-0.2415062919208948,-0.5438415339640505,1.0358495574784439,-1.6386356811702536,-0.3570511519328843,0.016707384737974892,1.9995806956127244,clase_1
1.2318250325442734,1.0087984062749904,-2.105317880334754,0.3278057205724925,-0.9864321773004401,-1.6827518850137497,-1.2474803469403937,-2.096908375168158,1.7631713920674206,1.6559735946413219,0.51486117993516,2.8340436868234624,clase_4
-2.21376387493954,0.35560341760513436,0.3922485916041565,-4.381611417255889,-3.3042892904584917,0.4613886372062603,-0.33551890359207265,0.03395608407628926,0.5183330795495589,2.468928662595123,-0.09074675733912281,1.7334443520428369,clase_5
-1.590157695751807,0.6541259843785162,-1.2173770120154437,0.41805344084109763,2.7408837221029314,2.9091376466510033,0.4946363232733263,1.8520057712394957,0.6663496361385448,-0.0830155733676583,1.7553110706333046,-1.7786424443390236,clase_0
-0.12975046505063403,0.7325360022980387,0.5897855997134651,-0.5110794144374554,0.7017647403330152,-1.22809364003077,0.25573456677979667,0.7910264700704284,-1.2978030450623095,-1.792567308995501,0.1325080968421812,-0.4691093729107336,clase_3
-0.12487614658186481,-0.4260912329235444,0.9392329738261429,1.641908304402618,0.7272220517364997,4.523818975204695,1.4798054759316759,1.7264324639195723,1.8613131217273862,-1.2365580361330797,0.08434103219821125,-1.0864440541500564,clase_4
-0.022442967803535815,0.5770120785839893,-0.39819632848956443,2.055961529817102,1.8544626057878433,-1.471242785954016,0.320239264740574,0.49987555411455803,-1.0248114923890004,0.4868045171613024,-1.2026910288948676,-0.37373189175329524,clase_1
1.6010693512417844,-0.6797853859409485,-1.0691273822792868,-1.9985610422708617,-2.9521221902105577,-0.8521312375155736,-0.3608043378529002,-1.7243361148965375,-2.415613244251749,-0.9199350070039993,0.7261275213503737,0.20600786001260424,clase_2
1.2401396560336742,-0.7253528212997052,-1.0409257642897405,-0.5927616097516126,1.880790889150506,1.8479060343427092,-1.31434319402969,0.6698746376926656,-1.4941087686425245,-0.28011338252554785,-0.12051837437919372,-1.5799034640737666,clase_2
-0.6900232197745624,-1.5907838866629336,-3.7930976933820473,-4.606343924987493,1.7088941961304502,6.981393393559512,0.8648752828591311,3.695942387647889,2.6767317659268004,-0.13284086802990247,-1.6540355002607023,1.0729081260490876,clase_4
3.2251636943543733,-2.2254021812837372,3.1651436125602723,3.5686650370712387,-1.6619418993081931,-1.2633039652511573,-1.6545017431965638,-1.6620984327813826,-0.11620492528096049,4.445482806215615,-0.5747932272153171,1.8706756872353558,clase_0
4.535816190893946,-3.634236521199192,-1.5592453513187834,1.1345130245712873,1.4986609380020737,0.21395195649821885,-2.9029144807616802,-3.6842385220309475,1.1918196513598829,-2.4092208122057226,0.5063634710620628,-1.5970314581610459,clase_5
1.571062746033987,-1.234341103588661,3.0423236644358687,0.8865779680273151,4.115330969029225,-0.6661557780473707,-1.705869204561125,1.4523814980501126,1.4037201052826043,-1.8328684297968965,-0.8480669268854175,-0.4488761707468516,clase_2
3.805092356925878,-3.390685028125289,0.349618582424589,1.0376975925223448,2.2649170562899203,-2.3549593446678436,-1.5242803444647297,0.012226897363853661,-1.9227761820377414,0.6263020710604394,1.589446936104708,0.629117192076685,clase_4
1.816160318013522,0.16721727330237368,-0.7449630327802534,-1.1593322322843496,2.693964450808278,-1.6669649832349247,-0.7066322412223623,3.0477105079073867,-2.1656200082378287,1.2128165974447112,-1.0011375578851496,2.6274368807767483,clase_5
3.593993950631587,0.23699104641658586,-1.845300695093359,-3.1000899792802876,2.792643866384605,-0.8716118732133634,-1.2044923643611445,4.259057672356508,-3.164946877601931,0.4996381389081954,-1.308778304485956,4.071649108989093,clase_5
5.4328034941692405,-0.6349244822507322,-1.7562894662107145,0.19369275535227803,-3.5414558161565353,0.6907776556957841,-1.3613941891672174,-1.6946641916131078,-1.809732179409202,1.3880775483573677,0.13292846482750106,3.326172532258214,clase_2
-3.5569505229406726,2.0916665742019793,3.766795836999603,-0.2433698782917884,-2.0357405191566844,-0.9564110604871121,-1.8513283900601647,-3.7506107856208923,3.423978243920133,-1.230964861805869,-1.2318686881330803,-2.8558759434063044,clase_1
-1.7137748709398049,-4.2926103445707575,4.955733938378283,2.6031884467887787,1.6947619922346417,-3.615759310133189,2.7149281084422574,1.7101634186458559,2.7155417113810074,1.3983595129391895,-1.3383306268204636,1.3183302654433262,clase_2
0.3980066231176461,-1.5073616717313687,-1.1271781930964138,-1.2809393238162763,2.25444300194796,-0.9108902661148295,1.5426936697763947,1.7837866266895812,0.5491292587859312,-3.2051439817197283,0.7731318638032247,0.7398855039160351,clase_3
-4.5672715623049,-0.6961117481793784,0.2915112233375679,-0.8926251880493108,1.8489496947543653,-0.6989020897506701,0.06773618125225422,-0.14696805215521752,2.0293579205685317,1.826341141803553,-0.06921940794151801,-2.092426512830113,clase_1
-0.7505162564068016,-0.8345707614601807,-0.383178635051417,2.938254682518452,1.5238262792263997,2.0005515652264916,2.8278868951579312,2.532779056697745,0.9533562727713605,1.569949791296466,2.847009588957641,0.5885446346809549,clase_1
5.932159856734445,-3.1463528829870864,-2.284741256989289,-1.0249109544716568,-0.8689539858088353,1.0602547470660646,-4.20338411239173,-2.798006492943602,-3.6692423249040838,1.5298142605906522,0.21554563500995175,-0.5433735525380119,clase_2
1.0505123407265249,1.67041322653971,-1.9865099297170596,0.4777323607674905,2.419045822319982,1.755362593393303,1.2092898050072143,3.4136147041374603,-0.7560785961584845,-0.885931785660629,-0.12265510030761952,1.4721318488892807,clase_3
10.368206462059018,-4.228385990205322,-1.3076144910600982,3.1733993025369704,0.6657233922099829,1.059311591551445,-2.9632856186838534,-0.4240135042671059,-3.090156510487862,1.8585838023524903,1.1651571238945218,3.3007464045500674,clase_5
-1.6717335046504151,2.4703598194557888,-0.8859260078675976,-0.5444372869267424,-3.739647452373487,0.6068131095168408,-0.17511186611560037,-2.044786259876903,1.8152315759860878,2.3877319036119724,0.7665037670055789,1.5266449350163185,clase_5
5.012357699782284,-0.32454256260723346,1.5578996436523807,0.2780030073187071,1.6389887765438342,-0.2884787131312757,-1.39943261599262,2.8886023522244333,-3.3056856897976816,-0.3665944741732286,0.1789317289381608,2.3281744335407417,clase_5
4.005618614283137,-3.602067223384993,-0.9389383718700874,0.5013047449033659,3.844725329043065,1.5021388571446548,3.175355142622438,5.480348665886866,-0.5245980094566962,-3.16867413227061,-2.741489429477377,2.9604674512143916,clase_3
-2.1334871893233154,0.8202642498972998,0.018436628169301583,-1.273160153326085,-3.341165012564388,0.6424161337322776,0.18980610713415236,-1.4169174038044965,1.006313251851856,2.2044636558954642,0.20935433018761473,0.4796269090259231,clase_5
2.2886471787922016,1.023439664376691,-3.5966384580798803,2.064259568176622,-0.03887704824751226,-1.4570417682927033,-1.4356654803175322,-2.0127313808525997,3.4065026601220616,3.7899722132957248,-0.8730525596772274,4.912552829063668,clase_4
-0.6412132168712895,5.606847091030245,2.950273364035789,-0.8621274305153032,-0.9086294387222955,1.2607272855143035,-0.10729655655348791,3.2909917559721515,-4.340525136061696,-1.3835211081971592,-0.2628490661603728,-0.705524248773481,clase_0
1.4429452130371747,-0.48682826282210134,-1.0708621263693443,0.16101601298504653,-0.5038790978055978,0.49994359958928936,0.16552134989133127,0.7572307835060758,0.3116041862716162,2.2607945306671056,-1.4036673060505274,2.7646770180022386,clase_5
-1.9043539757285817,0.8736720420268473,-2.3340178612900484,0.34949175830285073,-0.6925397419826336,-0.5614192606138277,-0.8955396162158498,-4.29163567828702,2.871504420630485,-1.0816401173963375,2.191770332050811,-2.1134961431214965,clase_5
-1.722010169568779,0.022105506753989812,2.5963724432532516,-0.2771560708637235,-0.007120347525146564,0.5875371210624551,0.1920529538176523,0.4194081920857571,0.5654457086043616,-0.8326941395069327,-0.8791360931076848,-1.664800456336345,clase_3
-1.2556162208966033,-0.9906042310809842,-0.2110637868690699,1.5486405132664225,-0.9781441754975695,-0.26217371105199533,0.5851504570761517,-1.256025708269256,0.01105402633342123,2.7560166892795905,-1.298741686610492,-0.7242714602028801,clase_4
-4.743383707090833,-0.8646382496299446,-0.95505917434192,-1.5108126827311383,1.7275294131354422,0.06913506423629268,5.340724860640532,6.416484585243189,-0.7484762517329472,3.6098014690075955,-0.005587133968183114,2.57627652526579,clase_0
-2.3763978076783983,0.6896701813676596,-2.836078727016642,-3.905310709208636,1.559609038310058,-0.012924614986944416,-2.242446167445205,-2.234904640585314,1.7619358028220347,-2.4353238503238446,1.8744244469332438,-2.771476272010669,clase_0
-1.9102664980291262,0.6351207167243638,-1.2191430325861639,-2.7548456820179776,0.4699613292625615,3.335910999048978,1.776300709597952,2.068758676300148,2.380204905815238,-3.155530618132249,-1.726803202706756,-0.08375614810536847,clase_0
3.6650248308923667,-2.7420683582618652,-4.067385120980956,-0.35868690714529117,2.363647799878035,-0.30539446804952314,-0.10353269037910873,-0.6387263926923112,-0.940632760743331,-3.7039056099647194,0.5864531303336101,-0.35401391753497125,clase_3
-1.5989775041844414,-1.3560526754278235,-0.0836157107621851,-0.7258034675475631,1.6280570544494584,0.1803906127030378,3.0351338772412353,3.0248492045072286,-0.3388278384898158,-1.6539595859548835,-0.1699791862109306,-0.16149660512150554,clase_3
-4.191990719092181,-2.3811111913741936,-4.349958749964815,-1.9890598857170623,-0.767772882958261,3.081181254038719,0.040374764389283335,-2.4633583278306403,0.3751795939643414,3.709837098583349,0.8232949943553307,-3.9778483327912744,clase_4
-2.924066209689309,-0.36746838743636634,-1.2816252259482357,4.792432246459437,-3.125238094966999,-1.4723294178423516,2.4911410438220036,-4.18459952378791,2.484100763560112,3.4525335330311284,-1.0640459272455725,-0.6251792035953845,clase_2
2.0455057135562313,0.16670762982650922,-2.045450013035344,1.7410464211508405,-2.3994745660462247,-2.052566814608457,-1.5460352367144972,-5.042828898246063,-0.7046843532043477,-0.4060020625527114,2.1272974137495684,-0.8854340570235191,clase_3
-0.07495827390956328,-0.8349454735811005,-4.826087222620297,0.0007166612655652438,-2.038320450826861,5.02611985780935,-0.2846914179403634,-3.285886418582064,2.9190428250787193,0.9320089707366715,0.11562079042143356,-1.2355764579374253,clase_4
-1.7956656568354779,3.1342475961106206,1.6481113773120835,-0.7243659996163287,-0.16291723936620495,0.10129430586555721,3.246531815151439,5.373599223508866,-1.9817083498877797,0.13734186714371444,-1.0879334586290748,2.6696559977078023,clase_1
0.18527841369475265,3.636321942578726,-3.388397866918286,0.5068531375641995,3.405616450117205,-0.46442561472589694,-2.1865031624095423,0.8136032056701038,-0.23452409159477716,2.202929118556405,-1.2099650286671761,1.1252479647329268,clase_4
1.6119559407663402,-0.3989181097484302,-3.4854842971477034,2.5887480369495384,0.7465857889554028,-1.3524686833287654,-1.5985915027279813,-4.494058715572484,1.9622489419399292,-0.632208874485092,0.013835723222394625,-0.9661811994381652,clase_5
-3.1901842509117664,-1.7615534865123037,-0.5994856148688501,-2.084354698135601,0.8881370880294153,-0.00967896907580168,2.2190667483283217,2.6230419015657325,-0.40146701076382474,2.167167783163566,0.5205607958438698,0.24291782121200434,clase_5
-2.4851346945669497,1.159971247377296,0.361723903998993,-1.7210055505410446,-0.48961943956333465,1.459824017819383,2.4347169637330595,2.5189461313723664,0.17184674290665036,-1.3984625232139576,0.3079615520802954,0.13194072280702596,clase_0
1.7716547573626182,-0.8448592781054508,-2.8353243539674926,1.3501209367838303,-0.8687184832010235,-2.493969784347642,-2.0788095076472297,-4.229194524573673,1.1898280994982475,2.530552597468338,0.24973606786381217,1.2600913360164976,clase_4
1.1714852615509024,-3.2647978763813468,-2.880031122046418,-3.6512567948022143,-0.4457922428948103,-0.6810810196637198,-2.9480283813484185,-4.205204621000775,1.9638339502468423,-1.0760244320561432,-1.5055713410196836,-0.8084482470587832,clase_5
1.5135302175718683,0.533174112589164,-2.5552433246089272,-1.5258880773923738,0.14937730471440658,-0.6842266765811613,-1.7260232715296777,-0.7873765586495944,-0.43440304225803583,0.7603785835673844,-0.9086522819154584,1.4837291271672088,clase_4
-2.800733039593511,1.5053750466661195,2.9945255417494563,-0.33562439368891317,-0.30308610568575367,-0.18158106609726332,-1.1024169567109119,-0.5753288305007987,0.7701024020995079,0.6147655277086224,2.317353765614861,-1.998361297958635,clase_3
4.26104444342615,-2.695320246363768,2.5102408155913642,2.7488816083939804,-1.5678969325261563,-0.2089294966486609,-1.0941728961935242,-2.4893946392349564,-1.0860392615202494,-1.5540085330535893,0.9546668160293867,-1.0709759904992913,clase_5
-1.459804321876041,3.804567781022307,1.8128089677454071,-3.474395623844223,-0.4599764513827631,-0.3845063010804344,0.4020671279900748,4.300091596899501,-0.5199210370953671,0.7945738042583929,0.43568311192450304,3.870046339698627,clase_1
2.2038239714222527,-0.8695496884893059,-0.8201453905698997,-0.9698051448513687,-0.087103961990173,1.3797978619607199,-0.9727095230146212,0.5052834193560465,-0.23311687512299617,0.7029456175816732,0.33952994826365984,1.4428497419806057,clase_2
-0.9720509769747366,0.3061842854014709,-0.14103679738782016,-0.07478751433056785,-0.3102951907258386,0.033488645179719057,0.44978027057953957,0.07028306252380816,-1.2212259274072663,0.2747355352949384,0.9291895615477108,-1.0623918140308013,clase_3
-5.0017625639414875,4.908117738526118,1.6501122179678498,1.014333613268929,-0.7189080279766139,0.8214503703494943,4.9463117616035595,4.343556450173461,2.3364335897929784,-0.46498437443267693,-0.9170280287407904,2.371763843848367,clase_2
0.2983447742272383,0.7744223896269563,-0.6694785693109777,-0.30114383406499345,2.156134954999833,-1.1161060854356226,-0.06332326716533732,1.510848972429796,-1.8831215742539011,-0.9534151352450895,1.312549194340226,-0.25017752211561795,clase_3
-3.1798473567790335,-2.0518927051553364,-1.1488893454191507,0.386809046447573,1.617996148849599,-0.5932238543380124,1.4954755725925535,0.20787189497986164,1.9082637345785995,2.404676908795819,0.2397968337419887,-0.612149600340214,clase_1
0.7591254305011969,-1.0945664976359568,-1.1086752134440183,1.1121282921218836,-0.787807632290068,-0.8678806521884328,-1.9617054895161614,-3.553559439903859,2.2752551497646056,2.304140876016674,0.6726128910898425,0.39506790069652786,clase_4
-3.8566311075516095,-0.5965102898309798,-4.06402087359856,1.237823980201641,0.8384881162631794,-1.0139479830821325,3.1022959118517006,-0.4102862073127238,-0.059288258663427684,1.77899394691893,-0.5039306799613394,-1.4440601741269812,clase_0
-1.7511824591876977,1.4383776100437542,-2.895768020867431,-1.83405765839224,-0.3389383942544557,1.4651420492340677,1.9523881815760242,0.7595038668067284,-0.750421344500636,-2.625119352511618,0.576192750328422,-1.0905322848046393,clase_0
2.6869853626798097,-0.5781288730576157,0.9816988363208458,2.7727078598015735,-0.7636545660482352,2.499902117190502,-1.9357730925894607,-1.4040207094550783,0.15354442640884036,2.262213373782438,-0.2705367371612667,-0.38383908270464634,clase_1
1.1634320252573012,-2.543126411453387,-2.517948211105457,-0.46010912485821476,0.24445328070104405,-0.8413343647891403,-3.196297695767224,-4.177621439300322,-0.8349061576719878,1.7104048765059439,-0.1147888216345503,-2.505207799932844,clase_4
7.671053862388673,0.767481013103562,1.225161434840185,-1.616011285707063,-2.592625135826226,0.5688613413957551,-2.8245946191266915,-0.3778220422948416,-1.245691253650303,-3.766630458887775,1.0091034117280526,3.9809532699935772,clase_4
0.8539688435626102,0.6902402792475508,1.847297264843851,1.4461677299772724,0.7230164603240423,2.551521181958978,-0.2831590553060809,1.5681720356233686,0.5202891902686102,0.21250930256925427,1.0264193771346004,-0.005210204874358193,clase_1
0.7909806565680867,0.5742592721931761,-0.8994406343566987,-2.0902885660422204,0.08570294836337122,-0.19127896235566155,-0.8290624617880231,-1.1465175709964586,1.5441748418974701,-4.243377626888404,0.47849973179588984,-0.1024101726001233,clase_0
-4.831054331048598,2.845346331688071,0.31094691522754975,-3.0943798713136488,1.3392373730436318,-0.16399029645857754,0.9700182459234379,2.930574336197624,0.30398868994694767,0.2893958971552063,0.047104697759313356,-0.20425006802538892,clase_2
-1.4722903514857728,-0.7919020285017068,-0.04751814843176283,-0.9410170637881057,0.8095658386496198,-1.373043907616133,0.20226506893043128,-0.12971313676424187,-0.11398780843285539,-0.2935196953644984,0.08004126921526018,-0.9918372944203342,clase_0
5.91374424442448,-0.9472385115424935,2.205574730879259,-1.6374691357425166,-1.2774994497389995,4.132236050317061,-0.6797698734833209,2.378799737415336,-1.1114238181124265,-4.319040398218856,0.4634449381160623,1.9308592094453756,clase_2
4.55311301727036,-4.102064911919922,0.6042969350827038,5.589771501495623,-0.05111867219524746,0.1557437512037867,1.299313351927362,-1.1032930299233246,1.348283104585152,0.43194216559610094,-1.0594214070820567,1.556220776632299,clase_1
3.840931870808049,0.8128802019745718,-1.8185095658563948,-0.35781060872314097,2.6524742152527523,0.6664171420658394,-1.774154983987007,2.0325086305755704,-3.079004587490341,-0.6804553982176207,-0.15237749727117703,0.8980757348231603,clase_3
1.3154832119094853,-2.809958695810171,1.7025924043451417,3.3361148570647687,-2.8368409192328805,-0.3246326322308662,-0.3584916991439888,-2.433787442299214,-0.5019604124750685,5.123451467252259,-0.6172990697580455,0.3375621293827018,clase_0
1.860728413680174,-0.390531475269263,-0.9605459853838829,0.6784423086706388,1.4139752495668072,-3.0522979463251456,-1.894931375271833,-2.3454614289263613,-0.15628384159481312,-1.518631506328113,-2.520438470619065,-0.4639001056461993,clase_1
2.62574673050705,-4.003455706764784,1.0786891534459133,-0.8043985923619057,1.781462193506473,-0.6400902505095274,-2.5864403418214037,-0.5221630155941086,-2.075567255568858,0.692928068809875,-0.30308607711201396,-1.549814902791722,clase_4
3.25363511055489,-0.09824722489288518,-0.31732944288018833,-2.7539018665236927,-0.4988014488647793,2.8630440186933237,-1.1332461137562282,1.598525268923503,0.5365434861678096,-1.6635555710954628,-0.28329295941771204,2.5624850137912167,clase_4
1.700664533618292,0.7029898019259141,-3.0576971387342384,1.698934165104002,-1.2952660109026228,-2.4557220903018475,-0.6775115756392026,-4.422916580696647,0.4933940855605867,-1.963451156414753,-0.055393525482335705,-0.22253781773030623,clase_3
-0.028218296710313697,-2.1535671637388987,-1.3275572133217235,2.3864312772886995,-3.6236538850999827,0.8925377332173856,-0.21990998481679208,-5.019475251141113,2.021883078474099,2.757322481590281,0.27747924133746593,-1.0778296056699967,clase_0
3.734900314221039,-2.102742283571696,-0.26571244335320165,-0.4748825061324455,0.8858412333746006,-0.050636601902608436,0.18643478423874804,1.8716581303581135,-2.418716666354932,-1.2182435580711501,-0.2361545678572265,1.508547623066144,clase_5
-0.39983753166534297,2.622305178401203,-1.9350693775985033,1.7989697633579813,-0.14017922047656184,0.7157130548553272,0.09299067701566455,-0.8265748659124211,1.8831207831718664,0.6942521369353706,-0.889252162470918,0.9367856829098865,clase_4
1.0449019767041534,-1.4584417707822082,-0.6272244017166376,-0.40822120077054525,-0.5690007222167053,-0.7840877579362411,-0.40124289872552943,-1.6489197018991273,-1.5683202667970328,-1.496664366346899,-0.818524805650065,-1.5730708396189008,clase_3
4.095367069115873,-3.665821048927734,1.1051004628029473,-1.6959170979628893,-1.3012051040758574,-1.177882327617161,-0.3316864545788936,-0.4707818612706696,-2.0255568909015835,-2.942550682778724,0.31537289612739006,0.7459225219160562,clase_5
-1.1198923278881596,-0.858836876137902,1.6692733593491134,0.7876977447293526,-0.7314096339733164,-2.8227219891152426,-0.23801328776334796,-2.2272424895686744,1.927748833107998,0.2816573521885798,-0.6352613845586089,-0.09945975927998696,clase_0
0.9150694519616368,-1.2902486915868607,-1.6174250587014516,1.308099398418155,-0.7068394684342951,1.533684058075382,0.1703858824597031,-1.846764692659833,0.6767583364284404,-0.30305946695019537,0.36516063247516933,-1.067669680401954,clase_1
-2.781392097550574,2.5718474782599987,-0.05367982481603906,0.9237129440932366,-1.1000979637656145,0.2787863857141722,2.0646226308716082,1.4330170966010152,1.3692204314491698,2.5341791989777214,-0.03590129760010782,2.0015798808831873,clase_2
-2.3463080639486433,0.38954715568007736,1.4016617797087323,-3.160783612248035,-2.0909597895594088,-0.9169822991073311,0.6426004193135464,1.736017514750681,-1.059147050837511,2.989048983664931,-0.6392161407867218,1.9587086621217782,clase_5
-3.816563371287488,1.0974768900409317,4.0530785083930345,-0.4693644397771406,1.6823768166634376,-1.820273929373963,1.4489931358230828,3.64899441021481,2.4855766964610604,1.8301261890725111,0.40043199385628025,2.1571939947574776,clase_2
2.967799504951315,-0.04159156899560923,0.9063585624070278,0.5644971243989307,1.1771534432156565,3.9590418158238387,-0.28221409904977707,3.9897341693610757,-1.3424823756749562,1.8252835783052985,1.6056901078208434,2.0328465906793713,clase_1
3.0650032835202787,-2.6781998093197092,1.0373752505878704,0.5599760097444323,1.7312905308158661,1.4469193207442266,-0.11390382985219627,2.169047683537412,-0.45472014451243603,-0.059071665850274235,-0.0281243239418344,1.0712124740540594,clase_4
0.9281745712459385,-0.698221808784367,1.994279460889463,4.867678028313155,-1.209470194208115,2.6237891536205002,-2.6463092486444673,-3.7315231402612072,0.6174379984484886,3.978347845383354,0.16504063653773915,-3.239850101461771,clase_1
-0.15738585168620872,1.9975490853697955,-1.4166246728560057,1.03567319127156,2.4908820807482175,0.5275515090045657,-1.58844563081628,0.296533371175774,-1.874547901206104,0.9480148284995467,0.9252905496854981,-1.9752040565353444,clase_0
-0.07536584117972375,-1.537662437902272,-1.535440632546437,-3.993421007315739,2.687878824019008,6.15236631431651,-1.228533648948271,3.7014420710571385,2.327651771210161,1.6706310052310964,1.2439419249661245,0.9498375076242924,clase_4
-1.59492241968075,-0.3901792948064367,-2.0723946151697654,-2.8219711841516038,2.1006451422532395,-0.5449765301947529,0.7033080160467406,2.5883203746117074,-2.2376702753348647,0.7592938825299457,-1.0758585618378667,-0.07228564657960801,clase_2
2.7731094028670094,1.628133358463335,1.321570114376989,0.4203529042709215,0.8094458655849451,2.214491513028335,-1.5411583420731316,1.5500105752795788,1.0270957594980696,-0.8323173269468498,0.6862885417318136,1.8475349809362565,clase_3
5.399946686597663,-1.7011537503072884,1.1190335765966368,4.060237182146935,0.41936308632497804,2.149848827888817,0.04520756807761961,-0.8066367991140694,3.2655678304974236,-3.752697034453514,-1.9102541812810507,1.4724749622882989,clase_3
3.4702520148869196,0.2591971086758008,-0.8724690765903271,-1.243729434884445,-1.3376469811160758,1.2025319569506896,-2.4279934192568735,-1.1901682812936756,-0.5908924106526856,-0.3283958289091313,1.0696916817396078,1.2449912914432315,clase_4
3.165454180995994,-5.13544031523976,0.21178941820029978,-4.094359107783648,0.9605579729274822,-0.4745150016842554,-0.33132597283184495,2.180616328331629,-0.35631942865294475,-0.6942876802667414,-0.37075098380764737,2.8835771802932797,clase_5
7.742537158395084,-2.009602491218848,2.1381105626856383,3.3738149292199413,2.815747276314453,2.4485906573729492,-1.4400773429098723,2.894508469689703,-0.44061759552440316,-1.0721311938260958,0.033649958535531356,2.8641784257642513,clase_3
0.4618252985809916,2.3244019865928514,0.14370178726328942,-1.1807081023054895,-0.9188063947087364,-0.7062452805657318,-0.3065860663003317,1.361754219472458,-0.9797408779599897,1.018533162109771,0.3460344109108019,2.6262529986554473,clase_1
4.676495292792143,-0.6766662739961516,1.1053375454694838,-0.19019122645603181,3.569488026579628,1.6323274990149854,-1.1169432232089807,4.262117788851212,-0.5808355621050589,-1.3759496171371306,-0.9159675813651517,2.8103167925572192,clase_3
-0.22233151007307567,2.452068255492299,-2.0675938944231382,0.19620867370125272,1.6847031978342422,0.8843202996217445,-1.9210861059153563,0.010806775214514466,2.0338747906353554,2.3367599346476173,0.5617110279184433,1.3971317766575693,clase_4
1.117857506897645,-2.9459010625115996,-0.7030207157511015,3.0981276441812087,0.09016289002120004,-0.3426022704127629,3.4911328564812436,0.6437638272419894,1.226241229730533,-0.4053796354582684,1.683972030069338,1.5959917975160627,clase_2
-1.1535538371817582,1.198599594506865,-1.3306102345232977,0.7625221070096826,1.108951352381569,3.8658258508732732,2.1961206070812267,3.373357260551976,-2.6684113839664474,0.4067046881712131,-1.0264341106358852,-1.6638488383270653,clase_0
3.725368928578557,-1.6886379639658124,0.26962930557302167,-1.618830923332235,0.2974858586151897,1.9425986563743627,-0.13041238970944136,1.9557522289556049,-2.2318937277374236,-2.933334930007537,0.03355159681824261,0.4593228558284802,clase_2
2.5984802044639905,1.5135065779536208,0.046789910333858487,0.9448441880038789,-1.4376267256444002,2.835307844955415,-0.6132905419490038,1.1356658557961086,-1.2148848864293358,1.76295645580879,1.2821083914265121,1.8714096043720507,clase_3
-3.9998839298586137,0.7484077336014123,-0.505533345579114,2.429212553247358,2.4825799022422017,0.9925391931345753,2.664033579846657,2.2361631125430055,2.5350851896104007,2.297519423202334,-0.35370504225558225,-0.21749192744426948,clase_1
-5.052851938793409,1.5969826550047146,1.6261948332433702,0.39622913850367913,1.497518513167397,1.5966178862804765,4.171867843000946,5.3598697268641295,0.40712955238221377,1.822485711570941,0.6176206650846504,0.3894355985390241,clase_1
0.4103106640927637,1.6261420304999579,1.5951493070197666,1.279556715022965,-1.0757346850524019,1.59330372915188,0.4067589210594223,1.8603653476970878,-0.9835116550561409,2.3356391719730767,0.4930864020479377,1.4379858799350567,clase_3
-5.301570926061274,2.061098343244379,5.450407487261084,-2.530948278731394,1.8441858081028393,0.10347227723173325,5.529040559155896,9.521121383029588,1.190306858830083,-0.48931059559493306,0.4963464110704922,3.8656274251290332,clase_1
-7.964170994595867,0.4585506068757418,-2.381617613964777,0.6549165859543165,3.285749233868777,0.813344454809724,0.8825121477356936,0.9475915624222918,0.7638581185466997,7.22863264514412,1.520277988882833,-3.5287710206295975,clase_4
2.169132979895966,-0.5229969491136522,-0.908376131700536,-2.773401333831033,2.026874280408693,2.5920020759905786,1.7002801069616518,5.402520706388748,1.3279274212546184,-2.0822594144908484,-0.5351642671676378,4.543999415192714,clase_2
1.4664609438543879,-0.8928555720263731,0.04907953622310901,2.086770563021884,1.022418276741113,-0.1068935782363356,0.07208286920713591,-0.13572912437994455,-1.143860453904694,-0.44596462427720907,-0.2313759574900389,-0.9817786608184191,clase_4
-0.5678796835954679,-1.269227634869654,3.500090951867655,3.104038416544461,-1.0907782196400055,-2.6830617543023845,0.5946100575347928,-2.9069687944776006,0.5844186140203669,-2.1203554839625998,-0.2761320864811651,-2.6715112719660183,clase_5
3.500131281264832,-2.73872001857176,2.0394639367473353,3.7666744287807052,-0.7757070381250374,3.023935240193955,-1.497385734572185,-2.174941847535239,-2.959428788983793,-0.1608244945821552,-0.2739924731630432,-4.433234427651256,clase_5
0.5383317709475848,-1.2673423948421767,0.7111188683578415,-0.9926113906749177,-1.1355339252833112,1.1144631591360525,-1.9376794867245506,-1.4821387241044899,-0.53472056247688,1.431250518818311,0.6249394903158797,-1.2403086440425752,clase_4
2.9369923924599632,-3.5233824740757598,-0.9207223924157368,2.4853207818038516,-1.814101087315774,0.8617697368023951,2.0303167840404366,-0.8331048418775934,-0.12097701230138547,0.18374452835509913,1.4022095895032698,1.1738877509093566,clase_2
-4.537318863187423,5.000673354257402,4.112005446241613,3.054150215263963,-2.9372035384155906,2.1529844288526085,5.029985651661921,3.3112138874816255,3.4209002322749216,0.16584917480114691,-1.8259010941126057,2.304434344977314,clase_2
1.3944646010534896,-0.04087884624981253,2.387525570149224,1.7599022767564236,3.1411697463976935,1.803674928732622,0.7862479072807509,4.138839089040712,-1.3716717925140005,-1.0740524175006116,1.4876884464035136,-0.24026285425170102,clase_4
-3.1610253227230323,-0.5914433317259732,4.067927544255259,1.2978585857635818,2.7516704075005762,-1.1010592244293562,2.9556354741870807,4.284347991630995,2.6135384055817408,0.5172248637297775,0.28326995014659845,1.3765606136055073,clase_2
-0.2942054634657126,-1.5925475062304832,1.4972170929539161,-0.0013219101952001155,0.9141545798514685,1.3887012250332906,0.672315701002672,1.3232727028744122,1.7209671798070898,-0.37009372454462763,1.6546347484020885,0.05917841456896045,clase_1
-5.026211508213723,0.4329166840004054,-0.6033850341774065,0.1512838943429352,0.6514792280335714,1.3094299550882653,3.409746315422007,0.9554776762160223,2.3925141279853825,-1.3784619056822573,-0.20791231006611424,-2.134658043103701,clase_1
-3.6384135021357205,-0.14354445586020903,-0.14948950382469195,-1.7104218093354808,-0.7523151935761939,-1.4043797754701328,2.2507774149208135,1.8583670355847326,-0.4779737381468463,3.029018009643255,-1.4056768077040018,1.3074953780138252,clase_5
-3.3409853508440257,3.686207526726788,-0.50680722468009,-0.1857553559755436,-4.5372495329295175,1.6701489313317013,0.6691929541900727,-1.2652606128816855,1.4242223290394325,3.8941293261034415,-1.4233367948813866,1.2460078192496722,clase_2
1.459409899762205,-0.33843240632342764,-0.5817868051404694,2.2000888405151278,-3.041932822504301,-1.9059943592916035,-2.599275796564188,-5.649185512936987,-1.3073629257157233,2.4248842200862817,0.23146158249877297,-1.680913481423423,clase_4
2.426079702216391,2.048211294605256,2.471407290564426,0.8787678273650319,-0.3629357008828,3.4822571762934214,-0.7622247301462404,3.6598074504813685,-4.24499520824036,2.13161259631089,1.0162879427566356,0.5440534695320316,clase_0
-2.984909353849929,2.0695613616313926,-0.7129676096172518,-2.07356454701959,1.1873994320150278,-0.3405829507310669,0.4787909543917419,0.7113714498325598,0.5638982624460491,-2.2537327375069367,0.04868388490154364,-1.3509792581409936,clase_0
1.1245762653083913,0.9316606765218949,0.10042268254777797,-1.8000046537228473,-0.5818064638154941,-0.23264759729730455,-1.537585140420702,0.029081036106653323,0.21844590089477056,0.15335296839724366,0.849521986994124,1.7572503567851125,clase_1
0.2915307067939281,-0.6677646737002045,0.4650063411991794,-2.0290059381555263,0.7675943765011547,1.3057581741988935,-0.1298746047654845,1.722149274761878,0.05319316958166642,-0.9732816578760783,-0.4416901044284806,0.30959105239314577,clase_0
-4.548291862815149,3.3198165421722647,0.17723450781516226,-2.3873431529865456,-1.3945653427163234,-1.0758805310519945,3.8493741745668713,3.2219001813273014,0.8666328412590334,-0.6889058225032769,1.5692411812847087,2.555413219617281,clase_2
0.4828699217421654,0.9578973948275558,-0.14614343100498994,1.6432047956002982,-2.0837961859444376,-2.8003019189184597,-1.4606905109894603,-3.4299028421673206,-1.7665458626248258,1.8457283413162944,0.6942110429452255,-0.6612546167394475,clase_4
-2.896027480577773,-1.8833636788101678,2.4286422047963736,1.073597025674606,0.7289313238399248,-1.3820251085427064,3.5429131925603974,1.9595976527172878,2.4601274937033093,-0.2570927901146216,-0.3678632936964837,0.7115797106973625,clase_2
-1.647860091589795,-0.3202316222211006,1.6535206523476276,-1.0294082406470044,1.9967308392629792,1.913096421171425,0.10475728781987537,1.9178512504134275,0.6260257221661212,-1.3040491673361527,0.19627233844086328,-1.97575510478834,clase_3
-0.021242780700724436,-0.7375970852363152,-0.4323376471186591,-1.2018130511235143,2.4072596938292232,3.4551800388148184,1.7678775007889478,5.138603779433841,2.2776036530130375,1.1603983192421174,-0.10833484736929419,3.374511686841661,clase_4
0.14719445741498366,2.7177554412111116,4.168281076941486,1.29605079599127,0.35977017689191343,1.7601666537222043,-1.8707247302470846,0.39432337006536716,0.9378319016023349,-1.2403139241115633,-0.0760489076970426,-1.3610129903256294,clase_1
-3.0575218423878927,0.5441591677318698,0.014224114043650093,-0.7777405468634532,-0.10862494243469956,-0.15467650277286782,2.729654914503344,2.1361267666329957,-1.0432576798832374,0.08267844916532807,0.27845878944741026,-0.4079128308471156,clase_2
1.71371028988515,-4.637013218835838,-0.29772513752407054,-2.6692907165783972,0.2605945797953376,2.006201972206914,-0.9300720895497427,0.7359062252644545,-0.9336402411500615,1.4716470550436287,-0.27483237805722727,-0.09343240799426844,clase_5
1.877100109111054,-2.6426075464152268,2.1274612461904754,-0.921337225670773,0.36637678816650243,3.0215799970094483,0.8150842425875732,3.0653527352692236,0.5819058726200728,-0.48007632761720054,-0.7376262652708545,1.459414074306194,clase_0
5.699009715391706,-4.557267660661872,-0.5737682065679596,0.21018756661803983,-3.172608415658307,0.7330063792752077,-1.5957261572516173,-4.111666849157981,-1.8567032442425813,-2.1270091946718876,1.6904526695858395,-1.0474717725249334,clase_2
-2.8111140377012083,0.24344304405545947,1.739296821587769,1.380530618349632,-1.3558980158775535,-0.4468788418186695,0.986004090646084,-0.8295994327402997,1.6992937899575318,2.1119560494638883,0.3798334550370854,-0.4164421409040604,clase_2
-0.3572208306422558,2.066739206806229,0.9777647051716996,-0.6033042426526237,-0.3512892075634469,-0.05552070868699377,-1.0477889315347055,0.5203829818715364,-0.7565278277199137,0.9012634215730689,-1.0771668261585279,0.3610895289986241,clase_4
1.8180269988393454,-0.34619281076841074,0.3771515246852383,-0.23932010854969504,2.389352261060078,-2.8616782196520933,-0.15194189915978373,1.876679489021801,-2.2769362233290726,-1.2814764256283584,0.792961605445475,1.09404192803848,clase_5
-0.5117220274670999,1.6506082697834101,-1.049993909385353,1.5869594601077524,-1.1946507732648266,2.5060662151344886,0.4267386148415091,-0.8326423521147834,4.670529280000427,1.2152571515607038,1.0945732912205675,2.114000662836086,clase_2
-1.328811539755281,-1.3294746915109283,3.908123295498071,2.447404502777885,-1.4635341265940596,-1.4985014169757098,0.9766434877412038,-1.0650090199600772,4.071212370570427,1.744733166760642,1.2195329359482587,1.5124304478376198,clase_3
-7.094321308672019,2.824652345229981,2.03340247803848,-0.3889577920815842,0.14906754172055792,3.2923716966680807,5.577787884389056,6.886846310505121,0.7367007893944462,3.1332670123364066,0.8967077783687035,1.069700383860903,clase_1
1.7209273843736879,-1.363670874999936,-1.436108319586168,0.6326844095712745,3.1637876382158767,-1.6850373523266338,1.6970432991272286,1.6826836642679472,0.333231079390958,-3.809634780496568,0.2223777489305565,1.018997433855294,clase_3
1.344525092598224,0.5223486259828659,-0.1920251483324954,0.37646048295116197,0.3810111794565798,-1.6279788952363996,0.06852451985436292,0.27331688618734135,-1.4004431966503976,-1.1833228506115505,0.36384043429261276,0.6580257944493274,clase_1
-2.8847242488175193,1.2270945943051166,2.068329803790893,-2.740653772798326,0.8316696396561213,-0.46126047114285285,-0.4788594696097723,2.1685058613217856,-0.2613776478338109,1.1333522659035555,1.333439166032965,-0.10091075195522659,clase_2
-3.9749054085611397,0.38766951603065003,-0.28766078931033356,2.2630091746536563,-3.3563850136594686,-2.8730485626919835,0.4722199684519417,-5.280201785414321,2.1488659458232418,2.9445537497990157,0.08015976048755348,-1.6927903704167726,clase_4
1.648446602030691,-1.657733625953728,0.5586547148446999,0.597338417936734,0.5609512683612087,-0.09619016507416178,-0.18878001225295693,0.30885472729229574,-0.19225552349856356,0.1129636296907468,1.7839186066074848,0.5060668844994867,clase_0
-1.0392468268778179,-0.43221656421225774,-2.783891623814693,-2.534177853616028,0.42268145819043174,-1.4706060920139372,0.5261605488883421,-1.6766393409238671,1.936704765978391,-4.147240608487476,-0.3310521687503577,-0.5722114301630109,clase_0
-6.58685738076607,2.6390685686994324,1.8921534337185566,0.24592048606697703,-1.9666924325845365,0.7174295391706049,-0.4632151045033326,-1.5003327698325584,0.29712203065861564,5.202328568730367,0.10004862777774516,-3.4311253820242094,clase_3
-1.3378604620580392,-2.498467022214416,1.7022383565830437,2.1022840183332816,4.58457442176854,-2.46619628484511,2.4953018139523473,2.2249374543798583,2.2494237155340935,-2.546681328303664,-0.7223001879535923,-0.5027479030750537,clase_1
0.4912965612874874,-0.7763492811538106,2.444239601786935,-0.5089311142993962,0.5484879712163664,1.780060091627221,-2.4508978967877164,0.23368186357480494,-0.5399557160102575,1.7777391039799706,0.14820296862789786,-1.432361396157169,clase_1
0.9594475091758415,-1.5572901567808484,2.5769643123233026,2.098757763227946,1.1301054977786764,5.362629676599631,2.1492284810547355,3.5181559556631257,2.531510356267916,-1.1467541596583342,1.081580728364782,0.3568109916895198,clase_4
-2.750136691767178,1.045655095132364,2.273023335277383,-0.4525178353417567,-0.06704817042996036,1.6261854792395476,4.264267532270292,4.386795265819381,2.5828000228122665,-1.9739344294235865,0.7932257178100984,2.11329836014112,clase_2
-0.4878373289239865,-2.526621684052129,-0.766243361464431,-3.673868456782788,-1.976060870114614,1.3745615230947914,-0.9521380999743125,-1.2985310776482282,0.9368439374714438,1.1539635840937166,-0.4884460913386509,0.010055053940937198,clase_5
9.232186829028281,-4.035235882088197,-3.651157473325706,-3.5749492163344696,-1.7161275192087864,1.5107092115561662,-5.238512459638183,-2.41976216508263,-4.429999493714408,0.6555268794514876,-1.117197665740445,1.9933241116872507,clase_5
-0.617870649693736,2.4101985801332972,-0.2090582584717633,-0.4946169543543091,1.2264572045029016,-4.38815266317479,-3.8285249623439297,-2.429904775299239,-0.033874800541539685,2.3295922917352554,-0.8041376881606885,0.24806510473814386,clase_4
-2.111920734763986,1.1668971032077562,-0.5012436777925635,-0.5885500011474816,1.9399453579960821,-0.6659494923153555,2.7622073743606776,3.9302116014336446,0.3792917436337087,0.004695561119086977,0.7539120651921329,2.1320189388465005,clase_1
5.19460777657091,-0.33155721188133447,1.5441909178755011,3.3785118562586502,0.5025948918997205,-0.9633215513692044,-0.7622067005604695,-0.14746947543474506,-3.073745159534848,-2.3738805566823977,-0.034171881534327396,-0.052422009933209224,clase_2
-0.3664195593003195,-1.0715300444405649,-0.028081362465965043,-1.7844337930969996,-1.8537591248000402,1.6606902787493327,-0.028388465023769904,0.17186066443790646,0.33648047087322863,2.105399878228009,-1.167396980067612,0.9329414253864623,clase_5
-4.530397286736792,-0.479042631931716,-3.789587524435941,-1.0252855237168605,0.40182992636785553,0.699624993680069,2.695920407599248,1.4420278734394851,0.48275395237065183,4.388098284766128,-0.7037369567249628,0.4162679871148931,clase_5
-0.3698027097144329,0.5647059417761914,1.472318491770417,-0.13661450253104568,2.3980058007311977,-0.3247079864367338,0.8202226395366925,3.1259341125154214,-0.758474228108893,-1.1588007581115356,-1.70686256219305,0.24529434623919166,clase_3
-1.721896275757224,2.98816711003533,-1.424556102164155,2.1923793157104434,-2.597486074891558,-1.7235415638978724,2.4299297287343746,-1.1432529802212934,-1.5711436764156113,0.2471084995216164,-0.3311642658558212,0.022557429264691287,clase_3
-0.057784449965725765,0.8335650316027843,0.44851152340736494,0.44270293727990945,-1.5182070348201122,3.7280252222466563,0.14883302618572858,0.8256478261980404,-0.5158822058090031,1.7313166162899838,-0.5951689990751792,-0.35867576423394265,clase_3
-1.4435000822704056,-1.2925059195509525,1.5294730261553537,-0.7596300495427581,-0.4269212406428675,-1.117723492099447,1.4304662378743576,0.15828223565931213,1.8976860681322882,-1.3502066711720007,1.3173839179398212,0.3882921278828554,clase_3
-4.471956550426921,1.38773085090727,-0.47385133639865784,2.888850404138177,1.260594530265704,2.881657456993378,3.3941601118729023,2.774846272073839,-0.3745382322767341,2.9463976000319256,0.85093692777578,-2.101978635135824,clase_1
-2.845859695601573,-1.5288628960209827,2.733959864255607,-1.7529835937732037,3.8027470012665177,-2.497924343296675,1.360913859036801,3.0179291500997376,2.854527861543433,-2.086167803383746,3.0966955137720533,0.5156146568055291,clase_1
-6.331241608450977,3.610759052083367,4.185218261915175,3.0626337971098696,0.6893409994888511,0.025066171588197572,-0.6372507087428293,-1.6420878857314063,3.7042290952182313,1.6815472841277397,-0.4918794548144672,-4.093216218587139,clase_1
-3.6322899840102054,1.3352357196687574,2.6129062930886136,-0.6870624613547106,-0.20771100828028943,4.092166909368785,2.567435387017856,4.922388579450445,1.3118823700255458,2.8027751842987536,-0.0053305733261247,1.2086284411557902,clase_1
3.0221188996275883,-3.7780162361437144,0.2655011762759349,-1.347938345094462,1.7704150958498763,-0.785125549837053,0.28355249582355,2.6617009255711075,-1.2246569950217097,0.21192280894862703,-1.8414947093364584,2.5360517259593713,clase_5
2.3425730553908286,-1.3298272726899278,-0.3985407175967659,-1.271413347527493,2.006084014120529,-0.4630486456779526,-0.8817794283834524,1.9593521211035938,-0.9362511136283904,0.25331423380102325,0.2516538689865537,1.9067903748172126,clase_5
-3.7426071955588878,-0.31964364463323447,-1.3489384572016003,2.8833423157221088,-2.7517800234578473,-6.298281851758923,1.0553407487251607,-6.173164979531154,1.0084145317058442,2.2875455910145313,0.48689481116196437,-1.6241035140433253,clase_3
5.748756078010325,3.168499675951969,-0.6119658260606046,3.583494020630056,-0.204159943184398,-5.176331567638331,-2.3569487473011668,-1.7260244115621484,-1.8800641126371245,0.35049628535424904,0.5967937773308142,4.4510696281104964,clase_3
-1.096724443866112,1.778698849799354,0.8759894598049875,-0.1811389709305844,-1.046338728880659,-0.11786006052487363,0.3523831187024187,1.355278945217458,-0.7416132876503947,2.5636960855952,-0.9738661536932566,1.5306511680557955,clase_5
3.5864419249624433,2.521880064750267,0.5182178690519184,-0.48570602591036915,3.68504871255252,1.671708792170392,-2.0994387487969366,3.712077907271416,-0.7336187576702914,-2.106503943109684,-0.9436017159193308,1.9000166124542406,clase_3
-3.28375318479652,-2.1670103425272247,-3.0449897877706382,-1.4593905788862787,2.245409685067984,-1.910264469755132,1.907532494652031,0.20485041958821104,3.536865894094931,0.6455323229781911,1.8304684749987743,0.9983820033729591,clase_1
-5.752468332720221,1.2967624338405974,3.4797445891249374,2.0538702561544486,0.703622774721471,0.897939596410934,-0.2327987296510109,-0.8045504678431359,3.2194525912949574,2.989534355899962,1.099073062553966,-3.4604689364625223,clase_1
1.7460995230227032,1.713313881307595,-5.651096167224728,-0.6116562805503305,-1.0460798009189411,-0.13409107236513151,-0.8694385051499041,-1.8955821459886042,1.6039795975670155,1.4665425838703325,0.19365531663149269,3.599219423446508,clase_4
-5.986079646088965,0.8690575030805257,2.5743628882283787,-2.3059266493204804,-2.9178214919958503,-0.2253094706533263,2.319509747229601,0.8809698515608108,1.0677865598710792,2.2253589490004497,-1.6792080900537842,-0.2845458284767649,clase_3
-1.25083347026075,-2.7115227491704514,3.101595019740916,-0.8882897666250904,0.8560994441884361,-0.7073085480996959,-0.10403875552854946,0.3760550144546118,2.8421525460681734,0.20312563165047048,-0.4868218725182975,0.12798649529542738,clase_5
-1.892687657362231,3.2776552934589027,-1.7997281934671951,1.3322534551263892,1.4813456661574507,1.8194843277804076,-1.7830752932100677,-0.9007212797517347,2.838697955732785,2.5539171817350064,-0.4309438004852274,-0.4193015562396727,clase_0
-2.3784452927606132,4.2307778265514155,-2.6615407629556276,-3.1833839301079285,-2.363948498159804,2.459791256861934,-1.5930106364903585,-2.339979577510355,1.359723632974764,-1.2955649817900736,1.4115467054924355,-1.3970943756940504,clase_4
1.197226919782678,0.6794440211592225,-0.5731973055134834,0.22760106068903807,0.8290326458959063,-1.6699719459960007,-1.545835016188408,-0.9560524498298291,-0.8419497003975496,-0.2543962934225439,-0.12907998804685242,-0.030378060064152668,clase_1
-4.498540873539877,2.8940476707854215,-1.403702988690349,-0.013610550760226103,-0.8855015744932573,2.848535754741439,2.752520773099646,2.9035574125981727,-1.1916833782217449,3.9300021118611115,-1.950095160018759,-0.14778786139896272,clase_1
-1.4724724202319641,-3.9718018421373147,0.47075214735185233,-2.990233923186744,0.8870728895582485,0.08970507932421956,2.0628928005836764,4.015094297081461,-2.0491141068174787,3.104909599261644,-2.318242980352499,1.1948483202364761,clase_5
-6.56225635446035,0.8663758614843036,0.887028564082235,-0.1449885305923515,2.412480983501532,-0.6790428058142075,3.265140477434108,3.026541954055177,2.091051998963225,1.2157461721038896,-0.4989787430558854,-0.9336748697158571,clase_1
0.8545276831462192,-2.6893604943540392,1.443495156048564,2.92618682895886,0.40346353712050603,2.983347604119202,0.8023612498605319,-0.25959838395081114,1.6271108778697472,-0.2468076967091728,0.08488824152666716,-1.742863736681726,clase_4
-0.05140053287510202,2.6032291434867147,-5.995441978900885,-0.7089192030953559,0.25160008368384335,-1.5397369871680235,-5.484707861871899,-5.042650176324078,5.060900433822151,7.130854659286835,-0.18748148749128224,3.7360916559503696,clase_4
1.9077059600455641,-1.2708746992273934,-1.2744680188675435,-1.3526732982075902,0.7360894820491168,-1.3831680238908546,-1.839761984673909,-1.0353753235035463,-0.32417226207658434,-0.02564170919621389,-0.01474771801684241,0.7158335427408176,clase_5
-6.198489490522483,1.112586980211956,-0.856933046955211,-1.6267953036819285,-0.7449940699510635,0.5761703498127589,3.7164246811194106,3.38167409539831,-0.30891503458422576,4.672756374435293,0.7841701737244763,0.8934322218869448,clase_5
1.848915016246217,-0.3403512357724341,-2.43967971182429,1.5132140525122921,0.3666681212331255,-1.9848886987323764,-0.5723919852921258,-2.705699025941614,0.8176381252357277,-1.470748750613462,0.05523043648111129,0.24108309379220078,clase_3
1.6157871854893626,-0.4624163719682185,-0.2969221336838261,-1.1841870572300155,-0.07082410172880815,0.9656952469919088,-1.0457524402251777,0.1901731057038367,-2.324194299564665,-0.6999125251292957,-1.1704617092886238,-0.9030825864745651,clase_1
-0.9822657005358492,1.796373513202526,-0.16153864009272656,1.5711143162016301,2.4975549799910413,-1.3766167581744109,-1.1390706298392892,-0.3038361181921982,-1.2970728947686778,0.10859551917226673,-1.2595627288697413,-2.310768220593488,clase_0
1.4579797586167804,-1.3820434577162664,-1.2081605064046324,0.3924914492614373,-0.9912405894255942,0.46788742507550174,-1.0378122719655527,-1.7528540555376304,0.3911563137868045,1.8243463031088054,0.4230799603243528,0.5393899565977023,clase_4
-0.2517350142044338,3.1599907031502665,1.15383765601562,1.0635804663816033,-2.3760401730272758,-1.5751263511669735,-1.0634147592365875,-2.5018739830702827,1.2976680177223598,-0.27578069440850617,0.005785114826653559,0.703968968999575,clase_5
0.9325664745819175,-1.045684569056913,-0.03367951923617063,-0.22148706042749056,0.009371964694479873,-3.2037469181391005,-1.9659637879586909,-3.367203283781217,1.9165129214551784,-1.1608178646765188,1.547640773595271,0.11479527392320865,clase_0
-7.032614464117706,-0.9108378456721216,-0.11449210987884251,-1.9177196743068952,3.5287662068089656,0.7202408445729593,2.9919740923334563,3.1714376403028846,3.7225812231527806,0.6486436325010978,0.768116952430694,-1.4614658122632533,clase_1
2.2722929778868557,2.6105000965695644,-1.2525784945692036,2.615402061323273,1.5486094564904798,4.881847200117059,-1.1602079967489307,2.2714556227367058,-3.909447293192774,2.004563846401722,-1.161244452480358,-1.6028372299174922,clase_5
6.537952350413895,-1.6369098199032832,0.3771307336713232,0.13207161414719037,3.5090096897224035,4.434621712399776,-3.9472353817304384,1.5936870122435685,-2.6874555335687105,-2.1368216307007177,-1.5602419775537173,-1.623488340647523,clase_2
-0.50712087060169,4.77609248844327,-3.5163468823939805,1.5481967724715449,2.828053458249453,1.7881663537465486,-1.0967951491262768,1.4992311210541227,2.3203517216698892,2.739118823177348,-1.865839755203436,2.379708635800079,clase_4
6.324097167025743,-3.396528075457235,-1.2586205433507678,2.8379143964876423,0.11839235208846932,2.373554400534876,2.217284072859135,1.5812673407939977,1.9036133622089637,-2.2541960465749025,-0.8825972861435134,4.408950326855244,clase_3
-5.474681030186203,-0.47316134073674276,-2.6359392551680503,0.01644166010031567,2.245229920516455,1.6293553584649545,1.085727894211686,0.9849530300104349,1.2571339190937236,5.370369161370453,3.9423310108066856,-1.900019242905427,clase_4
2.145765798993832,1.1216911768752804,0.01542928389687137,0.3905933403798468,1.0406184859675773,1.8478022517073016,-1.0599708240207373,1.320022213819375,-0.803993516816224,-0.5009199837872862,1.4574379493704361,0.43841522583633635,clase_3
2.064818096920611,-0.2924066304635833,-0.8306321521416823,2.862061282536814,-2.058153405490385,-1.3306863985642032,-0.3384911553076797,-3.717586551872282,0.1145383211137101,-0.5182255405642371,1.5908353339269714,-0.27203800666656536,clase_1
0.7935420270341784,-0.8826521079305825,-1.0174268312178678,-1.78576534091637,2.442266334537576,-2.222766538014149,-5.310835439840818,-2.3482849434489745,-0.6002653409028444,3.5524691453375343,1.140962932365408,-0.9089948683955249,clase_4
-2.3079682969279616,4.00910478551185,0.7336755086875519,2.3075965353450503,-2.6337941033674896,0.9807749560961063,2.280370973045571,1.3695878537662483,-0.16544780802499925,3.1125795026598793,-0.8313214091256161,1.7777543631448576,clase_2
1.485745022636302,0.5354482829039726,-2.601807861125299,1.7236891732431203,1.4782514900463544,-2.279072064786985,-2.515427644043861,-2.241531970652264,0.4715025171633549,3.069364739250518,-1.0614729729236276,1.1888415609631735,clase_4
0.9087389331358701,0.1191896637280585,-1.4696067677340676,0.1492261385468252,1.5635479931385738,1.7728384876965844,1.6178118806964135,2.456491929534473,-1.1809959642849885,-2.070194992621536,0.49941460793906933,-0.01942994644621321,clase_3
-2.1678968852363196,3.5280617910700407,-0.9231907410947013,0.12785782926530975,-2.6491228734006302,-0.5143556258699185,-1.1044732407365516,-3.437099518725504,1.479504105782588,0.5766855204679809,0.48266502604130657,-0.7517150855827481,clase_4
-0.5845337359480227,-1.7147193897050965,-0.12227186553057678,3.01762185649027,-1.9842391196568283,-0.638799425026259,1.1789942508883748,-1.5613046480634463,0.4251558633047962,4.698471766693425,0.558558153281572,0.8037872221665996,clase_0
-1.0735699817336095,0.49087608215960676,1.5477593048811005,-0.16321801662424384,-0.8305081387328543,-0.6949145670916104,-0.8863843064120138,-0.8851558454731752,0.8209403726415093,1.2905299979476015,0.9354943958784453,-0.06674362204343587,clase_3
4.457730395032909,-0.1674173965673963,-1.3107619521829046,0.9265824437060574,3.6164551707354207,1.6585703402580496,-1.2704055116300281,2.0516109109911427,-1.0974203546196288,-2.3624825502790037,-0.3887452936715014,0.598415630802314,clase_3
-1.763644715199871,0.861294221306454,2.926879664207658,0.08556019138509241,-2.023235466764292,0.7579021924918505,-0.04698235052552113,-0.24723183323639605,-0.8046818378722231,1.0327084336550951,-0.9460400182515531,-1.5815087929109672,clase_5
3.4741277049895936,0.36048432857725876,1.4737622463333084,-0.5594319937088874,-0.03475270287684251,0.9339431346729887,-2.7284757763533847,-0.5221187750568157,-0.6833029425452524,-1.9645295771401754,0.1923689270375111,-0.02896407972339987,clase_3
-3.9250825019312505,-1.1375507127981856,-2.798974906206287,0.599762161941126,-1.3760986204931638,-2.1644678880930126,2.96504354071142,-0.33961082515856983,-3.2613732150532595,4.8254405994406016,-1.4829130411779132,-1.1215287196122108,clase_2
-0.4159089989882761,-2.1587038709649526,-1.8146731920731638,-0.2902338510018667,0.4870380080771872,-1.0690328464369931,0.36251539788802,-1.6885619120886204,1.4901915074829952,-0.6905699195632944,1.1201294063310439,-0.5308651093600729,clase_0
-4.426554025721885,-0.0728624965987773,-0.6714810259780536,-0.15504803806620948,-0.47125254836462604,0.4227934297531528,2.1747810808970236,-0.5308733743146635,1.374158388007499,0.15888248522167803,-1.5604334678050311,-2.222167890869345,clase_0
3.01413319287085,-0.11088257655806977,-0.4445892158001832,-0.04165854010783587,-0.8986552172791287,-0.0852999204670043,-2.303555731335214,-1.8280754206225942,-0.47751454490129963,0.05956219241434424,-1.5693563427251942,0.6970908112231048,clase_1
-1.5900955095543114,-1.57842488754665,-0.7175109081291222,1.3285817030464215,1.805740295909186,2.6820381857648776,2.143547184397164,2.7828966470500047,-0.8007688594759994,2.5864207100524537,1.0610418591835804,-1.0509357541524467,clase_5
5.087917182859863,0.39498615818534644,-0.6684377010248409,2.08030369916753,-0.7828528740181109,-3.945517530977579,-3.2926783187898225,-3.969468075397226,-0.6661461569371561,-0.3415344825211464,1.853834157502221,1.8945469385891882,clase_3
-4.389947827187773,0.7664899070952851,1.4892093061768135,-1.0496982543965172,2.099548812945617,-1.4539931614264916,2.307272539921297,3.254693070639586,1.5298582851911477,0.4320336561883734,-0.3518737962865159,0.6441657498680244,clase_1
4.459080607565744,-1.871727948084634,-3.5580018612214133,0.2573721844647161,0.6762381934452834,-1.9885809173104914,-0.8572225537647215,-1.7114482227808812,-2.756105265629758,-2.0702851532846553,0.32876685144105805,0.3210780886667269,clase_3
1.991273975342626,-6.570931714115772,1.801367608261117,6.0966690384128315,-0.2832355768119502,-3.767113599856219,3.58395722405632,-1.194540942740391,2.4261587193446745,2.288245316681757,0.42825439751686323,2.591411737226073,clase_2
0.3165358963274056,0.3800134820222629,-0.9118740103875399,0.9018716181846385,-1.2028257944414609,2.895783007777178,1.1230195690331573,-0.08362022053850426,2.5442397109381556,-0.4626756743318303,-0.6970314693648616,1.0356591687847914,clase_4
1.4296586360925705,-3.9804122447234294,3.3241439625386935,0.8649540075983813,-0.41614898762073493,-0.8024374251390188,2.211126848214553,2.730033076388832,0.14287458020774935,1.8820453455588377,2.423106130613554,3.126536950405322,clase_2
-2.6087072774412685,2.3776084118544256,0.7632688377069892,-1.0264859332284644,0.20060485059067262,-1.02228205755044,1.2822294223814945,2.515044544280498,-0.48528644768925755,1.182717406790251,-0.548853859632253,1.362949629954239,clase_1
1.846691235610661,2.1849780190016492,1.4779145347582432,3.5701808454697215,-0.6462171654259623,1.9777979144054116,-2.896052287471588,-2.506716081828001,-0.4170424374610102,0.9400310124742927,1.7606280346244925,-2.2779394531159203,clase_1
0.8624675005524716,1.6511536867226424,0.47435345944357965,-0.47173559880070903,1.0634195857556052,0.7199366250218998,-0.052788707020617776,2.0845249465029285,0.5559843892254782,-1.2761331614955238,1.8387545009121138,1.6628504276590232,clase_1
4.3968891918207245,-0.34025501126223506,2.268619804955388,-0.2244222740745334,-1.9338886155370212,3.79818363780943,-1.261678797246115,0.8996007341223147,-1.3924567735960962,-1.4423904219491919,1.323760538012268,0.7110421636258238,clase_2
0.7230430138651214,-0.7395456701537866,1.386780727842081,-0.7791252550964207,2.8687835008344216,1.8102064576602983,-0.9294791299235969,1.9353324155134781,0.767922357858627,-2.016469013477524,-0.654984488608719,-0.9747533887312059,clase_0
0.10968755956531635,-0.1830307700339081,1.7995910553965728,0.5229790195659829,0.36152804491503737,0.6018464095444449,0.6401153297431899,2.180512082056863,0.12983046835121914,1.431982669935297,-0.3767754697378553,1.4448510484751156,clase_2
9.57189391537007,-5.237376616342082,-1.6045495138645502,-2.1927500461692193,-0.8026348331599695,-0.033191938719477565,-4.092808775740652,-1.9795084135230692,-2.9257608944270244,-1.3467630024973132,-0.15935857475646428,2.4622198279090624,clase_5
-2.5145809746597387,-0.7235977170403779,2.50666588241553,-0.31423238656260044,0.9957546223005667,-1.7059729572375188,0.8657259272765172,1.4111295688408867,1.2328757070952923,1.1647085628621603,0.7332158376215936,0.37099571246775637,clase_3
-7.226308039709935,4.404612962821489,-0.8016547939824328,-0.6510009558134858,1.1676331168097909,-0.5046187980169536,0.1616745037156917,0.4418453129681463,0.08315145336710261,3.490010384772937,0.9899508544001078,-2.7051587871988465,clase_4
9.241521123325992,-1.9338662919540197,-0.9009590131272356,2.381148148971653,3.2164839668857637,1.9109172695107215,-0.4821915834550683,3.247236413504269,-1.7071503152290048,-3.7486053892205247,1.0153427862709963,3.615349406677116,clase_3
5.543946513991806,0.32617635496153036,1.1551676627564067,-0.3520255375351622,-0.47979931301613954,1.5040136157025072,-2.847117385673987,0.2695266396427256,-1.4892862247854193,-1.341295370507188,-0.46760953341722744,1.7296707758368697,clase_1
-1.916281581180466,2.550969740627245,0.7507198095452574,2.41156062399682,0.3791884847589365,0.38371377340816176,-1.412055572372187,-2.048929224101478,1.8392090459294992,0.9941961955467975,-0.8753235675910453,-2.130336281936668,clase_1
4.874527226662539,-2.4565454161042592,-3.4720802943856794,0.9241623233044216,-1.5317673216452667,0.8654404284785457,-2.138909286357211,-6.086290852684611,2.33663094002719,-4.628696811068941,0.45170020097593927,-1.2598111341493938,clase_0
3.6064960996561153,-0.25610879153619426,1.497064989964399,2.665652055007821,-0.1901588407675493,2.3560169558140327,-0.1798329468397014,0.7842338025993565,0.06515185888857378,-0.5737260826070762,0.34087079134628084,1.0373528468923507,clase_3
-3.2448482749619956,1.4500128281635947,0.6814229240472712,0.7272943004066297,1.212126743183787,1.3525775177549373,1.6240320818267864,2.7631004154595074,0.35787483063631054,2.4664765301572587,-0.7601923217408988,-0.14849393650277543,clase_1
-1.5086278827701471,-2.1066790694071456,-4.699705968153379,-0.46988893073524063,0.5822966985906439,-0.8056819325911149,1.676319982044319,-1.1209702903744434,0.6298177065410129,1.0190384489060185,-0.8607379884731032,-0.15787710801231947,clase_0
-1.89790192252789,0.10836982131592365,-1.059262200695418,-1.340939473530484,-1.1487676063735668,0.18089520899969058,1.1274266930335155,0.567687296354259,0.23961474757066548,1.9861715837911929,0.685558363217184,1.0521854539460849,clase_2
3.454296949834129,-0.1289607694772953,-2.855979633026524,-0.441341517272982,-0.19699234534840904,1.4273658337693005,-1.695605412417904,-0.8670221045160561,-2.141107546620729,-0.20914195816819425,1.0471766550029968,0.13826199818935048,clase_2
0.7793956054619584,-3.196244860197633,-0.8652008163394949,-2.1999809473766394,2.8279467939827176,1.8382411830884438,-1.2162830547506889,1.4755176993324994,-2.045187973488628,0.08147643086582335,0.8483172197046055,-2.2676263108665804,clase_2
1.4731631517212151,-3.1201636739383654,0.6236024986299422,-1.3943260397143435,-0.02179331153705566,-1.3601213210381606,-2.4878694691189187,-2.3402487917788077,-0.2997055273251087,0.33797897460048515,1.601118685639269,-1.0821092214942833,clase_4
7.034941155554071,1.3002985287152065,2.1445379583820965,-0.14880070395350586,-0.694056624027108,3.6341490757172457,-2.3943406998004186,3.0692998439199606,-5.201737908308937,-1.0688165983648612,-1.0532063960426628,1.668687937664887,clase_1
1.4002196328634984,0.8926321676508948,1.3688967982100744,0.5477317536196666,0.5317677606064712,-0.5414427649197406,-0.37942113778260866,1.2966325857519398,-0.6073566395004888,-0.1450077161545068,-0.32883082658724,1.37186788181233,clase_1
0.7662032752036206,-2.425094060587078,-2.3223259465521613,-1.1009731643709824,-0.9790525590616983,0.04627514439659586,0.7017730672432472,-0.1573677743504539,-1.1672623015009742,1.8453809296394386,0.7715225308761193,1.0484855355613967,clase_2
-5.546288759084062,-2.886231267502974,-2.8376230703455905,-2.220785578678246,0.9478411351373182,1.4263039336399759,3.7235194996927534,2.8910579518256387,-0.3889802008867784,4.497758925163404,-0.5412944891384287,-0.7656394034233631,clase_5
0.06341791164963136,-1.6255027610979798,-1.3915356189057633,0.7607227972250936,-1.47005789014766,-1.0280788508204974,-0.6126609302081556,-3.79059279401942,1.5681162138403968,0.5218726960084841,-1.4089842999517348,-0.7566914793831486,clase_0
-3.7355138305918727,-0.2763224522107852,-1.8168672990140766,2.912310233316772,1.6310485541145887,-0.8883850162499816,2.0875082015899507,-0.5800142286542439,1.0717787295777939,2.3435573986961806,-1.7772637986896467,-1.9056359423757585,clase_4
4.9000680838226,-2.53702276085611,-2.4392323070058466,0.20144397905320405,1.330389335156216,-1.2805628725480251,-1.5753196842691115,0.16603876072863633,-0.017536422800094598,2.2376210737501023,-0.6794195609428907,4.246504054881916,clase_0
-2.0515872072818966,2.6589102724915428,3.3031266156960886,-2.9767920106368946,3.7836888409104406,-2.3533476007855496,-1.9615298981237408,3.922906922852691,1.6197766449148034,0.8598609675795932,0.36997921388074695,2.4941296648354494,clase_5
-7.675531472528788,4.737786836104218,-2.068726950047439,-0.35904246780340465,-4.599381062293508,-3.6798727904239117,-2.926696142932654,-9.627536351084439,0.2947663076909329,2.197563655297712,-1.1391821242637497,-6.968053372975315,clase_4
-4.133849740471016,-2.214801434795973,-0.6883121208633036,-4.543108915705245,-1.805223063920001,3.008043050574681,1.625841982751848,2.3189862854054475,-0.5808578894164098,4.522952402750913,0.4927193465670251,-0.007012992613051328,clase_5
1.2691424388267754,-0.17900241002383221,-0.4796268886859728,-0.12988861997545242,1.6906039842305138,1.0241344448514182,-0.9044346262665255,1.1390770497365053,-0.6616275154828304,0.1963305022448809,1.4901435958834768,0.04253319039512082,clase_5
-0.2756300010580398,4.345826857844865,1.532755662123679,1.2040513332040004,2.2131059866142033,1.8998428036555992,0.3312928986399635,4.22871040188483,1.9878909663870197,0.40684252576720525,-0.11359692763474837,2.9777517519533427,clase_2
-0.3022516255543432,-0.6052424642409389,0.8358924948638318,-2.0245427859284075,1.5774935422791967,-1.7880065251035717,0.07029600111210343,1.2267980458070344,1.0063865302283483,-2.0886699843412737,0.9016194489247448,0.9487527866471802,clase_3
-2.5523681051844362,-0.13106374251403596,-0.9768826014995149,-2.1967331832310935,2.513051478307462,-2.3993980695941404,-1.3270042429858995,-0.433017387659755,2.6278959525680694,0.8553042175081806,-0.9809709185260753,0.26743079050736906,clase_0
-1.1855744450404562,1.6483810511820913,-1.4831500891732876,0.14126026349743537,2.8577992434044877,1.930881548322516,-2.877130627704764,-0.32854064802833005,0.5073137529865475,2.3893335052833766,-1.1876011173773469,-2.1749702532476114,clase_4
-7.3575599517975006,-0.7760702790621461,-0.6636593562713105,-0.3160095157394442,0.8081093132296664,1.810694735194724,1.9110122645896641,0.7697919208532998,1.3311753767481023,5.301204509522966,-1.0584504894210378,-3.1545484355364417,clase_4
-0.9566853808069264,1.6443676230348987,1.1894794066421719,-2.1992673589436302,2.7960192258062175,5.05441323181306,1.1552981872313968,5.508962928448935,-0.8574425806027367,-3.2959517886942535,-0.619871070624552,-1.4338430971445726,clase_0
-5.950092732507509,2.6321118494874485,4.8929931561879565,-2.5091053336308358,1.0147676483294288,2.097052895638664,3.9217346538886737,8.067331429691013,1.9201197554671716,1.923802040257606,-0.21191059347748104,2.894197732818098,clase_1
2.3634836767818492,-1.0032262804238863,-0.4978553206068934,0.5427834393385449,0.9744379301981625,1.6044290057549457,1.9406372483075196,3.008500234754706,-0.7319039671945999,-1.4982712294978162,-0.5472878832053729,1.8726080693198008,clase_3
3.268586500381509,-1.151290288561404,-2.5099706027332376,-0.5199445086413153,0.08778097605262636,0.8590878899845356,-0.6395302883642562,0.21032300894163372,-2.3454166027633416,0.10270063231115834,-0.9454683399946582,0.8596484195782031,clase_2
0.03637925436372357,-5.401257176597932,0.12434522073233767,3.1146705788378526,-2.5151513644655985,-2.6404087735437143,4.28895550746424,-1.2031417316501298,1.1663478664431675,2.313564222343416,1.486159237018532,2.1177982511395164,clase_2
4.60006228945714,-1.2023240504728605,-0.36347414212869184,1.2275246963600273,0.9754252270487046,-0.981243495276309,-1.724736033708172,-1.2154876467200417,1.519891276043911,-1.7699843242462294,0.7070588584012034,2.1969546094941066,clase_3
3.8811012533162406,-0.8802541016101921,2.1408423387673334,-0.0768718614127184,-1.3304183169715906,3.6514852404055356,0.7677408155690177,2.1629397597379127,-1.5192729612521065,-3.3858491281664245,-0.1975286042912149,0.5487245832113665,clase_2
-2.886099927016138,-0.16323165912971505,-1.0043899600054367,-1.8700542495361532,2.7969066523646697,0.7084377302858752,3.5923012687478186,6.108175520484396,0.18047234641511378,1.6878540043597605,-1.1705149301289088,2.7600956158202044,clase_5
-0.20623451042745006,1.5750716271018381,-5.295545984632063,-1.3412376361106981,-0.7935320277440219,-0.447721800407535,-1.4859238449531904,-3.2171457134419748,-1.4324227451151577,0.17324901232822754,-0.7815598592245849,-1.3903502496527087,clase_2
-0.6355082485634169,4.538749809370282,-0.5872747085391847,-1.8679133432851323,-0.24439436646885992,-0.0597596793179519,-0.7113777111685542,0.5009652777778735,-2.791951031673152,-3.217115565366134,-0.5446233893382973,-1.4834809508575808,clase_0
2.839073327298307,3.196475533744743,0.5695164090117772,1.1143228456566092,2.4734297364462234,0.6645639540543817,-0.508691578937724,3.8726965879155664,0.06806337734898837,-0.31306588159921556,-1.5449093695931155,3.8505315833866245,clase_1
5.699281581441348,-2.1774387833275215,-1.4075789001915429,-1.608074459818721,0.7638183094544578,1.1039194888314958,-1.7079145156687787,1.9469155855386517,-2.079404545174115,0.8527813508569901,0.7978518254783004,3.5679626830506788,clase_5
1.3746632760369497,-0.25888522786220786,0.6765391525939907,2.581472889166622,-1.7126096812842373,1.9208394482273725,0.8368687141074953,-0.16922255570839517,1.009457514732257,1.4344742924226994,0.4762650172565557,1.292311493820515,clase_3
-0.15323848465724882,1.387423676211565,2.5543135486943833,-0.8184231986171153,-0.08202213230449817,0.4227823849037407,1.7311336147975596,4.215143554122105,-0.8969453447608924,-0.14353029226586267,-0.9053361675148525,2.559663078873013,clase_1
2.5005778130664478,-1.5114181269103177,-1.363814612907933,-0.14180857409307224,0.150348617731487,2.4511842793561733,-2.7070883754396524,-1.3863618464327967,-1.9127424989703667,1.65157748735995,1.3747979700547797,-1.7694255756023924,clase_0
-3.162580821995727,-0.2617671742551643,1.7247188827314628,-1.7532228020858514,0.31753491491633173,-1.1510613499707267,-0.8596768657201945,-0.05403991988145308,0.9550605306995108,2.25426868034857,-0.03694118646749832,-0.7567410598777975,clase_4
-1.6626404642905532,2.6949851284293755,-2.0068701372851763,-0.1877182273956558,1.743935407185864,1.3715528832679615,-0.6135072323604083,0.895535249787842,-1.1955172406060837,0.8509160860086014,-3.3359015494690962,-1.6066354802813942,clase_0
-1.3529631818068006,-0.0326083960315624,-0.5656136573967345,-0.03552104257054245,1.1733579418110631,1.7036044918508682,3.1285470845072556,4.679414969307792,2.2307654284077767,2.619422408241994,0.3005869246391313,4.225076041820883,clase_2
-6.009526083018282,1.930421134115239,2.824269513646403,-1.001354015174079,1.127231313607823,-0.06362636084213869,2.8761592927650224,4.539636934266266,2.159219998650827,2.71889801272055,2.58727145584531,1.4498785770279423,clase_1
-3.9562213219461775,2.0791707018555607,1.6147827823372853,-4.185691170369384,0.9690845462799755,3.4274839524514107,1.2514693339752858,4.754514378533147,1.9039982692977009,-0.49765517443164975,-0.952398385130473,0.7195754271318242,clase_4
-0.5405322350355884,-6.869677159446981,-5.191893886158085,-5.225833681613181,2.945902880421219,-2.2339006540499415,1.051888664147858,1.0920653172697543,0.6807319273768235,1.4343750543002716,1.5301720552205211,1.92623166375738,clase_5
0.6390550523233824,0.47138245409129675,0.6822788189627764,0.8738366640538634,1.5236657355108658,1.5446643484171187,-0.1744164897916699,1.6628357270489698,0.4095481445247473,0.1047070258574112,-1.2529997571683937,0.2851033498841106,clase_4
-3.732112435123581,0.48027871713050363,0.8700409851854483,2.342348997922276,1.2870139005094932,0.38897737655707665,2.0150547888270314,0.4836796503956654,2.3102227070010044,0.5614412086769092,-0.8781363180854069,-1.7052651500487297,clase_1
-3.180296000933098,2.1242574270357,0.04820578327035496,1.1138127620060754,0.6036548610761052,-0.8290971856427876,-1.2257902501486941,-2.6909699581833473,2.4879932795059885,0.184540643268571,-0.5245367390000981,-2.5472557581210395,clase_1
1.3590065331682482,-1.8733436230315448,-1.0987424884342958,-1.2962094978124812,1.091803407858786,0.9099995985585727,-2.287926231311574,-0.2563807082551739,-1.3573287825239337,2.249378966459849,-1.1175860426233242,-0.6355585421668685,clase_0
0.8843921806530558,-3.2910700231695573,-1.917752367425637,-2.118308104202275,-2.0501526473613785,2.996359579660579,-1.504746575294456,-2.583215509232231,1.1526928787241344,1.551159928795975,-1.3865600587809983,-0.8401252656588887,clase_5
-5.481786739461345,-0.3565983104801085,1.8712905060748761,0.9292821721394526,-0.6270091067724828,-0.6254411421875423,2.603802176419194,0.49614061127977477,0.3828488525744336,2.7131240670678975,0.6881080244042689,-2.103631606191625,clase_3
7.79020582737007,0.11444305452969294,-0.019745483323162394,0.34791098819101385,3.2375019507595697,1.657293578839692,-2.8827607328426472,2.5774529907856008,-0.19641094027676453,-2.8517097498865747,-0.16066484837472153,3.733065224573279,clase_3
0.6541321206457,1.924559982690206,-0.7545934131366135,1.3603349222491277,-1.6606229617814672,-3.5522760196178913,-1.4107131769102288,-3.3893568671440137,-0.6047507678928413,0.6179443520031471,-1.1738179970984242,0.4614605649151729,clase_3
1.6511379723603443,-1.2702522787749244,1.044691352677378,2.666459763416325,-0.8423855083025413,1.9954136382714973,-1.5088169680632775,-2.089692717901854,0.116702034905948,1.708397803581586,-1.7548708515422513,-1.6874752538308122,clase_1
-2.93307775575898,-1.6300904767809128,-1.449293693752062,-1.9682261298920398,-1.9382527846880209,2.131089179351988,0.4291798300210916,-1.299970342284834,0.6782507574987026,2.5566696669370312,0.5919119062445883,-1.6628441361538244,clase_5
-5.6259843112990895,1.1569890696377998,-0.7691893993367415,-0.8820351837967928,-0.7334271944627171,0.25388826063324543,0.5755144847422486,-1.5602084991766052,0.23180451224194604,1.6434249048195997,-1.5904302585192973,-3.7622058192981394,clase_2
-2.069733315368027,0.23558528046064003,0.8534547853341083,-0.1765387929676041,-0.48075705577644423,-0.16783502170066344,-3.514503790654751,-4.291525342585586,0.616766685556562,1.5075349267061995,-0.6153923257548771,-4.328574179871551,clase_1
2.5636321190929676,-2.161196661045066,-0.44785068235322184,-4.143256752292715,-3.216005965971906,2.838164531424476,-2.0015371192282956,-2.531925546855619,1.9639900505244088,-2.8147686063128425,-0.23861702851060518,0.3625178525812518,clase_4
4.896983991010203,-1.9865712053339253,4.3017152552283235,0.21481466598101118,-0.20887348637804748,3.3098465180009065,-1.4429442213595094,3.21350217067762,-1.4691727305080826,1.2007835473085444,-0.13609645868164935,2.2498105180129944,clase_5
0.2660554843206206,1.4960090011190548,0.0992359524540557,-0.2500037918555491,-1.7926293114964795,0.9373803351852898,-0.19716825687616324,-0.9037598581053916,1.6530870998255465,-0.9144968538446303,0.7939458036321722,0.9777397060850443,clase_2
-1.0442626358549352,1.6003537572892255,0.7551121921873475,-1.7773527821711166,-0.4849721414853747,1.9971490319620206,-0.4771103497131408,1.8302782130861583,0.9012427448673703,1.8521840199671367,1.2409655987385322,1.5440348635244954,clase_1
-4.769531706602311,-0.6495066032939216,2.8412247015277607,-1.014259300528445,0.8122800797487599,-1.7728541703850234,1.1840617833291662,0.46359724308742617,3.444355841077969,0.23059130660722316,-0.18859185110631663,-0.6513045811376135,clase_3
-0.7584371957344748,-2.265288756980361,0.6225265404100868,0.15297169565319724,0.3702762821211827,-2.498341105766065,3.026401707130164,-0.2556546835106007,3.5542019884856995,-4.609283900783553,-1.8290944139212169,0.9491743705009899,clase_3
-0.8040536905382696,0.28859250635972666,-1.5878719989338592,1.638823614884798,-0.5806757165160141,-0.15152098644016831,0.3323573919489934,-1.9857258188775155,0.8422415607571511,0.7121981734126047,0.310186516828704,-0.8308485242283246,clase_2
-0.33410468931140164,-0.2023748381353121,0.05189219490011254,-0.13862045744613194,-0.6501709433235343,1.9577644901086209,2.244150164591365,2.4683286515426883,1.1693971124834408,0.6930446686778746,-1.3206416595298065,2.3148925548238437,clase_3
2.24333631123123,-1.3939751546724402,0.9930482471262433,-2.7899749217230454,2.404511433041617,-2.6173969051707724,0.2021895071908104,3.158070128099185,-2.2650514374509267,-3.4136728534578316,0.07468163945423903,1.7164905302976272,clase_5
7.3287598647665515,-3.0740000324238324,-2.564543028468478,-3.4217800740917763,1.0527036155821436,0.19119340008660113,0.5455057797508862,3.9840893474185126,-6.0599219659849215,-3.9461284817621305,-0.3711919512615264,3.1749389165564477,clase_5
0.8145869810711424,0.18910288478463355,0.866986813287745,-2.5399026203899098,0.4260559282793094,-0.11855271617740559,-2.2798317973905613,-0.4105908244246498,0.827311632049015,-1.5940798835544385,0.10094697028958102,0.10579107894430495,clase_1
-1.0874661891881072,1.0550769553867836,-0.2779659895699337,-0.5994218342136033,0.6287001022754287,-3.017739659615052,-0.10481275814586744,-0.8444706738214081,-0.770663152004851,-1.8057845200059774,2.8220002498383985,-0.9025561344245829,clase_5
-1.2798905507084328,-2.398215200876833,-4.037925331240496,-2.538823398303313,0.903401771151034,-0.5250919744521931,0.18060647234712512,-1.9798149994697045,0.6872682963422612,-1.7501542915062382,-0.2468578925108528,-1.954711222553886,clase_0
-3.201801372265613,0.8070973584692197,-0.18367132629371352,-0.8381140648604369,-0.017894791564187496,-6.032957001276351,0.6068986029745693,-2.340472987627774,0.6306827377927051,-1.6434427804395433,-0.816184171876115,-0.6519517576835003,clase_0
2.1538797089524895,0.2834441430937845,0.15120579821171876,0.6371044238233471,1.124364772092775,1.8842865117772623,-0.38605416345365495,1.2548246794813471,-1.4655304454065547,-1.7144305002073716,0.043640132465737946,-0.6929020201803999,clase_3
-1.1242778347203275,-4.350093483220026,-2.410594229244162,-4.161605538387082,-0.6021089269333812,1.9826324004801086,0.3231877759385695,0.49235274321658945,0.22253921955544276,2.8865940240861354,-0.8561076526564303,0.3279736169488323,clase_2
-1.6081060925692754,1.3556154106188891,1.6943122030749098,2.4559861776756144,2.879079546861745,-1.1478845987888917,-1.5074069633290261,-1.0464757990387785,2.649910568730765,-0.1925942728947464,-0.0846708974996642,-1.8927044723853064,clase_2
-0.56339644984575,-1.6917602683714739,0.9912059789425298,-2.1986716884293607,-0.9792743994361104,0.26942264771888214,-0.8813386996046944,-1.1675982004382823,1.6557157622180225,-0.3848112458147852,-1.131089745168842,-0.36731937183829455,clase_5
-4.254936712667475,1.5301824927418086,2.384741325446513,-1.9438997431944394,0.8220986168916045,2.314910504665848,3.3856252790040635,5.877707896940119,1.4224007260572398,0.8319795618339803,-0.383943622063459,1.805448148463663,clase_1
-0.24148799145981664,-1.6539218792639663,-1.886612260035127,3.5708159888948297,2.603987336589668,2.1792961373853763,0.13762585582370934,-0.936663719493267,0.02720425341913779,0.9830417456029689,-0.9906975095362324,-3.6177996573134505,clase_1
0.0913075545495078,2.577660475185458,-1.857408642054555,-0.3785437095183549,-3.1116547768416076,0.0815104359901575,-1.0966646089330536,-3.301872544772603,0.4461377938413902,-0.4811682582808754,1.3427953154217054,-0.027505892824173817,clase_4
0.39922051546711634,-0.9853712512233412,-0.36610576173414033,-1.4034323604621122,1.0317886133438516,2.180579061441164,0.5464746951593848,1.487061269241758,0.8239655231704366,-2.1294388563794526,-0.5144167616565275,-0.18150882023428405,clase_0
-0.036292757612277016,1.7255638561611035,1.6053429294285613,-0.07269022490625443,-0.8114762719534543,1.6774559523895796,-1.6559146722005833,0.1458730433662758,-0.8463633881275076,1.6156185714399316,0.3326127589499748,-0.6290978720213796,clase_3
-0.6130143993486832,3.572502189539322,0.8996287862991652,2.798914652060949,-1.7884347959664937,-1.8935491480260678,-0.2711669448081049,-2.031734873168104,0.6222307453188829,0.66626383550025,-0.6091360888575632,0.5136212744800526,clase_5
-1.9541998957126694,2.602522449034815,-0.8421995710083092,-0.7216119424479089,-2.1764358492688327,-0.7059838053091247,-0.7140490244509499,-2.4264474875954534,0.45529807646463316,0.27349549317752747,0.2727933862859796,-0.7163410843474045,clase_4
2.363075882766645,-0.3949554164878436,-2.2744934791414515,-1.6860789253159714,2.0192522348916433,1.542560201574484,0.004688347812873195,2.1927752911147516,-1.6527500270202908,-2.4621443976919846,-1.5396256942059605,0.4599065163198698,clase_2
1.996824635921138,-2.9490202430009314,-4.6525615488470855,-4.08498327967073,-3.336945114437933,-2.8354829002814794,-3.2776475049022773,-6.207382891777587,-2.738121829465621,0.6106727014534523,-0.767729142768612,-1.2545566825782983,clase_2
-2.800324884583915,0.736958968611591,-1.8954641489918507,0.9357860463569879,-0.32913289427616976,-1.2894740900345778,2.4324908971089805,-0.7246932404229895,-0.2737754320601894,-0.6245504944677294,-1.031997891365239,-1.3973004574718189,clase_3
-9.153910036736283,-0.23460026500150555,0.847638854224783,-1.4830759495815808,1.6675884826894751,-1.1716584008934718,6.188221981804594,5.146195124254223,1.1046337038689609,2.4979257261884023,1.2854869497089854,-0.2897342700292166,clase_2
1.4930170379367345,-0.9978476397641509,3.577075068323823,-0.537472658105137,3.8311375376106938,-0.5037314770066859,-0.7791500399748599,3.98550459342752,0.7909549777670406,-0.7997701873110032,-0.5290246506387777,1.851325838628663,clase_2
0.46436878412380267,1.531371923511121,1.4445395445137623,-0.6808253186278271,-1.4895445173001092,1.1782463033912034,2.0471290262888067,3.7293556242070753,-1.4939247464184409,0.4610859385624676,-1.027994073217439,3.035600406453053,clase_1
-1.9169242927697903,-2.5453539890422716,-0.5079613596351931,-1.844022861705237,1.0435542985847983,-0.11566702580435084,1.1594223036718334,1.5202418240030533,-0.6312299729858606,1.4992048004160423,-1.5364597035461218,-0.5022142872494471,clase_5
2.6284118622817823,-0.05150823883476896,1.3069590333713095,-0.6239270744170982,-2.5389838142358165,2.095821597890188,-0.46857245336080333,0.2637955309777953,-2.0326344074749745,-0.6899050181091766,0.46042226798438896,0.4235903004375927,clase_2
2.458782897548048,-1.1990309341843997,-0.05667434962955875,0.10060090932977717,-0.04342849831003326,1.296287472038578,0.41550175055712507,0.1410813246470881,0.6815321998441043,-3.077017465153804,-1.292966012403528,0.43164524075001465,clase_3
-1.9480351586860831,-2.1070414848296464,-0.442789008294316,-2.0711288515836968,1.6539802581998644,-0.24733911963636956,3.5695363584811,3.281376372500891,0.5887806226820311,-2.543627251952773,0.4915579194025869,0.5576848281140294,clase_3
-5.297065659289448,1.4574302482020074,0.94801340087959,-0.9596563431615812,1.3806537257026246,-1.0855155850413696,-0.8978124213360875,-1.4051833699466527,2.9724509653310207,0.46555618185785186,-0.33674303004789563,-2.830442879734182,clase_1
-1.0785787183266466,0.07640999607961374,0.15263017851897032,0.7649407881527602,0.8257039800311777,0.13814834752232952,1.2937900750425368,1.3143115117743063,-0.23239698810344678,0.3491954585208711,0.8854705829400954,-0.2308639503416905,clase_1
1.4963880247641568,-4.012736532025438,4.2595217250234105,-1.5065758172097679,1.2015741617654618,-0.96813229483665,2.447439829435263,6.216297369983755,-1.0539698022567248,1.722715395364401,-0.5444010195789126,4.650603248243362,clase_2
-3.3547561561117822,-1.3875728423883307,2.6836023316942965,-0.16033534660654036,-0.340668597113738,-1.8267942071108487,1.7383363808622339,-0.40563687383820485,3.2901366535998884,-0.8019841839777337,-0.20272002943667036,-0.36681413047142475,clase_3
0.3866013253370346,-0.5056846042559089,0.1170693784722896,-1.8578618916289467,-2.9269935411129593,-0.03413549980885222,2.058721503647023,1.0605947305293726,-1.4678613740945643,-0.7350308334220126,-2.4861665677213565,1.8805170626385157,clase_0
-1.587004766129737,-0.5068565461534781,-0.029290033605828825,-1.2892540729355482,1.6221297283493843,-1.3998029853854141,0.5593015009451736,1.5800741856296325,-0.5497398829358393,0.5873752093733955,-0.6799666949320253,0.09177485832587284,clase_5
3.6792258381365275,-0.011669554486315903,-0.15948037807957338,0.08724479908874949,1.3948860840820685,0.1532815731647219,-1.189489874021359,0.4215802640426922,-0.5215108526441679,-3.152614658648419,-0.3854009764969582,0.6848316268698534,clase_3
1.6087952761548587,-0.24664656336855723,0.9975916639839563,1.3972033692245838,-1.8897164379365854,0.5336536890868424,-1.3699239196773998,-2.444200662976844,-0.0661485453972609,0.24008903494261002,0.9710883383822022,-0.8254498353931936,clase_5
3.314827140158611,0.29896704724926326,0.9701730870417389,-0.5237645360259814,-1.848733674206203,-0.18081823465068847,-0.4682446558118817,0.3321725315356686,-0.5474460271464454,-1.0354615706039532,-1.133006565781397,2.8755234447659204,clase_4
-1.7927650281613692,-0.4198727377331664,0.5468250757909545,2.185202542184763,-1.301443958757707,0.01343105968085423,0.9289288261561224,0.9747011792029033,-3.591505404072527,7.306731851532071,1.5291010066732473,-0.274000103590533,clase_0
-2.9618665252584218,-2.800804364504053,-2.5915367282344848,-1.6107406745223711,0.7561722952349803,-0.996762966164275,2.1577026675291773,0.6201048348144447,0.43365744448321186,2.2143511716186164,-2.3819912731366584,0.1038144988762284,clase_5
7.619158094341193,0.3671925638208142,-1.2184003574814075,-0.12774228008745536,-5.12317270274836,1.2398031661672648,-1.4434372837565712,-1.756235615121516,-1.5376926923444452,-0.8875020815219195,-0.38698409915769044,4.927117641871326,clase_2
-2.695547092504256,1.3440831773272552,1.1743575616150013,-1.1513018952271326,2.6354414421392924,-1.6659116142164172,-0.1781647974986128,1.7953710209946923,1.2219591150757352,0.020147030566213142,-2.080282617242452,0.08058422555904221,clase_2
5.899103320431314,-1.9914556922480295,-2.7174993360473314,0.3112712220788552,2.6032267862346004,-1.490893053908537,-2.187359429903578,-0.7157986871730689,-1.0255143065125476,-2.247854935816859,-0.28803073943922103,1.6214777178016886,clase_0
-0.9743167773513649,-0.24764136188336483,-1.0663685857743084,1.3824817527921716,1.0375522490865416,0.26915534372260785,1.5444161774789253,0.3021989412265287,0.5630591329124879,-0.5859541429709085,0.21987014237394562,-0.8014861185312789,clase_2
3.296883291982941,0.25602073021552363,3.432917696222577,2.729655204354045,-1.264746570114,3.9806858245797,-4.6108784327291366,-2.755169131513595,0.6716802781203337,1.9531197430290093,1.1074992401181563,-2.0843885391548036,clase_1
-2.4259705522540154,-0.39063936339054894,2.5032303442698964,2.7693408647422384,2.654998359786552,1.4660340668018155,4.726422432498803,5.814534037136996,-0.03338491627245532,0.5322940779816357,-0.3027745451255383,0.4417764074404612,clase_1
-0.052156278383622474,4.97055573084595,1.0781799822644318,2.0162502262993582,1.3970885379412987,2.0252784166509152,-1.330921736211429,2.8072286144071517,-5.469274644573212,2.2984147304810385,2.239965192231448,-2.1301622979228787,clase_0
2.5578359907929804,-0.4027831219956328,-3.637460518160493,-0.10466027279225942,2.3512175132828985,-0.28364082726705053,0.21708328908354235,0.0025634653860559012,-0.255968810008554,-4.007688913226696,1.1687689170111202,0.11836516855966472,clase_3
4.714144430850093,-2.355448431107142,0.11865581673505243,-0.3005698416862628,5.220411877575592,0.5908204068378389,-0.2477560046252375,3.9902223010575746,-0.36538263448362707,-4.285992606353711,-0.6050636907219706,1.5020628919920527,clase_2
-2.072549059833822,1.5838255170977813,-3.1306241474918144,-0.9453735980950608,-0.8314964896159993,-0.6751169287571974,-1.2430664518697099,-3.105633172319129,-0.5216010770781494,0.790826668063532,0.9483392793291884,-2.2467956424178546,clase_2
-1.8766306087268896,0.8646339357298602,1.4283752201209576,-1.483074830735366,2.1044885318481357,1.8151415714245787,-1.125524569086362,2.0904978319381677,2.8954796756034575,1.4072065563715646,-0.7071886792934604,0.6582467573846552,clase_5
-2.536647211350947,1.0492934822662834,-0.3909762814176885,-0.8066407611454488,-0.6144770952966224,2.738905752728856,0.166923443499996,0.44741968365923324,0.4913217577817237,1.843176866372985,1.3253089972677385,-1.2194611891227614,clase_5
7.899172203362475,-4.5172812122806,1.7475371217980165,1.1724972662074775,-1.0838461306757958,-0.836328723415923,-0.7466418982394369,-0.19628146618945796,-4.354029514725793,-2.589208430663551,-0.10931625723604081,1.1145555128961047,clase_5
-4.32909558837756,2.5915008352465785,0.571573565505417,0.6796541644735563,-0.9417861217336994,-1.7901677459719136,0.5566767858430839,-1.0297576122381586,0.8983429779514307,2.3112869167397534,-0.4154504830387495,-0.7809249177579081,clase_4
-1.3156465150242047,0.80983157697712,1.2481181986180685,3.661815681435951,0.6522105852870517,-1.0030841919244635,-1.358703385976449,-3.033165436022479,2.668108004239701,1.313916852104097,-0.38913509597656376,-1.9314320284710458,clase_2
0.09579845028935399,1.0332286916749704,-1.4858229948610153,-0.6722684027947707,1.4273696659081958,-1.065024498380676,1.2899267727320172,1.8856201548464788,0.2121248070188968,-1.6234789603800548,0.08259051687541312,1.9149962633926145,clase_4
10.00254511507085,1.214436210149263,0.5591602764415209,1.8272427366207167,-1.5157955432921677,-0.12038511606618896,-2.197618445934102,0.6526414063530003,-1.7807213886870306,-2.1676127531425884,0.9583327146851411,6.2604877478566925,clase_4
2.964317834565375,-2.8702295152242803,0.8693193510978334,1.501542396202896,0.7960445077681952,0.5318127960143231,0.239240109579415,0.7373469690292384,0.3304897956105975,-0.08580631418250628,0.6952692270887474,1.195719726188726,clase_4
2.4984392292001045,-2.741400971632534,0.0951597879044187,0.5131392812012674,3.450073462860245,3.0633720906506827,-0.055382576878593714,3.412083335640461,-0.8340123308351487,0.3992734564255676,-0.12750797890915333,0.04856136523983656,clase_2
-0.15265267440396413,1.303026727650756,-1.4120963612285293,-1.1344977242349223,0.6364596604653053,1.4130859752431113,-2.0222332322588397,-0.33497992068252047,1.9998770244638342,1.7856922735165754,2.018096732835487,1.0182687376501722,clase_4
-0.6099552255128289,-1.053332349823358,-1.329439032736375,0.9301887501622463,-0.9485001378409363,-0.48511114909905273,1.347577108302371,-0.763232919629591,-1.6859853829408677,1.0977386509813287,1.3635459466396125,-0.9812394729259191,clase_0
-0.48723190816997125,0.8541694503336718,1.9074030466243295,-0.8334981025814148,-0.41441594380979274,0.056129995732907445,0.28510099077715106,1.8982674033108262,-0.0070827661720573865,0.8988641045121726,-0.6693662391187534,1.5911629031562744,clase_1
-1.525578988092811,-2.4276735188045837,-1.757864516294154,0.40298434302254565,-1.8461700495120823,0.6287830688475444,-0.3503848938314566,-2.682225518774054,-0.44099560957463235,4.802299715909826,0.6602587067065492,-1.6065640991452006,clase_0
-5.0675519446457065,0.44561722940928494,-3.4809004118366733,-2.333937045846894,3.32677273514111,5.941088711848198,1.7299188292675731,4.205850328290842,3.8334800750737443,3.312151469121191,0.2745361875832817,0.06078563695444794,clase_4
-1.2440985392593964,-1.3483744563016569,-0.6383069216311077,-0.660135813840887,-0.3090565795597715,-2.902629264551951,0.44078566902890093,-1.3001605247591066,-3.5926817809953056,-0.12709240666456223,1.8966040685739283,-2.6506921016102805,clase_3
-2.1687224311015205,-1.9564859565678205,-1.6443429547311077,1.539416625821666,-2.747783221813066,-1.7498894554289512,-0.8496768161424848,-5.422458297981513,-1.5930326004726427,4.238929281305613,0.774914554913987,-3.710697736918865,clase_2
-2.3153059674407177,4.559188474638695,1.3280572355052227,2.4677068381836698,-2.662183457529829,4.811602346523769,4.928103208891142,6.323219105738138,-4.500170996446085,4.065921199259175,0.7645995976355802,1.4743205714297574,clase_1
0.2888005397224356,3.706258183033909,0.7624554696231285,1.150862406286049,1.6884175205219454,-2.207163444702462,-0.34852332687208454,2.678204925298838,-2.417375274617749,1.6012764121547958,0.6871403060029787,2.0387815796416113,clase_3
-0.9430936522371158,1.1634136199112193,-0.34019595894002075,1.0644004535784335,0.7093188441218159,0.01713714994919513,0.036475530140248846,-0.5385238166798171,1.277738250201816,-0.48743935254394066,-0.7181376587627298,-0.6543947040484717,clase_1
-3.3049508315235188,-0.4185630364459814,-0.16772181632519934,-0.14449187773642247,0.8995161012471371,0.2680424146307893,2.084275431171552,0.6755347923147007,4.163279478410934,-0.28315519268311196,-0.46834868855944944,0.4714691932048989,clase_2
1.2259870482490764,1.215974598635486,-1.550125396127368,-3.1175045616600583,0.12989426020547978,-2.757777929900052,-3.3714788655764103,-2.314316568125935,0.3847928432555556,-1.129756148898133,0.1903101253970567,1.04800775121325,clase_1
-0.4521134206757604,-0.7951746784038258,-3.02065783028828,-2.0187023413304575,0.5555873519049004,-0.782914757065686,-2.103897178779032,-3.348140744825563,2.0643525378628858,-0.9214206406989816,-0.9776468371548056,-1.2306209427337023,clase_0
-1.4010035440619433,1.9781831923758768,1.5219968758898015,0.3380607843008183,-0.7759107273794379,-1.254001844030098,0.056613131344766976,-0.05433372747302955,2.052880190378157,0.8354461689903394,1.6627060160034965,1.6825770410978724,clase_4
3.4075547654783316,-2.609981419235495,-0.8527147495795473,-4.314077670990548,3.2430570686258697,-1.9554599667980057,-2.0329955205729267,3.390743224968938,-0.8395847971179844,1.147836663430056,0.5792986450796365,4.606480545897141,clase_5
-4.054019343836481,-0.232895425180568,1.8428970098161872,1.1082855651853194,1.7061412795403592,-3.661218474554423,0.4673772185853189,-0.9666241926241114,2.896276462882077,0.9721986649849297,-0.9244085682299981,-0.9827798369006371,clase_2
6.451574563380877,-0.7662785791907899,-0.07812693499712664,-0.31184429929416596,-4.838032219985021,1.6634373495642167,-1.5786367115874012,-2.514935469821893,-1.2192192754773636,-1.920449847529617,-0.23313593254505174,2.44568138589337,clase_2
1.0619210700136825,0.06547452934416265,-1.0005093624137806,0.04898935215751721,-1.1577341429959704,1.154689258557152,-2.012807111786481,-3.001501916100773,0.5105270419056354,-0.43770025011769914,0.5020018890665597,-1.537704755414053,clase_3
-1.358581229913438,-1.7656656420440016,-2.0902652701185365,0.7188334127754056,-2.1292466345265666,0.901370079297448,0.31375158729410124,-4.142880669013965,2.0381723368388442,0.16976837737673345,1.1301646922661168,-2.3320003089369346,clase_0
-2.1516930307123716,-0.7911345105206611,-0.3664516146772682,1.2116294323430696,-0.9980628692423108,-3.189545153847856,0.3852186953168053,-2.017327505884355,-1.0498584343558848,3.514993573175622,-0.9653820207044944,-0.7416998944986113,clase_0
0.3298153241274456,1.1531264753891848,-0.4711766950329681,1.0971912223412308,1.1398487635033094,3.4289672302586176,0.7798985533075925,2.4094760955614234,-1.5522692703453091,-0.04920851684999317,0.5389630726557222,-1.012648683412164,clase_0
-0.5935698289902792,1.767140200535824,0.3816317960243003,2.3795504084496035,-0.3406555047361939,2.4186271288232852,1.8806233051610641,0.838722484697456,2.5162719417587662,-1.128481084469111,-2.5280045890204903,0.5388191467344488,clase_4
0.46649840341697013,2.081742847170509,-2.974151752249494,-0.9805917233276715,-0.09211314303812035,1.0181351907277099,-0.25153554132902356,0.2548855610011615,0.464478662590817,0.0161669067719018,-0.30737031969723144,1.6547758936542412,clase_4
-5.299542154475637,3.4396447098019802,3.7484215516319868,-1.150596127483451,-2.313289324809501,-4.040034771619286,1.7741249542795703,0.8768433423806289,-0.8110853193668828,1.0566586378880727,-0.7256676028830206,0.3321229676852844,clase_5
-3.4038646651718314,-1.9461543142596012,-3.9314523496842675,-0.3650256261549677,1.9019945612613671,1.3080963280178275,2.4026686334150806,0.24716433907869054,2.5049260965463107,0.6982227012533067,1.120056637899783,-1.1643394557186035,clase_0
0.1317855074973578,-0.4865587603340713,-1.5329316874862493,-0.9897093651352138,-1.7305298133280582,3.783906725971759,0.4025818130672294,-0.7568819640878216,1.5506565864156503,-0.8935549207783895,0.28483969535544995,-0.4746086262707636,clase_4
0.8885191757770321,-2.7526641048298846,-1.1588873545034424,0.722057647294976,1.807631825207926,0.20500603654359822,-1.1678403340394041,-2.4760715170896637,1.075479686901965,-2.014637198217458,-0.8363384996646277,-2.96926975807724,clase_5
-1.0170689438370235,1.3863291191848683,0.6834708279489563,1.2881203409966986,-0.9852192228795071,-0.6605385182132646,-0.15378118069816715,-1.5091812656435564,-0.12548727022763462,0.03075023391858167,-0.5056205859191885,-1.2908453421276254,clase_0
-1.9840568369397094,1.22452016984959,0.5116226698648472,-1.8063687896973586,-2.833086590097146,-0.1470898991134315,-1.2226549102891617,-2.9237513380784557,1.5793871606251795,-0.09385266066714504,2.163474853700142,-0.9822096376088933,clase_5
-0.9499456499764047,-0.8886039602728557,-0.7201903268310389,-0.8606608185410246,-0.3214649745274169,-0.9643929848449002,-0.999574016106497,-2.5673213243881685,0.940336705319017,-0.5304594512598448,0.5033287738455666,-1.6539830536747737,clase_5
-0.5459358628367778,-0.6868829493891195,-2.5023207493192015,-1.9002055344805233,-0.7643796504839113,3.2629762188520175,2.4700765514512693,2.2761863355595247,-0.8011464840148018,-0.3490820763482624,-1.100096962577806,0.5227589969277213,clase_3
2.542151698340921,-0.5941299672877589,0.5834655246661313,0.7873368770037508,1.02054698006958,1.0807726814475056,-0.6045069300093157,1.1970520887051825,-0.7581074582966886,-0.28147697523481535,-0.18848685975882942,0.63818580525005,clase_5
0.1651550510786308,1.8355156053622665,-0.9605334115464503,-1.932313695207175,-0.16637257924874016,-1.547293952878728,-0.8405772159995999,0.13096255673443155,-0.5059927052789335,-0.42600737271355915,0.1538476602166413,1.5247667471084299,clase_1
3.7328299132739198,-1.1440066098033017,-2.621542149053158,-2.8316559175573213,-0.4970295195231855,-1.1299384346549506,-4.708819066236107,-4.577869895869277,0.5940491329478166,-1.8029210045336155,-0.6763645030356056,-0.10854686948437842,clase_1
-6.959270194517475,1.2999278012954267,-0.9923283358012958,-3.609778551367314,3.16129439680952,-1.8189572352817824,3.308835130504911,4.779583545302067,0.6843802334425652,1.1039392195237923,0.1051599818512121,0.617345837811446,clase_1
-0.0744380358200684,-1.4468795082040578,0.29723546496364944,-2.04841538422862,1.1772443718207701,0.8390965635617119,-1.6576767763359048,0.14959383730298562,0.5561976686029327,0.4375013346999511,0.9435168181527083,-0.709228801751908,clase_1
2.8205692953866324,0.7300334209315493,1.6206125775814202,-0.127273907572802,1.3091906256252206,0.9331475635226874,-1.752663192404752,2.328678476743547,-1.8093471141295632,0.56511659075305,0.5248649917251288,1.3352887767722819,clase_3
-2.3421642730121848,2.2995825296503423,-1.83470678607602,-1.164732006986741,-0.6534203170549192,1.2441929504670273,0.2987261005370693,-0.3223455238852405,2.466026800989983,0.3561185943519979,2.0476519038968495,0.6351806594169221,clase_4
-1.8252656200864639,6.41821295151836,4.819344983504563,3.88508295054901,-0.6647583645918291,1.581996719496884,-2.5790547251071105,-1.8551261101723673,1.9420221347086837,-0.620267681333212,0.4760108000656256,-3.026648316671511,clase_1
0.12527039361835135,2.0614240229267917,-0.19913543287781843,-0.15456885087027994,0.4300595528468276,0.4198551503181922,0.380335202816934,1.3254257296878362,0.1634392775646868,-1.229428590884961,0.5443227047657363,0.9943500142470234,clase_4
-1.4791181599081722,-0.03851925115441179,-3.7556189686393475,-0.49608110128007893,-2.7707668445803266,-2.9753484628024465,-0.6638585303570459,-4.1136048657862805,-1.3421640596112678,3.9557759541050155,0.5683521485426429,-0.09524964474243303,clase_2
-0.7766829982953357,-0.03441860530186247,0.592013185136634,0.4138422833242539,0.6408643895036551,0.2358668896140882,-0.30904235966479887,0.13427727424877067,0.8607800995205294,1.0473799264891355,0.696631501217747,-0.24169357577212047,clase_1
1.099921356423329,0.7436190411279678,-0.5560959505357179,0.3282187592302553,-0.6882091788802334,-0.45680913017667,-1.7556872535415775,-2.2083029907589338,-0.43234167748990004,-0.24207598673051167,-2.259386257904186,-0.76528545006131,clase_3
0.041721670046426115,0.37543315785851245,1.4206451345779914,3.130394842666191,0.7298519070876078,1.7501988863503122,0.4492497237120656,1.2851982683325973,-0.5288626956527065,2.2855489328052494,0.8755050498444104,-0.5664890334255532,clase_1
0.7241689629375937,0.18944533688865217,0.45371307457920107,0.42754381503387257,0.7172675913280354,0.7008050815669987,-0.6832413010377963,0.32920967401952667,-0.010007809090137654,-0.09619979055235939,0.5994410153062589,-0.21709821435872056,clase_1
1.1088303838090932,2.7447735266068385,-3.7892554361021817,2.1252375282355827,-0.8382688298603266,-1.481133702168596,-0.3105823584088411,-4.28980249822346,0.8664487742616459,-3.920141394430277,-1.313272287252248,-1.124405133225685,clase_0
-3.121458387581852,1.3848607085542832,-2.019982165972059,-0.9879366895776724,-0.5599335935880452,0.1300200045774299,1.7378187814029067,0.40716909553262914,-0.14273578524936825,0.6215809290530243,-0.6141904181254927,-0.43428724253839324,clase_1
0.022634523000951562,0.22487987158776657,3.1914376659099153,4.81020396010529,-3.899966828717381,2.713277826042484,2.5887143355107005,-0.9998347595665359,3.0949341547879925,0.6350832610642487,0.14155926689579443,0.7858989670290657,clase_3
-2.8565959601077324,-1.0939343203213587,3.3700488538664217,0.18641119443611698,-2.9713068237624976,-1.8217059681967689,1.7508478879491782,-0.824029742351865,1.872783052265842,1.687909305469905,-1.1368711816344155,0.7255848003843445,clase_3
-2.7565639220748324,-1.1787275898491951,-2.0510067643818957,-1.2926014218049313,-0.12381912237988046,-1.0722583194094524,1.2254577548367287,-0.49962715719847706,0.8166515839346923,1.6781563898185934,1.3686234226985106,-0.04711213320681762,clase_5
10.164208269941007,-4.782540198287056,0.8699777223871207,-0.37171105430415446,-1.5055206857843928,-0.20266900811919003,-2.4043660656294126,-0.1513546948904753,-5.194422255736711,-1.7699601778360907,0.2556995380481427,2.5913008573017478,clase_5
2.2827851219280793,2.619644995539237,-0.27325519894905564,1.2351977601667856,0.9561891270871348,-0.11164240101000811,-1.5593616646605966,0.798897774826996,-0.3492598504133313,0.7937812990900326,-0.7722350213415422,2.1400430167328253,clase_3
5.849632317631537,-3.7410534308092602,-2.600260945933106,2.3681650676599193,-0.04300481466115702,-1.9707030110271466,0.1594974505151897,-2.0247603072759213,-1.6837970375028217,-1.6681402423588654,0.08669457148553406,1.4146718826896032,clase_0
1.3474296424210215,-1.3268445217671039,-0.3099252747756036,-1.809140673530361,2.904080304627696,-4.663337508555573,-1.2310156098457918,-0.46191057539357716,1.2760871794713164,-3.3398265352410386,-1.82719593747126,1.319991738635768,clase_1
4.280185118614249,0.5901135176926786,3.1154504326110235,1.5606395884753457,-1.9987653635884006,3.883692245341874,-2.088401798070092,-1.341432930452362,-1.407239094739983,-3.653226009114504,-0.014970418030954094,-2.3877644094413917,clase_2
2.3650085728196455,-2.66755412340893,1.74131940537203,0.43388149944466026,0.12249956220913205,2.571127409641301,-1.3320044245038767,-0.44704056957158056,2.385847953177982,-0.19320405073424607,0.6604889823456973,0.18878562601354631,clase_1
0.7808313282604942,1.0548911924271138,-0.5337637438640885,-0.23849320626407544,1.3136144424581968,-0.4482180968054807,-1.772475497995669,-0.2610603524495914,0.4276586995640113,0.10630839340003306,-0.04454486424478854,0.4195605677328001,clase_2
-0.7506434250868591,-2.2440438361663393,-2.513080528725205,0.8237218607144501,1.7391164339979601,-2.680483168885883,0.47132527375132083,-1.652518362887217,-0.054884282000299156,0.36893675333359366,-0.14114031944383582,-1.2186761059417273,clase_0
-7.730137591315113,2.1058760576510034,2.183605550077139,-3.666992268199998,3.1089025770728336,-4.2996698058702405,1.945011311903457,3.1255343386690053,2.8892411636939137,-0.8720673838793125,-0.6715106053010765,0.14184890590886445,clase_5
-3.14628213349661,0.5929899243047805,1.6449879158101937,2.402892995693742,0.9838221218118308,0.8916906310120765,3.573120492802259,2.8869948320316223,-0.3744832450884451,0.25375746138389,-0.29773564888123116,-1.2999224956692808,clase_2
0.5584570017746397,-0.3471644815271759,-0.8475887908348302,0.32661462701348304,-1.9219032407871695,-2.671521459050981,-3.2207352483551093,-6.5369865199324595,3.5124504994803676,-0.24043974240468213,-0.5605573450943682,-0.5872256725973097,clase_0
-7.472313980109857,1.517772460079193,-2.493445505920456,2.453607885039256,3.151027305662115,-1.8668658215392886,4.653852102558282,0.9316745537118756,4.475258619648878,0.39845713942693434,-0.652398460462478,-1.0541701273912778,clase_1
1.9273549290022152,1.1826752551689672,-3.9273019501437023,-0.17693886209405363,1.185350658606977,-0.6368481074656306,-3.4296045518543705,-3.2492052274870646,-1.066095339187758,-0.3373022814567941,1.4222585085763269,-1.5595390887415588,clase_2
-1.7632428007319965,2.1637184072883127,-0.31618692366324375,-0.880170616977421,0.9112149672283378,0.3344942032192344,-1.0263597811598126,0.16034487954153492,0.11533077960382287,0.3027699257603454,0.7495825713736299,-1.0513136567548929,clase_2
-1.6465737070290567,0.8392441614043198,1.0636986461927804,-1.0481547668537758,-3.5514271531839334,1.2782434732685277,-0.4932927332072441,-1.639644307083703,0.3986590448141706,1.9487730998145718,0.1707989039338024,-0.4480229611799931,clase_5
-3.3179090479054203,0.9508094155946043,1.6796419911502263,1.7585523664283145,-2.3216120779857246,0.7744782938916844,1.9474520307705065,-0.818553593129135,0.31521642955096807,0.947713593126229,0.15575190783128046,-2.0367800546396717,clase_2
-3.797102958084068,-1.6836224198293126,-2.041103059970296,-0.4313878983549234,3.059660894069218,0.5452964652477097,2.280555476136719,2.0536469470889873,0.07679378158333716,1.1717494927517729,0.5954953007219735,-2.00871745581094,clase_5
-0.9524880930549982,2.0489374038886368,0.13796982143366854,1.7457823470114728,0.22589818382299276,-3.9658563218151777,0.6157162067262409,-0.8916049221797265,-0.7811175167825235,-0.65444826505626,1.2796141191777477,0.058642693118113876,clase_0
-4.658239099581138,1.822002234838972,-0.4236946293968769,-1.5906279865681447,-0.4674495041282962,-1.5608137335498176,2.040445130429873,0.46974250671024737,-0.6944141353516217,-0.6117717061771402,0.9132806180402842,-1.5549752014920168,clase_2
6.550816488466034,-1.5140200078047714,-0.05807092341067388,1.6934818744299323,0.4396990898593722,-0.14852638733422008,-4.384130792302578,-1.189910510652638,-2.5575271279932075,3.51247620303086,-0.06442219957718869,1.9499918350261856,clase_0
-3.7687249036102797,2.7894069464062783,0.6423658258719944,-2.914937656548048,0.5772305040296106,3.7340771971973803,1.6326190944582344,4.153612061709938,3.2107514832654545,-0.09213450719104022,-0.3522173188974568,1.6206622365716519,clase_4
-1.4827250332064017,2.062520854103333,0.7359100283584346,-4.2416870467584955,0.35178729923710733,1.9309931968436775,-0.026119758966451023,3.8087307518985125,-1.2579677012132435,-0.2954501460229817,0.04364363687958753,0.8777798390687606,clase_2
1.5842912357535908,-0.30532331254703443,1.4151714589015973,-4.275658255299794,2.4189683504558155,-0.3707939764192093,-0.7678480162673323,4.360074281475385,-1.0904795871974071,-1.9186471061737647,-0.8899625565571414,2.553434609554606,clase_5
-1.8900520386297301,1.108218913615004,4.871402913797088,1.8794394468046702,-3.516704251357485,1.2404935872763267,-0.2337356600776761,-1.080166292030187,1.8816409999138988,3.1434892917890673,0.6940967468117569,-0.09242330983807356,clase_3
7.783970973775008,-1.4560120029028583,-1.0285588923653541,1.715412838803186,3.6174617289203868,3.3133079092027033,-0.23595436641579826,3.0866042922797474,-0.5411995838237904,-5.621103702742389,-0.3677355832759664,1.8896882416400356,clase_3
-1.3148375115060453,-1.6718073727160923,-2.094350590010647,-2.40757896405792,2.0394378648463896,3.5648034348601705,1.465180662788523,4.121893291703514,-1.372651869522618,2.1479421559147416,0.9880959835766874,-0.014186948658470588,clase_4
1.00090707889056,-2.4916445740401985,1.8677599063119927,0.4737004413732274,1.2738422473510425,-2.863468531603532,-1.5229108186700455,-0.45256908485844155,1.1710658398708516,2.449355667187424,0.5837293615218192,1.6050977966969107,clase_0
0.8610725408181497,-0.053524396230390736,1.7754328817439706,-0.010048083830817789,-0.7159029471667904,-0.7668176031432004,-1.7730310162087033,-2.0299183015040296,-0.057378450725300234,-1.478943552131808,-0.6988661804419937,-1.4461413454229197,clase_5
-1.484316524161944,-0.7173964971055706,-1.4578414187213926,0.4202225506584496,1.8170488225664092,-0.9021759500857542,-0.10641604066735932,-0.8861318036517032,3.5297623114066594,0.9280566738639823,-0.8033419752904754,0.5318468673708625,clase_1
-0.09099367999859691,0.9875054274792623,-0.476040710637474,-2.1653927178059034,1.5154818526316916,0.20119118019116167,-2.2969671726490075,-1.0578963370679857,0.857714381984517,-2.9487844366464016,-0.12799697521339518,-1.8218535148906372,clase_0
-0.2499452872170868,-0.2510779419704313,-0.2865121419945911,-5.507196872243331,1.1122780639272114,0.6319076193130628,0.6086385962524978,3.994335872068541,-0.9849583797378545,-2.2368656014444768,-1.088627720673625,1.8123344867591618,clase_5
1.7017134670562148,-1.8256067763326989,0.4330873421203618,-0.559099675881489,2.9788783682501245,3.050309911458352,1.078828746871412,5.371880384936306,1.8271274878088049,1.5698633420993442,1.3867806572852113,3.9413335196766264,clase_4
-5.240738876452345,1.472978262130912,-1.1454318245664934,-0.06803019477689276,1.3287384771362847,-0.13189366460879326,3.0647434979536587,1.921844446574573,-0.15316927575667993,0.3873519796521303,1.473737578076169,-1.8229247206316763,clase_3
0.46057314888047873,-0.28772234551262166,-1.7072712457024777,0.5894402045179594,0.03094939745083569,5.973275014563321,1.7261269009377378,1.6190216895468095,1.5241460060220033,-1.2696017427034896,-2.239322666564225,-0.5432411242674273,clase_4
-1.4207294922369318,0.6351522032817003,0.6399149921904708,-1.593841231882978,1.6316394558265312,0.9049435352527078,0.30485197515771356,2.197386410408431,-0.31000548622947444,-1.1558233779286475,-0.05435127440020237,-0.8530221303792536,clase_2
2.2718534628516855,-3.339036136105787,-1.8841878929667202,-1.425258842315094,-0.606021079321078,0.15561708649258454,-0.3507154917040609,-0.6459594409858732,-1.4294673059799008,0.672709180168011,2.2112429502825615,0.5439623127740394,clase_2
-2.1260526031638287,4.361591566099037,1.7277427779429535,1.9063574854749714,-1.9689265824137536,-2.701609784503865,1.575486550595232,0.881671894299323,-0.1354315365317792,2.230896159127753,-0.8784004773393012,2.7120757948405982,clase_5
-1.0786565576264042,0.7072101867359777,0.9747055909698399,-0.7386850541056295,-1.9399924078479789,-1.825534591174897,0.14202144035017505,-1.0187414800447356,0.7825724452699512,0.3994950861441306,0.8292235856371121,1.0882807059802933,clase_5
-3.211978363228352,0.9924815726876246,0.8723867039731806,-5.786655576582412,-0.5760745102557545,1.7198222192868713,1.144335112763884,2.5154963504880707,0.5312038483534982,-3.582725253763323,0.9066483858092831,-0.6066325221010642,clase_5
-2.86051734428729,-0.4508712024412682,-0.3464746339381552,-0.2663590824378622,1.1087750047787002,1.3269613423857851,2.072001357739518,0.7730589485625434,2.243531205419134,-1.945949978399407,0.030268671108619073,-1.5934742120733636,clase_3
-0.43649523916391963,2.261940707402764,0.9229469936500587,-1.6173453730903236,-1.8538280320648577,-1.8346716904436915,0.43052925008038295,0.7665821909323515,-3.597877951794228,-0.9122470774240119,0.33521834621737173,0.14782694130365026,clase_0
2.178766887632335,-0.5933819531485931,3.6269216928723402,-0.09694752554309094,-0.5098264913038244,3.6292923034521207,-3.853178917804053,-0.5113371279388316,-1.4547789469963235,1.4639909513421245,0.09171894974836545,-2.485240338001234,clase_1
-1.2064483441664335,3.10694619274965,1.626609039331987,1.814753834717386,-1.4245530251552994,-0.8604515922745095,-1.5562650736115091,-2.5331906463471605,1.0334653975946897,0.7010429034334974,-0.11317064829006354,-1.0539618553951136,clase_0
-4.935728317891054,1.3125417552110987,0.08947998650104283,3.731581907978761,-0.9469557195394884,-3.737205187661101,-1.0739584490987133,-6.1447198661721165,3.4510911210202098,3.3444294368384018,-2.6266847559986117,-3.1959034173225787,clase_2
-3.2754428823148825,0.3037048583949957,0.554599744680452,-0.896977518531483,2.139005387172018,1.2546676517607769,0.9536776617012218,2.510187043369025,0.8936338292518402,0.9417976052388485,-1.910965935592205,-0.9746753179062273,clase_2
-2.7086685984758208,-1.3452989364539167,1.9160498910203245,-0.8061085350400647,-0.555952869093896,-1.141072402883285,2.5741769651813144,1.6755382095888518,1.5169503884898243,0.6669148870075194,-0.7071110812932093,1.2625918968267111,clase_3
1.856593992612644,-0.5506321532858798,0.040851059579969484,-3.2202424370981975,0.7765098345062424,-0.22491085636041686,-1.918933152138783,1.0221089008759783,-0.5943447502742423,-0.6624794469097791,0.013652912075056728,1.47697634108582,clase_5
-2.0447694260717024,-3.0372296042267974,2.395641028725968,2.9624140871035856,-1.9792361970415946,-2.072512579499296,1.9247515719947779,-1.8634275059242495,1.3940102565777028,3.284840775143252,-1.1937118542442775,-0.33850036516821946,clase_2
-9.869961547477004,1.2688786921439288,1.553435162490823,0.09045353443580761,-3.6330132595400606,-2.554292212811596,5.95512042759012,0.6675091464910473,3.0616365818454403,4.447247885215681,1.6563225078035575,0.8005044337645465,clase_2
-0.42643976807373973,0.8477324541615272,-2.555660390183485,-0.4889637005513939,-0.3476111170777419,-0.15821639253860853,1.0716992898419269,1.7988029458922843,0.22999829583232112,4.123358763704023,-0.41145650976648185,3.9770178819073934,clase_2
4.590447172479078,-2.5087788387497065,1.057587730115546,2.8174447640095215,0.1192476461333859,-0.09363816320439577,-2.250105108805636,-2.6923319389039606,0.3570548315725613,-0.7468177627118251,-1.0260680827411577,-0.4593820629725478,clase_1
1.1505855424662654,-0.31118439679138826,1.3902366271855187,2.411695934977104,0.4389257131647753,1.5525465864092127,0.9916648032162013,0.7442021372390407,1.7026678299238747,-1.2743097773456304,-0.73238274559508,0.3988649377968137,clase_3
2.8456013592716465,-1.1742614353341392,-0.19738151938545134,-1.8459795033344604,0.3276019370458527,3.4179432813415316,-0.3353594497833282,2.65612421120119,0.664394958789258,-0.11717085043940811,-0.052611873356375655,2.6955369722352427,clase_4
1.3657706876531694,-0.018358290811445688,0.28436082140783503,0.3832567161153499,0.03738550180622824,1.4213203879659013,0.8252975972041223,1.4504277216131678,0.09906358507921775,-1.0742678318435808,-0.7482746547776955,1.0619387919301653,clase_4
-0.8659852898552939,0.6871392395533819,1.8838018162314816,0.439674598674799,0.634224134247859,1.9355266076497377,-0.7346369460481842,0.63741277814095,1.5609453761154441,0.5661741395547286,2.3181022604638017,-0.7156519404260003,clase_1
3.1652028857161127,-1.1115715328403877,0.15989520543279823,0.04469343953810867,1.2395426830806042,3.2202895495533577,-1.491985250636051,1.3924489560831501,-0.37595839399318004,0.16496618713155697,0.8221564326571629,0.38872175921733176,clase_0
-2.138324613672195,-1.9149443113437614,-0.2903554867792921,-0.7684927465205198,-0.2250870002772563,1.5227943304680278,1.309459324401873,0.7605735743872065,-0.07609113067571371,1.9044900738987958,-0.6773622287217693,-1.1004840079020926,clase_5
-2.1745993349163193,1.619974386345355,2.338106749920018,-1.095141114944025,0.8291688125427987,-0.8710502064828287,0.6351698138615314,1.5931546355096122,0.00042173936290834657,-2.193365226118261,0.9846557981376103,-0.8979687569172283,clase_5
1.5954453475031207,0.13119991402552023,1.8719916485225678,0.538116980454607,1.1520209616629316,1.6753861135578216,-1.9470081795048635,1.6426314712079018,-1.2293348604666434,2.468321563866908,0.1253909718067383,0.2586365049597409,clase_0
2.7313699553603223,2.4116630928317315,1.7214143985245267,1.0452387234379303,3.081590211700947,-0.7501939475292989,-1.1600065553185308,3.447037937973348,-0.04333386253716853,-0.40588544011931943,0.9368056771330601,3.2601242502525434,clase_3
0.06815509371506286,0.7968576816364219,3.8409895676542805,0.11899451852411935,-2.151325075233796,3.456797148091769,-1.471749304422724,-0.43425155658820985,-0.45301820635465995,-0.06208522725266408,0.8782055654366451,-2.351974583971713,clase_5
-0.14232149353990475,1.0088069033169582,-2.5595620823171887,-0.8266536565764984,-0.3799336032696461,0.08431436229688716,-1.2910706800651992,-1.6086056388584016,-0.4078679513450618,0.9285783325684273,0.7462783899353939,-0.4258396813251746,clase_4
-1.5336401096449341,1.4519032060262438,2.0518523583635275,-0.6951046630999747,0.22848525092277816,2.1317807450776467,0.15491537085413964,2.009394650246567,-0.878429339297909,-0.24267418708318617,-0.40573650163225167,-1.443411374272643,clase_3
5.139309548418311,-0.9235427129528241,-0.9195055119373301,-4.399970279548827,3.256347294089448,-1.0118358382739434,-2.244897031120696,5.264046885949308,-3.5996568020048656,1.0438462034636609,0.44337598210237517,5.37049033579017,clase_5
3.71599139216428,-1.6571104283536136,-5.501332726109235,2.848309512559341,-1.4619289691441322,-4.766730183118546,0.0910140427973627,-5.870263510707071,-1.0021832962069117,-1.879704650263487,-0.9655750062098389,0.39119868746674813,clase_3
2.100028384886135,-1.4052728454085575,-0.18089652458729166,1.449577734854189,0.9107434346239491,-0.946732843258447,-0.4585689918306848,-0.47072176389965953,-0.592135096337516,-0.03960188407987175,-1.3205962897466004,0.20876748712503995,clase_5
0.40587541157122964,2.527064077304359,-0.5713027371159594,-1.2243174282745712,0.7699344207258692,-0.14712825705698096,-1.9600010673305897,-0.1508048044082651,1.1643200847810768,-0.681641589339379,-0.007564659674649148,1.05467623720173,clase_1
0.6337258804221434,-1.9733938957558779,-0.6038925289611332,0.0652623799247094,0.9085686325481412,4.229788643272496,-1.4371704338111977,-0.25151594891547296,2.7003282447735435,1.8890048526049228,0.3385944331158625,-0.5422629935363927,clase_4
3.0171630688474522,0.4701276175172355,0.7412540050721452,0.416982825489106,0.1722274759327005,-1.6734039501194033,-1.9526411865419553,-0.24399760038506857,-2.3143393073051968,0.18099081882335233,0.27981185430235533,0.9328602601323808,clase_3
-3.2717054713977527,0.507573777017985,3.1414430388295855,2.4513310813278184,-0.5710031798431872,0.38955942571836966,-1.3409385181164968,-2.673359625665762,1.1720750304744856,2.301593639090038,0.1394151593464063,-4.160058506260622,clase_1
-0.9147036967801702,-0.16709842730784152,-0.9942557341428149,-1.480349235269781,-2.76129245227232,-0.06763518919921929,-0.1437399634983918,-1.3670461201611563,0.6257658670221355,2.731609036616354,-0.1869715128172817,1.4378449171881627,clase_5
5.767365441595881,-0.6346680235165377,0.9874479762754752,1.804166573319718,2.0867574196396976,0.1184044259961392,-2.104645104502101,0.8720251420742762,-0.2708438100755758,-1.4985177286442817,0.775765385282725,2.138759060922361,clase_3
1.2868443746553775,-3.7194419348804457,-1.3068175189098064,0.8594278664905592,-0.4896845169012629,-3.1145366246550488,-1.1182013760247813,-3.6128992974975938,1.333916501267771,2.288664812944009,0.4629127794931132,0.7900678448339358,clase_0
-2.4067904374742373,0.31575200970156686,1.285507008506317,-1.0104734943038172,-1.7854057402855337,-1.7342412292519007,-1.9231640732881696,-3.0403003242074313,-1.1622588845967519,1.786379398326447,-0.5900259690908214,-2.8674321400676215,clase_4
-0.8375887094343453,0.2649335926812492,-1.4300015840847502,-0.016518079338220137,1.4453783481545628,-0.2203585443091518,0.45672926308703543,0.00854998260177651,-0.28012213352631365,-1.517543837806336,-0.02576935587725707,-1.4597808257771319,clase_0
1.4296861799343277,-0.5443312302314112,-2.04747379303648,1.4704361440987246,2.251944917911641,0.23632935868802463,-1.381850557918898,-1.497528091212645,0.9643708073433573,-0.8200459738524744,-0.3350378920183519,-1.1582354518422862,clase_5
-2.969285050811201,-1.8585910444054952,-0.7215711052885336,-1.8169841960726163,2.0804572667889807,1.8375876034327188,1.5639864594229265,0.8456983109657442,0.1989459261333123,-3.27526640870306,1.4926099474640355,-4.211454203115266,clase_3
0.022059140999343,-0.545071887762413,0.27522925692152644,-1.1429075570936498,1.2796329071538999,1.2437835557040446,0.011329953021186667,0.9537477082459533,1.544431264455018,-2.077477794072452,-0.3707964337995265,-0.18169749575361804,clase_0
-3.200506640894685,2.6051316845554466,1.9879287291937944,4.633061563287626,0.3110621102493207,0.23166745821200146,0.006601788916823836,-1.8234673815573936,2.2747285888145767,1.6725153156534314,-1.7353107035927715,-2.730106380047867,clase_1
-2.431390915718886,-2.211178543370351,-0.2118307917374586,-2.7470007947177493,-0.7100775735926507,-0.6654608920927971,1.1618613957860302,0.8739899185364591,-0.46862201414641325,2.180663938041455,0.05624533757317886,0.2854877325104507,clase_5
2.994126223830121,-4.050750018371882,3.193162295413755,2.2081464105252953,2.58723302923501,2.488406816799857,1.3336474341633375,3.3800383485685357,-0.8497362884843986,-1.6786568380773639,-0.5829294955992674,-0.7113193678390801,clase_4
-2.691606840476119,1.5351936409581937,0.8963310860256208,-0.14302263917182545,1.6739497046261438,-1.2318420087317037,2.2366523737172725,3.1927324569748143,-2.4946036584262616,-0.6546707165648513,0.06310712149202398,-0.9882307627286264,clase_3
1.25862985349051,0.19080330987688643,-0.30936234842387517,2.0942639186633523,-1.765108350724835,0.7059409077189895,0.2732364224566799,-0.5261145981365909,-0.9517519788066455,2.525791213750481,-0.008413665971365013,1.0023950010714764,clase_2
-4.949305364695802,0.04623308734800713,-3.8997768568787103,-0.6442324065835694,1.2112038147248247,0.6978005813300908,3.803410077538813,1.5787616614506832,0.015535705575247305,0.7126589376064414,1.3548929315218388,-1.5215078790648677,clase_0
6.026256595929909,-0.2330290784180008,-1.3024691488857083,0.8117602884216366,-2.2349848857434713,0.9274379781552988,-4.1399243830567345,-3.9306302662933614,-1.7926423165904801,0.10678734436398696,-0.13242558494333675,0.23217387599290024,clase_1
1.5341932299810324,0.8239412359933613,1.4563583137936233,3.3980221236887713,0.3461039328045407,1.495531798297669,-0.9557934559071777,-0.9446556576286593,0.8743123991929395,-0.2935445526733942,-0.15717849993016805,-1.0377092159422956,clase_1
2.946142733121554,-2.0318583461863557,1.3490091132098851,0.5444465443431412,0.13633921929094994,1.27432922043587,-1.6236090767543712,-0.7262924115181687,0.5560141470018158,-0.5993008580716044,-0.6546030209289879,-0.10552342583553698,clase_1
1.0135771977376433,1.8571166330407494,-1.0258907230328707,1.011811682003757,1.6202513844259663,-2.658462735692377,-1.0865887198030748,-0.45055272682147085,-0.42100212211904314,-0.4416948344552508,0.8876229633803967,0.8855975552774623,clase_3
-0.3670632429411577,-1.894749276588457,2.647354517778936,0.19885602924281087,0.9120554491826152,1.8225336400762213,0.07422464028260478,1.0154420233672663,-0.8560303090576415,-0.8230373649066749,-1.102091955592559,-2.80359767226017,clase_5
0.47207746679569595,-2.16351383550914,-4.152644749719133,-0.9968025050605985,1.4316534120646647,0.7261215473488413,-2.3443947422645746,-3.731720596534136,1.8541373413915259,-0.6197473251965069,0.28488589971531725,-2.413486330870202,clase_5
1.152934597684434,-2.89500572991518,-0.1074499571394093,1.3504748858608437,-2.763806549345115,0.5242356549990601,2.0616154337474324,-0.9787407824696046,-0.4323071503453029,0.6795096219967495,-0.744872785276274,0.5285815686099126,clase_2
4.786872315139497,-0.4520331268540186,-1.097948534815563,-0.9069117455598866,-0.24688497297968282,2.0235580530788226,-2.743849203798187,0.28039417416015266,-1.4472156413754385,1.2532433144610997,-0.5335453373840537,2.1632783546768,clase_5
3.791512209058056,-2.124679646584906,-0.9399730830124018,-0.3799178885909056,-0.037796957104091256,-0.991513270667548,-4.066944582203496,-3.659212330885708,-0.3247815253820532,0.46819635089108347,-0.06552911548895132,-0.43012818027121275,clase_0
2.464863204753657,0.3238980896325262,1.548521724640649,-0.38175874067146537,0.1944597115462844,-0.5490084769428452,-1.8459168887211226,0.1788158781948879,-1.2829096884551077,-0.8179928727796184,0.8928405543192964,0.5384328021130598,clase_0
0.05319582847010882,-2.9529795687753575,2.0244517844137375,0.861590640086977,2.8496732529557933,5.068723761566733,-0.2423744591804407,1.8321315062908643,-1.4664606810487875,-1.2538794606481962,-0.9991869029616581,-5.369209822562812,clase_4
0.8721562557268324,-1.565261700452968,0.5370374100100087,-0.5033978417514133,0.8014048585160573,0.7954673852695833,-0.2880722422091194,0.9125684109838301,0.838914393140688,0.36219465881657165,1.3127240692726614,0.8058726369182622,clase_3
-3.536338632377027,1.2716087986827058,-0.05134185381198564,-0.14395938862033764,-1.4147091396125344,1.3622588238462174,2.0306751514737527,0.5404831370416873,0.37361275784345344,0.9535550852400769,0.5870424240678338,-1.0030258491281834,clase_2
3.067590454554406,-0.4360246365914011,-0.8629583290652141,2.060466205840756,-0.009170946520639767,1.594917022925382,-0.07189538897579562,-0.6322703702998305,0.6057589439553491,-1.5188032907322195,-0.7914676425128536,0.4903128065229134,clase_1
-4.583875533422481,0.014835873753631934,-0.9317249418205285,-4.430941560615858,-2.16277392020453,-1.7293928009888802,-0.5206017055670544,-3.203792323424532,2.292483330323682,-0.6712815368460172,0.8381468968971604,-1.6785816909664253,clase_5
3.014807195298138,-2.725292811797842,-0.22920351018310098,-1.6068910702449806,-0.8181005576343408,1.6541329583324695,-1.1618929406701597,-0.6553822714099787,-1.6162201625922454,-1.4296255407734855,0.871705131061377,-0.7907617974695698,clase_2
-1.7968586130812054,1.1238117420464704,1.0165000313422343,0.6731130412391889,0.914955632745295,3.4435411960344418,0.5578277625814143,1.3945714267707099,3.6814513008882663,0.04856924904363502,0.2852819511674943,-0.06624371101459003,clase_3
-0.3100605255494205,1.1212337366752574,0.8157726067365597,-0.24473191703462954,-0.8410754159178497,1.725561529285375,0.019774845403750185,1.3049795140518397,0.4914526466896467,1.8133298259811805,0.8701781747467708,1.3689899307772286,clase_1
0.2503459204355821,0.11357245121390325,-1.2993508871540342,2.8201665346985045,-4.71204318997002,-0.9265498978781181,-0.16060717654004586,-4.905666536868786,-2.519851625651408,2.876621202364287,-0.10004631110366666,-1.8170303733989608,clase_2
6.929904904836094,1.3164067169308074,-3.443623331134618,2.308236538754815,1.1067495550451107,-1.4491949549236867,-3.144862576940058,-2.0214061971978285,0.8231697461084142,-0.5844284276594227,-1.0109969600760071,4.2609785508243565,clase_3
0.20567066311261614,1.4088352458351576,1.6636543640058246,2.08258131299245,1.0362415665789089,1.2435865545332347,0.5718742979700364,1.8475426315493826,1.9569189788033077,0.25824467292231834,0.8767599891542641,1.4746888216366814,clase_4
-0.8823036719573051,3.703491971046753,0.5302329272841712,-3.5689932858286326,2.9182357915114956,3.1751257472593117,-2.028577274966061,3.626737149430749,-1.3338470790139982,-2.165326707747094,-0.12614154987731818,-1.465235962148448,clase_2
1.8939405577784085,0.2409718043337743,4.940282893787012,-1.1544145241029697,-0.4930729672321177,1.4589520062181203,-0.22180059315297873,3.387708076797825,-1.0357123855916062,-1.3739265707548571,0.8216157522371632,1.5069993645886532,clase_0
2.853930023982027,0.15367004236466286,0.4511621623003519,0.3844233478287735,-0.08547648132831032,0.7174696179579803,-2.6888649583456736,-1.081263031320922,-0.062229034216246815,0.6123050259858036,-2.2850844946693503,0.5263950101691067,clase_5
1.5161772182168942,-1.370498381455271,-1.4367746725837942,1.473792822938013,1.1535144294907813,1.0369332491537357,-1.6728824574192442,-2.724141779514521,1.241707005834659,-1.2387834926944734,1.1612222731541635,-2.2897161211872885,clase_5
0.8341461327811076,0.25467613632932085,0.42373399652748556,-2.147382253284179,1.9899793081282893,3.327512296298398,1.0555640755301066,5.412066881080432,0.9939082487959374,-0.27983054682747555,0.13490711633812782,3.246088846863593,clase_2
-1.7978992047385554,-0.3066861833564432,0.8979166027463228,0.6143969007598808,0.9103617653598375,-0.9178667203112327,2.423579545864249,2.5455206546340645,0.3971217976993437,1.115229020420675,-1.646241349106251,1.37088662034452,clase_3
-4.127802772820954,0.4553343349876227,0.47334871537070616,2.048145125858002,0.26227948073546314,-0.024643479680566127,-1.6224952107082065,-4.212460506059451,3.0926169097312437,1.920004575232558,-1.3068213411611485,-4.431332791569517,clase_1
-3.7393352583382606,-1.1484338537190208,-4.110001587004006,-0.8697016298991842,3.844346755309159,-1.878996581940979,0.3705417116523385,-1.4297816826397702,2.751559266051684,-0.7596746836167049,0.4159226590575908,-2.3246425943460958,clase_0
2.7623921202317234,-0.23590184029110345,0.9251803282535942,-0.10516661850775844,-2.132237663260274,-0.6690017510575039,-0.7679704227260057,-0.06998022036584423,-0.17627641753410028,1.7343695346126713,-0.6432484312125671,3.5173065630365725,clase_4
0.21692233203280603,-1.928594616512147,-2.716037730925973,-0.3265679537804196,-1.2652728458411098,-4.1579156950711695,-1.990753040670636,-5.9954744670973685,1.71324060272339,0.19152107812308095,-0.6903370624483454,-0.6088211910525974,clase_0
-3.57705142006387,-3.9361045946254203,-2.2047990064866845,-1.175071630949821,1.6176081111896512,-0.7034239126978883,2.649074057101147,1.9859926722143864,-2.656236772644803,4.086973084807732,0.34527050961228883,-1.6112956712717377,clase_2
1.7919243866871204,-2.8290935064734644,0.00956900761146473,-3.471013269193347,1.4812018568299907,-4.035941132092935,-5.02251177570212,-2.7542740177264706,0.19874842941860893,1.718347589134399,-0.3340530820568455,0.5383339483560321,clase_0
-0.6248577704711642,-1.353952618970299,-4.659348296943337,-3.1372564899753765,1.5460918291675825,-0.2440144709322732,-0.48290948602363626,-2.5787731393304263,1.2865732799837903,-4.922636573355711,-0.7308348996976709,-2.72152173331786,clase_0
-1.0995923305725033,-3.2822391415465093,-5.083952334999666,-2.240536032240237,1.488650481330443,1.8591024667828686,1.912608774508086,0.497170678270926,-1.106152044471803,-0.8411184296367931,-0.22339841634209087,-2.05630638588553,clase_0
-5.454817391002793,1.2444570138569464,0.4862359470791473,-1.3057698427116418,2.8666298363135434,-1.5359816196772071,3.666682253656612,4.6753727424918035,1.4074996474866532,0.38553112497969444,0.6072550177549216,1.147150131623651,clase_1
-6.585984386413718,3.5600729030007887,1.2971989124442158,-3.384128122194614,-1.298483338752544,0.9271276078398039,1.432206552945565,2.3615511962993945,0.013765523361173204,2.010121378784854,0.32667092154216776,-0.7757821739748425,clase_0
0.5962375427853233,-1.3135179445975262,-0.8210507190298049,-1.6353768271713338,2.309227924398,3.304529012080348,0.0763777560140052,3.2832661342884277,2.900051517808672,1.2103372397172119,-0.4948806581793196,2.697044266321357,clase_4
0.5446513205326063,-0.23754459925126947,0.6768416634017853,-0.3672274737345879,-1.8312959393007586,1.9597609752989933,-1.7108336778500717,-2.188662795517293,0.7858274489876019,0.08554077561675277,0.27046350873055675,-1.3347881576638052,clase_5
-1.4902758196734964,1.5859168524182998,1.6812805874942516,-3.5624015006432277,0.9737033946274984,1.1897533416971808,-2.8039501116121768,1.2605897002222937,2.9692644052577073,1.6752310999531959,0.6893825429756253,1.5597801508536058,clase_0
-1.435610973550139,-0.5337076638729789,4.099697194074942,-0.33185071219358475,0.11703884977464973,-0.6785683104070643,0.7485821881643947,1.6883367956933992,1.1572383930031718,-0.23406185838354365,-0.19845643954403597,0.40416980071906145,clase_3
-0.10047315193205031,0.1392480208366781,2.974055390488486,-3.0534962768720897,-4.169791436354712,2.7144374041388764,-1.4561832318503587,-0.5563919831392414,0.33884722917407223,1.0064422585666972,-1.486162274606616,0.3624383525353596,clase_5
-2.0580754006058655,-2.185266346213016,-0.613957592407805,-1.9856773649424306,1.2688309229781873,-2.384817157716908,0.05673185984969398,-1.2746095781934912,2.538279704714637,-1.2022280287629799,0.21359657456431608,-0.5789114330624882,clase_0
-0.5922945711068083,2.6066748697116715,1.1210711023132425,0.05480205619135603,0.24624894228222544,-0.7840313853427985,2.4539513311837213,4.176202308096744,-1.5529266960618224,-0.04760248437958425,-0.3946797086605034,2.834736437497397,clase_1
0.32123073146188225,-0.23672970978410907,-2.5204697697147873,-3.180127126473467,2.980345615238525,0.3277078512432332,-2.4645156413339784,0.24782638071799307,-0.46481806192507347,-0.8812723906761959,-0.4251929532728843,-1.084721909887636,clase_0
2.1130087531548654,1.1586282640145864,0.5813186420827576,2.688240847147982,-2.2039417840677067,-2.826590441923858,-3.0089121823293414,-3.7767264079682428,-2.0374318996908567,3.875501996210253,0.37706090962839983,0.3096088233519594,clase_0
1.460259794313799,0.3012468064006384,3.4061309547097958,3.6671550839409957,-1.3498581487736516,2.832553438857456,0.834635468853606,1.8263464240374578,-0.8988513091653194,2.6353603083352346,-0.06088597690670255,0.7213007778815734,clase_1
-1.1184598198034166,-1.7771368125317213,4.681047754801104,0.02477310895500595,1.4474444764737628,-0.300761684380922,4.226021717981621,6.9359764117817315,1.5120175044667903,1.2572338327852481,1.4318890637745134,4.75525352764211,clase_3
0.1721959699062622,-0.5037308546955634,-1.2807707038128227,-0.3250911734916722,-1.0715478272953405,1.1596715256883636,-1.0897924423543008,-1.8872292429597535,0.7842000595367455,1.2028820242154292,-0.7660804561469297,-0.4598057098498316,clase_5
1.6851963124395961,-1.961098334224977,0.558138724691017,0.8286862944815269,1.9509257935643418,3.516818753502654,1.3614499403448972,2.775051537995849,-2.0362243076182818,-2.507636855872721,-0.3926746535260844,-2.1399098633775537,clase_4
0.9802926390916542,1.8592416346955813,1.2453903492967124,-1.2816087567276497,-0.5936691030734156,2.626076316379873,-0.15780381631642615,2.7836832176323623,-2.260098133213164,-0.23975694858943392,-0.22239415107965607,0.5890721276571693,clase_0
-7.425036079240307,-0.8687219294555399,-1.6392954776321054,-3.3708756601787524,1.4860804032269643,-3.985613641692014,-0.7923961525501217,-4.379581802442217,6.0842706409151,-0.5854630725316012,-1.3264348273079964,-3.025557523090149,clase_1
3.782138142747449,-1.5241164690044422,-2.6799550300607686,-2.4593463544489467,0.8060576547996738,0.8602742069196783,-2.7236483841986425,0.5556373956780906,-1.0732440810896633,2.4626783537913712,0.3995845532077593,2.8224217351926866,clase_2
2.1836016340790323,-0.5924660778489009,-0.40010994389550514,-1.6660862196301964,0.231610687524754,1.8263064820738124,-2.0763401297999744,0.1459162342698609,0.13135785713948978,0.2217691410290602,-1.966048412967918,0.751920066535215,clase_5
-0.008005891155025273,1.723666100375462,2.3775665008596913,-4.111694559046628,-0.9122361498594784,0.28223743501197823,-0.2698075859763094,1.656706618155017,-0.005333693856343968,-4.637025278786152,0.1948388189855969,0.5889315869310638,clase_0
0.5033930141858924,-1.88969257696787,0.5099284590286832,-0.5141406804576542,-1.4863307794820724,3.0604257541588167,-0.8553608317069656,-0.6282415213329513,-0.44989450371953943,1.8676970367279215,1.1289065958772229,-1.2723444356788793,clase_5
-0.839950913252366,1.3477342834174568,-0.869844489595695,-0.6633541610418057,-3.2282067198456774,3.4271954682920924,-2.264637549668895,-3.841263751662733,1.8626543792154409,1.0659962705950856,-0.7244397601032758,-2.0344249083204344,clase_1
-2.1500018677686175,-2.073754193672618,1.355220147100496,0.15431927373213905,-0.5210447374342604,0.06588719526490283,2.419505016244087,1.011463788762857,2.4408904593651695,1.1000440998886614,0.5130429233658149,1.0047615338432596,clase_3
3.7799592810641576,-1.0964783596890755,-1.1241039748231567,-0.35032126069416936,-0.985118204688249,-1.0426431715228162,-4.133116053558439,-5.1071931845497955,1.3380314731104395,-1.5893285335431757,1.268780588413842,-0.4390511240162451,clase_5
-1.004419704565558,1.7468690043917978,0.48878253791428183,0.26778977732538933,2.4881261486504,1.1472058543058374,-0.6958287369541658,2.2843425673908695,-2.1920056070255542,1.0022791087936542,-0.901565495303516,-1.752970985723652,clase_0
1.3332422840805607,-0.806051182438918,1.350418699541806,4.868563589165843,-5.064901100732522,-3.4093797928152023,-1.7845926711646287,-8.084712484169204,3.5089274245941064,2.524423762797201,-0.02238465649681007,0.41476899896761443,clase_0
3.0818244715828156,0.6118499320589488,-2.066220669724018,-0.5169630986874566,-1.5985157719089877,-0.0955980185387304,-4.535990071380996,-4.095242845598912,-2.8338618060339247,1.7421264470381972,-0.5900566735280575,-1.4143258123913436,clase_2
5.913971050265716,-2.210744530952894,2.6318106348083194,0.14581745606038177,0.030113845641583592,4.716599288037703,-1.3802868017887573,1.7296760785546268,-3.9185457335532012,-3.71489354910105,1.1312990502497464,-2.031370895378327,clase_2
-1.8583710983593469,0.11609306003973086,-1.5664723265750455,-1.488953074339018,-2.4627170347709404,-0.5510471057282893,0.10953809732345188,-1.4603441829756536,0.059099953485736045,2.9794571737671163,0.07811569248346499,0.720876824563608,clase_2
0.8161835442481591,0.6716300518641043,-1.2719273958523902,-0.07422376225679739,-0.12960096454389447,0.7409615357172394,-0.6753254579631763,-0.16309481634991085,0.6973216447641952,0.9672383120928285,-0.20952838151705544,1.2902319793962693,clase_4
-0.23868740745137706,-0.7389476972802915,0.7398502580719469,-1.9608260734140994,2.7425717306729993,-1.6969037907975217,-1.3943833517987716,0.36169430306899886,1.7274909546893036,-2.0582294234493026,-0.6153873097625132,-0.06867691778421314,clase_3
-4.5362479915669365,2.2786608113514806,-2.4809979781324127,-2.392376659766506,-2.2108797701535376,-2.0375859368268943,2.4650446491093128,1.184948045029322,1.1933100644689283,4.4555952329333035,0.28945107285065863,4.01332140664653,clase_5
-1.0714920316042424,1.9514681862983767,0.07292428605274559,-2.361676531867025,0.5280891671759815,1.7813830608753427,0.6746440620475908,2.462844942510699,-1.2488415710361085,-2.535028322153506,0.7911536503642258,-0.7840008502226126,clase_0
0.7392206976773151,-1.6585176929154932,-1.515593124449217,-0.2808629297361633,1.1743050333046088,-1.6530988413601062,-0.3863891938588992,-0.7789697861147121,0.5042568453876468,0.014607874658633557,0.5410509840616632,0.5378824101150066,clase_5
1.3396410328269905,2.125084604399761,-1.073690274612509,-0.4624309915212321,1.0754482958601723,2.386955034386597,0.05432058256821415,2.5102219838136453,-1.656887373249549,-1.2846384851809978,0.8530604560516108,0.44893875587462556,clase_3
3.3399284743514457,-2.7648300816747513,-1.5254081310662024,-2.6975106263499815,-2.101994122907581,0.29675609026995886,-2.5793750454126716,-2.896037453061063,-4.457299556161283,-1.0189000215317103,0.0630776754292401,-2.44858272544419,clase_2
3.817764529368015,-2.5330096054285725,-0.2559417986107088,2.5317024632287515,3.078048858838682,0.5742647566884453,-1.0781320973810649,1.547409927233367,1.1775936790627604,2.725980648724006,-0.849139646512992,2.796194623065692,clase_4
6.850010407796959,-0.9261149553420267,-1.2866430031801281,0.7892543730212301,1.3421513446461635,3.6240513456087022,0.14006380001333651,4.0640276337664805,-2.7361902531645805,-0.9467906785696316,0.7769218547601916,3.4933165909719124,clase_3
-0.15984822506437163,-1.797272394193624,2.4874169012371725,-0.45580921781647743,3.7581205697673683,-3.028815245812922,-0.27596150498610406,2.5031302556976254,0.8084798357055439,0.1602528657055733,1.0087625071331352,1.312638399177708,clase_2
4.847878551497713,-1.3104410265229995,-2.460523004171427,-1.1959322248178537,2.9069547894166456,-2.5408145009317895,-0.7722133687491185,2.5628376090176763,-3.8354697125576482,-0.6149778317999411,-0.4410238205236087,3.1538406282033398,clase_5
-1.9381677702353646,-1.680978378196425,0.7543896871348912,-1.993124221217112,-2.092253117656534,2.3936047261436038,0.5860105670745628,0.03570727156497932,0.3670288386697604,1.6642780872075642,-0.38046853611733444,-0.9283315005411428,clase_5
-0.5131163788323733,1.3957188879858697,-0.584595516570851,-0.31133411327957017,0.2130379866491099,2.149565616179661,1.892214364619787,2.5028455350315633,-1.8882673444887483,-1.6891982243775638,-0.397740284245532,-0.692486627098629,clase_3
3.549199028234439,-2.569977391754443,-0.27070545754091363,1.1393309155726543,0.7871129277754887,-1.3268078844341826,-0.8856534922117582,-0.30456752976408225,-0.7277120160170301,0.9193385063522906,1.3382496307620757,1.6671245291773054,clase_4
2.2549858986756877,-1.915167692283026,-0.19482447121960145,1.8180720760626994,0.4146680658535415,-0.33770013353679174,2.6107839023378645,1.2188643788697375,1.1973410512608669,-2.43087120927957,-1.199995580093643,2.2378934347614754,clase_0
-2.094465428312439,2.4749544083238746,-2.7783367676957393,-2.2519897861140947,-1.900422514660153,0.29851890413617904,-1.9640867088637408,-3.1866399832969936,-1.3598058999435418,0.5290604948294445,-1.9387999093815778,-2.7144004823711025,clase_4
1.5948438209469902,-1.688311021024833,-1.7745742881297153,-0.05050445859405095,-0.5818849612190719,1.7339485758201207,-1.6493803474466817,-2.1152802782458098,0.545116194128631,1.2551662992525618,0.7984613389778825,-0.5745869745131217,clase_5
1.1061909471144582,-1.5693755622585164,1.9390200040944017,0.5080368190608747,2.964916906454672,-0.7974861534103133,0.6041780980479151,3.014161310503061,0.7460676535225753,-0.5361704766448954,-0.8124698322923339,1.6948667534600705,clase_2
-0.6390892831033949,-3.00292265490926,2.440528589070115,1.9836063319432726,1.7227621183330648,-2.8262901634721134,3.0807377921570174,0.7225969400512618,3.8261281641240394,-3.2681845685538145,-0.7235051090620076,1.0536897098659006,clase_3
1.0373139388449313,0.7131228707631725,-1.779651319918405,-0.6405804900927095,0.5492251145069027,0.4598933067087765,-1.2853974919826467,-0.12082501419706464,0.7558429539769858,0.9695910525086254,0.05573977332636784,1.4814817909317348,clase_4
0.9306350079575414,-2.7916342886047003,4.785698130104579,1.4043905693925716,1.4288919488458705,-1.5315093724285727,0.6603834064145166,2.6016438220450606,1.511446823363554,1.5261479326854717,0.5194366231917376,2.5271226669168865,clase_2
2.5285371481722634,-0.2449037591639841,1.3295599608644608,0.8138553683012417,0.6734347331284136,1.973554396130005,-3.8661910002844246,-3.2120129370497046,0.5138510318564553,-2.928239717757924,-0.32810928836024106,-3.8468679123976894,clase_5
-1.3439557011252514,-0.580920285815968,3.181010892943706,-0.07654884599592127,0.6978803630244917,-1.0338530513154596,-0.2705159058537199,0.8842877009297567,1.6717610772026255,1.1686113022140834,0.7752307288377537,0.5582729227144407,clase_5
1.7607402307716757,-0.050671881191147516,-0.8803103041538092,0.7433476136928623,-4.161943022031821,-0.39215975790337354,0.8835540420288618,-1.623582598887298,-1.645278979230753,1.3304376989707825,-1.4798649055088138,1.8184751305123201,clase_2
1.3293806526760676,-2.3684831523239183,2.560937368552306,-3.4206087780331016,-3.1999190194908316,0.688774210614226,-1.7399269325005977,-1.2322746815499035,0.021722062392984798,0.019515086244229596,1.1265178936857032,0.4894313080197181,clase_4
-3.9026160793705813,3.3950676788046135,-3.107577735663006,-0.6833457154385331,-0.6323729765021866,-0.9019089885933835,0.2167510787991882,-1.5584069803957572,0.09086703006937968,1.3195187330171927,0.508267321463349,-1.1748254371470297,clase_4
1.366135577827941,-0.236899425954751,-1.8349693815427373,2.185429903121119,-0.7043046395584471,-2.853381476688668,-2.003447574697926,-4.010887312971677,2.2163299179780354,3.0046015521922422,-1.741716619866104,1.8593247954653982,clase_4
0.8763579541094533,0.8259217098471252,1.185675851084563,-1.0597699482504293,0.05648122358684182,-2.0673440157154923,-0.543973340536209,0.4202599540494848,-1.9453393331025497,-1.9153059940571382,-0.7334620911689643,0.14177063096773024,clase_0
7.237104287139726,-3.1562422485257855,0.867144687815415,3.4051328193862034,-2.1287405806362845,-3.750636923755758,-4.058110585060323,-6.4228539450546345,2.4275349390611165,0.12608379839012696,-1.7993566812164734,2.792543006111301,clase_0
-0.5530844191201518,3.998984041075679,0.30380102055391056,-0.9501167671070441,0.6212040362344309,2.601444888804045,0.24883265556707596,2.320193099453463,-2.2449172990293107,-3.517284157824549,0.9245778658628506,-1.9211498695107985,clase_0
-2.185050559963825,-1.4594515544653246,3.2837464994057575,-1.8416891912916185,1.6634441726699372,-1.68489223890658,2.797783644444152,5.315926633468783,0.6368538277092498,1.1253613603897803,-0.05608572627867428,3.208255871576175,clase_2
0.8202679008855038,2.1213678303510544,0.9834777626590081,0.7078871660074,-1.7044179877924168,1.5589505407673434,-0.6091544823355776,0.4346867892328026,-2.0806635024971722,1.336879456626843,-1.0280678124641107,0.06290102695495792,clase_3
-2.126222639073794,0.6477693076361422,-0.01675412728190251,2.311733311530535,-2.5630179050178086,-3.8008763120250606,0.8883426898918843,-4.196275599733117,0.8926000248516119,0.20626718826311347,1.32240432481173,-1.0873562074743892,clase_0
6.92310685732597,0.21899006202951643,-1.4778455242650965,2.2787061739185557,-1.2637621525246014,-2.5271303719740823,-3.0859562270453402,-3.2713466339052215,-1.731658447280357,-0.290921207260045,-1.5941826797254006,2.727208594649543,clase_3
-4.359060873630371,0.977644616198067,-2.468365057976805,-0.0649088232491053,2.3114869234230504,-0.7880953803732937,1.580594516960263,0.45679174262171524,0.42897241541670983,0.3389522793562214,0.8954602236748322,-2.136789555614559,clase_0
-1.5231792285278507,0.09341572843581802,3.2981466954106287,1.241025177025458,-1.2965827895321023,-1.3670043825170421,-1.233621700326911,-0.3371241397364502,-1.4911360398727267,5.658259756248077,-0.1395140283330708,-0.20908146682520562,clase_0
-3.2115361925573196,-2.3091665448769616,2.581718314472697,1.3551932220613898,0.4039912947921278,0.9557621639806757,4.109586321406909,2.0758967437420965,-2.7820143102642687,-2.137181589587084,1.3430080837361311,-4.764855141774568,clase_1
3.0069859102735372,-2.1310897910245634,-3.221423298879543,1.5777054291792414,-1.0470875108603965,0.4074469769048763,-0.5605562311796746,-3.25461672826505,-0.5563696262781155,-0.35214926474476016,0.6565060831752271,-0.696521252900513,clase_0
3.932382328240065,0.007570894154332541,0.5158047478274388,-2.2626470379471963,-0.8387499952522545,2.563069644625891,-2.0760059594099505,0.9833047048412246,-0.5082930472431755,-1.1749397882656514,0.6633830488473854,1.9748459287518738,clase_4
1.0667899060272554,-2.864975057626647,1.6473037835583253,0.4965132983235495,-0.9085216264163996,0.2061795047860372,3.0833563464710263,3.2632283084705973,-0.22022846703187826,1.7210052727985412,-1.1992824219641323,3.521961626064953,clase_2
2.160925767628682,1.047486155990629,0.8135088146864052,-0.018113625337646044,-0.6044012063292394,-0.15225860292088955,-4.36215611341663,-3.632170857489048,0.4554149883669173,-0.5791175080813524,-0.39199362478771504,-1.4176842856422849,clase_5
-1.484020454761336,1.289574913511625,3.126557756968295,1.5562187703903494,-0.06859791260409998,2.2326208758292596,2.8374434861388576,4.713565811344302,-0.9395537798616267,1.9617198560462408,-1.9010744288179857,1.2627736527307218,clase_1
-3.031170170624346,-1.1773145197159365,2.4384469439494634,-2.0689339848970487,-0.1934270209684429,-2.6318375310629962,1.697224789194322,0.4516364527229428,3.65292343297177,-1.7151693076290744,-0.4310999895256928,1.2964045929067998,clase_3
0.8069556119573976,-1.9586632698995143,1.4294931382502933,0.09594855829415483,-0.0918371587082657,-0.2805575337130856,-0.326979875139065,0.05882581767873586,0.6586042524963565,1.078785882297515,0.9269996287341687,0.8136004659946042,clase_5
2.187020810955539,-0.3827097309645626,0.09930705979195287,1.2488045304916926,0.3732917815899558,0.28673368707654356,1.2128502863153447,1.4765637059455365,-0.2172243980366606,-1.2892682924302967,0.45166247328419384,1.7043304391515974,clase_4
-1.645279976670171,0.498478159224917,1.9649864275173938,-1.2589421793803324,1.2391593848070959,-1.4146998150842967,-1.4709334886700156,0.10966289582417661,2.17806261600904,0.6075709334959245,-3.0105225163135167,0.3607784407013691,clase_5
1.210679361068922,-0.3598143325431817,-1.700653180787737,-3.8209141173676704,5.811118887230534,-3.2981584394822407,-1.1869823887297088,4.416674297112893,0.0011347042790156303,-0.44278935712998546,1.6536352160298582,4.004709592611645,clase_5
1.2656897689723068,1.3102109534557151,-4.07123132970689,1.5414936959875076,1.7065842066794568,1.3031099117395488,-0.9519671927823736,-0.2742523560310805,2.541670251430256,2.447675677215935,0.20681636179140384,2.501591067362112,clase_4
-2.465535693883326,1.2313885029040228,-3.972142191682318,-2.8703417836335348,-0.5962745635454129,3.0160111833571577,-0.6161532247294101,-1.0605848450785946,0.8987572337794629,0.7390199474512936,-0.002685725863242228,-1.5119429425149684,clase_3
-0.39564977106777965,1.4421834686968895,1.0139497626212026,-1.0488996678760243,1.0713144468527034,-2.8038312291743006,-1.992823289981393,-0.7809372165252864,-0.19214625507875827,-0.8177818738053707,-0.701063530979187,-0.35572389812611177,clase_0
-5.156236466110631,1.2210108535609514,3.232030747823564,-2.17146615084578,-1.6137700313622643,0.3488965005080027,2.694105718464359,3.2734663610052985,0.7925913209010015,2.1812944140697015,0.21486470946386504,1.0450728177451616,clase_2
1.7193482421704769,-0.09718267634812217,3.437276991403727,-3.0436423131068224,-2.8497175130820027,-1.053629217606543,0.10777846249472456,1.1785888991485214,-0.5176510880495991,-2.34937421808276,1.311602029723922,2.8094974784389697,clase_0
0.5661412358281525,-0.2656021506613096,-2.87868867421982,1.46610256127477,-0.7992953836221433,0.44996642312623975,-0.9265852343443498,-3.233432575058694,0.6166015566610661,1.1261739604024728,0.8248840377287843,-1.0258534578550331,clase_4
1.1839211079992114,0.13008573641141952,0.12166346861462884,0.6978172460673646,-1.360680016361885,0.10855582409659204,-1.2073323079151597,-1.5227702264973286,-0.13241072295257672,1.3430731844201107,0.26140450254721065,0.33832845016655644,clase_5
2.412266437908905,-0.19787471469036166,-1.3378565407213887,1.3859737362482731,0.1281772797364149,1.2285516402854562,-2.426444893544976,-1.8456681429211999,0.6483445162115553,2.053069180574763,-1.7414916566140959,0.36084722855595264,clase_0
5.3507851450942026,-6.108859279721667,-0.7189832434678733,3.9000126504288977,0.1892970672186518,-1.1186363100044103,0.7871234028625679,-1.770098591234362,-0.7024929404431417,0.0004081651296239386,-0.4590044602229095,0.7497042500655777,clase_2
3.208268875084882,-1.7716455546207235,-0.9911488619514226,-0.31592515873185123,1.2921863999423908,2.75116480038455,-0.3250656671002645,1.7097854524381229,-0.5688102849912606,-0.7442521241044223,-0.035638560931668735,0.8135825084235586,clase_3
-4.195430638083319,0.32797518467048237,-3.27442106705856,0.13693122515753764,-2.4907583491200778,-1.3832392569981335,1.4638303753928097,-5.0758682454961805,1.7926721370019285,-1.4356237581558162,-0.4332841736278544,-3.4551031711703963,clase_0
0.6907796275838646,1.1708668018422277,-0.17740967913475258,0.9224390124255797,2.338667662370041,-0.2313872043343277,-0.9038644374819972,1.1681605836099147,-0.35578460879949825,0.3975576614071034,-0.6431539972011118,0.306628726450545,clase_4
3.7216963477814797,0.32997161077563586,-3.3220356674495877,1.5488056088739404,2.5504066037739364,2.7351481445594548,0.6365010473428631,2.033358622070207,-1.0612491626781735,-2.484665662523354,0.6365420380756676,0.7121974839703181,clase_3
-6.631599421455667,-0.15346845842423906,-0.1415630103547839,-0.5647832485238538,2.4916840088227064,-1.7655545379226487,1.32866858837232,0.10424991096974624,3.598740435839721,1.8249296936624675,1.0419126041774782,-1.764999393315746,clase_1
0.10488425005565964,0.46635254580323315,0.8259868295137291,0.4595512315676551,-0.008228802251122214,1.6931844878379236,0.13092446197725027,0.49508517743970526,0.6406310727288504,-0.8114452037945497,2.09924951925509,-0.4351515908231991,clase_2
-0.8818656214078352,1.6027573526288246,-0.37972979607308366,-3.642740026183641,3.520878179501757,-0.09947637485917693,0.22846079865510105,5.051773295187237,-0.7056204122745909,-0.8696067755796928,-0.534750804590915,2.0840969282300286,clase_5
3.340787352600031,-0.8634258184122632,1.1338398813678714,-0.1424190888637359,0.8659727229668559,1.3157691354123828,-1.659632260880448,1.2664515331330974,-1.8934626132695607,-0.12841617076821266,-0.50189411499767,0.3578031261939456,clase_0
0.24647480573999273,-3.2584522262175986,-1.3183148161106448,-2.427282254322636,1.2964639271683427,0.7235580374205675,0.5163850423476352,0.5963040203302052,1.8127885833821102,-1.5863448932038051,-0.16112748668600121,0.3831016211875924,clase_0
-5.628669533830011,-1.3939182426074292,0.229538979127206,0.10539200659312531,2.5340870265790736,0.493787444111799,-0.6349127484501361,-0.7616037884861253,2.752325196484505,4.239366160974102,0.8293439252262819,-3.468484812421482,clase_1
2.2079280167742867,-1.1025680259856916,1.203302710464326,1.3855541110023786,-0.8455408423603402,2.191348113418442,1.6303790015050024,1.7875261852156823,-2.0746317427763303,-1.064080105726102,1.0541831646373074,0.00908967931826099,clase_2
1.464054712430027,-0.8849192363870977,2.273688755298733,1.1605095130450862,0.24249343042742705,3.5251794448485345,-1.7309911246766432,0.885736170029932,0.2317223232126988,2.8165558433509306,-0.18010260135135786,-0.2979343536741802,clase_1
1.3734004858158226,0.6039532951207465,-0.13289102666015784,-1.359386036283847,3.5123585841998564,0.11873661801177327,-1.5828619258235512,2.3739658593573063,-0.6094689864669336,-1.1972801710317387,-0.11297047594906802,0.47057184602329905,clase_2
3.1121631590233965,0.5155927356537404,-0.39816395519375347,-1.6908908215805882,2.4509611942254157,2.9608156631906697,-1.0620359903330439,3.4387427258081527,-1.8289040326052197,-2.2441784756106546,-0.4912630276613219,0.6075062224383365,clase_2
-0.6126080260332132,0.4600065385686247,3.5839584645458746,2.6168240280983386,-4.22124099816475,3.4225536878147267,1.6178809460852226,-0.21184101930335766,2.3479236309197287,2.0372399019349325,-0.7834881283458742,0.9354784683673584,clase_3
2.467675482847497,0.4994806540694141,-1.2773979817139833,-1.02645545829061,-2.99956594210152,0.5618688422393967,-1.861541822366953,-3.010932284388112,-0.6638842028183971,-0.967336519314713,1.1272811234320694,0.14136219039081832,clase_4
0.7714216845607944,1.9554830932473024,-1.476000458436571,1.0074867325965542,1.2254123659090288,-2.8130663292346876,0.4122705645139948,0.27861082891546074,-1.1948834376835815,-1.3680200437899916,-0.7059851654989105,1.082704197692066,clase_3
5.688955954471251,-1.2652950718582614,2.7925011696090944,0.3738300877768209,-1.243184934654429,3.458171675754996,-6.815797978798408,-3.4858609789866075,-0.962551019611352,1.636537518593026,-0.7027270654272929,-1.9194973316086437,clase_1
7.850019429244972,-1.313719702397501,-0.602095256818761,3.0382557448759275,1.184255670086606,4.494585588093684,1.4597105196576323,5.356778090773854,-1.8953134072279545,0.43368589388857703,-0.08096142473677351,5.443618587863215,clase_3
0.7814407957020413,1.9276112618914645,-2.5832324336267454,1.0624098275194156,0.2943755049112828,3.2079604716243075,0.9287069598500806,1.3721092087430575,2.445286299001579,0.4673817852586514,0.028468940438410424,2.557881046677005,clase_4
-1.3944927441419168,2.090799509439874,-0.08696219115022397,-0.4822292571399713,-0.3146963297486065,-0.08675250321825367,1.3857850230284978,2.277618151503789,-0.9270644940605262,1.2096544365466615,0.7560878806950055,1.5793891308857368,clase_1
1.5675254311715914,-0.9259529228963355,-0.0672930594741401,-2.636691761397328,-0.9065387168689536,1.366258458839792,-3.4809847212937814,-2.1543722741543103,2.13432330094182,0.5515958843179183,-0.6592990368504504,0.5400539912271889,clase_3
3.3861044830021205,-3.8127679209041556,-0.5925785688952694,0.3987369742506859,0.8979359325508622,0.21044153344890826,-1.6082585404313607,-0.8093012655981271,0.5710975563087328,1.6372941286738927,0.19136225411161115,1.197853038956713,clase_4
2.538424401711269,0.3537055206779415,0.7611157889848469,-1.370155483250214,-1.124276052586656,-0.7543440212527306,-2.687027119418528,-1.1869273665890103,0.2495231620142936,0.31966227741318803,1.2931480750212714,1.9234621901758007,clase_1
4.428382886428431,-0.6422522172047257,-0.3238279324495834,2.083936264040063,1.0914563771603145,0.9444610483647223,-0.22517208989672066,0.022930450234963734,-0.21683837346766888,-3.5876670957246946,-0.3191180896979034,0.364838423275269,clase_3
-6.5254943040716835,1.0944961998765605,-1.6175596183568084,0.5309911056410828,0.3661225898923399,-1.6311261718866203,4.340689483888457,2.7998641784217266,0.9994393728467506,5.59452912272824,-1.5730085426495004,1.874994053053274,clase_0
-5.570666968552925,1.4698020717645188,-0.8406311115149769,-1.1301008018625045,3.2729801096525755,1.9532419949022757,2.720800758167102,4.659665308008191,5.036341255687937,2.689860294517051,-0.8419130408340553,2.363405187630793,clase_4
0.48196726947726115,1.61342933819299,-0.693883767983212,-2.0985122657453967,-2.1007734283560793,0.6538722883496181,-2.310024911053327,-2.5103783665943866,0.4299169498740536,-0.9597656801762815,1.5253032920745915,-0.4356438090072754,clase_4
4.9274599570286775,-1.2643867894691656,2.07425366536944,2.210237228870592,1.1727156784991688,1.9806315947926667,-0.06861839091024291,1.416007528507543,1.8711390727417425,-3.430570085753029,0.9751071432888088,2.0058116707700995,clase_3
5.466265174336302,-2.968680790408662,-0.6420498291654874,1.7280351188072691,-1.7225129387381954,-1.716269583389285,-3.3431460836226243,-6.573328668924336,3.763323520424862,-2.6185484264794914,0.8636055068862878,0.8224587758868236,clase_4
0.2268804810361847,-1.4931337636060336,-0.7303064537681977,-1.1797834510551914,1.3503224695449119,0.8193952077204463,0.1619409817390154,1.9943600431103887,-0.36874078803508015,1.6583336507990976,0.4265679117836776,1.0486057528975532,clase_4
-1.7819306786505287,0.26625269528338147,-2.988040320864137,-1.4576733899900352,-2.315798094173994,-0.2162657769353118,0.3522666910352943,-1.804035943735052,1.8535104239299627,2.769428940106236,0.05860393952571911,1.762700197588657,clase_5
3.2319715025340052,-3.3854235149044287,-2.048847199391287,0.7549481224027611,-0.12272510610407583,0.634211451534773,-1.545580105005194,-1.9752554330104397,-0.6338847290797751,2.0414520703901093,1.7578268995019506,0.13852323541107892,clase_0
4.229019214607466,-0.36843569516967756,0.19880343603152484,0.14865208449870493,-1.3131059712917412,1.5631862726789738,-2.451661242967056,-1.506683848060505,-1.5137071322556226,-0.8574419816869226,-0.20430720860016585,-0.1002029822886884,clase_5
2.036782244521782,0.1995999255251678,-0.7431512094038843,-0.7921018755074736,0.8985923085992162,2.4695740334656793,0.6052357653058595,3.2704306745613394,1.2587789057998973,0.2283146171387031,-1.1806260452951107,3.710906076087717,clase_4
-1.6942304097318357,0.08412185325175447,0.8715963048623453,1.146660282279165,0.5029200459855707,-0.1779965014782805,1.6702441638315024,1.4336900144453222,0.8659946996166167,1.2200974383624164,0.03946219930393072,0.5948791838973186,clase_2
-1.2688698874273183,-0.6642852264653417,-0.3168424334908386,-0.7630699711012017,-2.7655981418587707,0.6041815415458351,2.132234476086401,0.9081411111577717,-1.1624392442737055,2.7020049236995973,0.06319360385022683,1.3713441214227156,clase_1
0.44718736127285735,-1.243072993850976,-1.4863378105118241,0.2862375765966233,-0.772710732012476,1.2696151846695956,-0.34123004072879226,-1.3464913957758846,0.7858059765932517,1.4685900133157084,-1.67963549770663,-0.061832081596905786,clase_2
1.668860437820336,1.382300291824911,-1.6309988503084047,1.6451341119568164,-2.090797385685467,-3.6609687564962288,-1.7480653490434162,-5.88848559402363,0.12322560286881756,-2.9214359694319096,0.40317016663438976,-1.2726160324446931,clase_0
2.1372584881320082,2.4306897333420876,1.1945238820537043,-0.9958251540552452,0.9574274952912174,-0.006193553041903832,-2.320423962341418,1.7315026859281042,-4.362577659866129,-0.4753790440012839,-1.918589423559303,-0.4681501766458658,clase_3
4.312862526665502,2.498903605698628,0.2804373978101027,1.590749622561019,-1.5151106341348182,0.36290045157093775,-1.4745783944007325,0.9868382682149633,-3.1867977219031225,2.2876975234922083,0.3278187158159839,3.1716836552792325,clase_3
7.527324661390465,-2.390001691826108,-0.4352788580768785,1.3400433618679535,3.5335181503682547,0.22250039525785348,-0.6268551562179294,1.3131337921351125,1.1155901998078137,-6.620900572317202,-0.3078959650384471,2.4134613934487175,clase_3
-1.7207842905094697,1.9448351563145423,-2.7762958058241463,1.105460341150477,-3.1949240421173553,1.2147136875058018,0.2799347664995721,-3.325477378407015,0.22254253497916038,1.6492840380039953,0.24191498432149858,-1.3708882037247674,clase_2
-0.19029432999204965,3.521478115889531,-1.1598577352025812,2.1889608462970696,-0.21529905895340706,-0.33511378985598594,1.4014026600647493,0.3804802914939107,0.3346369572200289,-1.0620202706862822,1.0243517898599654,1.1697092989842024,clase_4
4.109476551547514,-0.42881812393104424,1.5504529796649937,0.04293955747674583,-0.1149552499687948,0.6791747193109303,-2.1252900443749763,0.7507245025933388,-2.346309968028028,0.3505641357284328,-0.6649665113199965,1.103143963717135,clase_3
2.41449892073497,-4.134136003532151,-2.191944592999241,0.9133705810065693,-0.6246572325185873,0.641062882197512,-0.45659517862615917,-3.9356902919339705,2.724734385935661,-1.8643171203718711,1.138698946694648,-0.8936222712435242,clase_3
-1.7356730125280357,0.6985787162306936,1.5434787506993377,-2.549025045096644,2.749599232391491,-2.9527490355003723,1.7516019442124022,3.866115115516202,-1.3859316300331055,-3.445341228464221,1.3969434562328211,0.4646675274157661,clase_5
-2.5665051207222116,4.8611020429530765,-0.8702313979146968,1.857219177428797,-1.6044128377513254,0.6249950585707456,2.4838733032850673,2.2709030133334407,-5.6258174191860455,2.432704198011317,0.357192878994939,-1.21286272153524,clase_0
3.4067341788365275,-2.2483211627206154,-0.4292834800238845,1.578641104098055,0.9410638291084658,0.4117772802297884,0.9829317069633833,0.3872420826707495,0.2183711684401255,-2.9091495910040326,1.299181252629184,0.7223975344771842,clase_3
2.9468953660603647,0.49012005468134445,1.3427482973795613,4.303949521437525,0.2796151719335778,0.6860950644537458,-0.6041809410689756,0.22378469910660204,-1.710228066464849,1.7137239594987255,1.7097059006073305,0.20797093901975422,clase_5
-0.7576574086487288,3.5953236933794708,0.8383993834802965,1.6400504324790746,-0.7522222239011567,0.3390734878286091,-0.8775955380209784,-0.755366206182676,0.3612318521803596,0.6192519086741962,-1.6686294265007857,-0.3335853919245453,clase_5
-1.6557741630265828,-1.3889863047050786,-0.3522244567045911,0.06958626185034189,0.2668930851477345,-1.7221000803989834,2.42322725866954,0.9428473848146075,0.880604475574442,0.5010138691738674,-0.8121571305340674,1.200304110455206,clase_2
2.292391371456732,-1.9968621542837066,0.8083646430132934,1.1701205543195732,-0.6202134449059704,1.3380375607420523,-3.2235296661329276,-3.1103038919670265,0.32339284791179923,1.7528454183712205,0.44162506781421695,-1.7205164513136109,clase_1
1.6646126477472207,-2.5542281273311405,0.08336034482745713,1.0867229555892621,-1.5514461471522283,2.0845420812739714,2.342987089723331,2.501212487756464,-2.4307656275966902,3.2160246374833887,-0.1975293374691683,1.910519696283423,clase_0
0.3146161959402685,-1.784994560358719,2.6521055281089954,-0.7470591751706425,-1.0110203229491976,-2.2765669916020252,1.3090296993089099,-0.2760301952179514,-2.023071208151955,-4.21382704402396,0.13584174810811248,-1.7361617614999012,clase_5
-5.832934901314663,1.7488750966239717,1.3075676203521192,-0.6269475923643106,-2.980754138718618,1.4648494362289477,1.6649216672354537,-1.1201618747645636,3.128969251275156,1.6162677868565936,-0.3501910303540016,-1.4051194063370256,clase_1
-0.7112230067408584,-0.4117824797347909,2.277587658353185,-1.4558739672231142,0.2628899519256085,1.6796495185713438,3.05767847005945,5.492997854323184,0.03719393701237905,0.19249751392785908,-0.17858226951422537,3.0335402311941477,clase_2
3.2877319955720035,0.5012915127440469,2.8036858318896423,3.6835661578494534,0.324108671864974,4.336328534575129,0.29097116346928154,2.7893254062136577,-1.3436960350691993,0.41010422836302024,0.17554224383514822,0.23678615542075865,clase_1
2.243854481718679,-2.2161670747200053,-1.927347616467294,1.1178184385094345,-0.7168337105703951,-0.1338695595768552,-0.7311632797970173,-2.1700140436992013,-1.0389033489043182,1.2800139214754596,-0.36924389161575705,-0.280288631728739,clase_0
4.094284084787288,-1.498167029788428,-1.2749348470485267,1.3998325273223016,-0.7057091625974561,-0.9809377617317755,-1.270044265369598,-2.049564941081323,-1.4095730416307966,-0.12444758033444447,-1.7189099560288814,0.7807698554160221,clase_3
-2.7611923912617224,-0.3026192526322703,-1.6396948984123614,-2.071325540123485,2.0021602082427155,-0.20340254115447665,1.5618163595746601,2.9445315430904793,-0.03712193199512581,1.8691212453856771,0.7524362008174793,0.9752326537237591,clase_2
0.5181056473500276,0.5571042150615706,0.9717402847802536,0.8860289229519862,0.8427818261990914,1.4438160893951564,1.60545197492185,2.914310485909836,-0.38160675818866713,-0.7602505495113663,-1.0174910628880784,0.9782378081307579,clase_3
5.912548137556388,0.5185613565969487,-0.5783072128360556,0.9409403555064572,-0.44059300032765125,-1.311937405156058,-4.4556941855624315,-2.6835782225526743,-1.6938261323851245,0.5849237417961961,1.2199431992328313,1.6233946254598584,clase_3
-0.34627782156314185,3.3823296908093026,-1.5932776319868966,1.0501614841650664,-0.42021166004660926,-0.27006981919634754,-0.6337009898454589,-0.7532565723675033,3.196435455348408,1.7776606205096237,-0.9658716342550967,3.0763915924095233,clase_4
-0.7017041109061654,3.3663884743470005,2.777800245933175,-4.090180273797526,-1.31077264278709,3.3231847371704477,1.4635853107493308,4.392888432721143,-1.8031603173275852,-5.240073683884002,-0.6348026834673863,-0.04751089066594694,clase_2
3.202431937062889,-1.835045856842977,1.150592965170796,3.3539584915977905,-1.6462981818593019,0.6634804557293545,0.4485937693525477,-1.854227239850858,-1.9965187543215792,-1.773913771113383,-0.8039383767271636,-1.8353013125785125,clase_5
4.845857833047391,-2.213427881872496,-0.2822983056546221,0.7206461572880509,2.947840500763525,0.862578517652367,-1.3993898491833117,1.3436370121019592,-0.3338055328354059,-1.6676585215653907,-0.6757115301586923,1.1489856661139166,clase_3
2.6813586224788604,0.24275267319083615,-2.073990568270543,1.4382292312703646,2.3611064740130567,-1.1477473579455197,-1.879251755866591,0.30903633938631436,1.2996901203927034,3.118515991942341,1.5443334869712346,3.5923023575703015,clase_4
-2.432689491337061,1.1797087011665588,-1.6178123495419472,-0.9059945369063256,0.6592079627592822,-0.17099849311176807,0.6666176897238132,-1.6079544398379348,3.011998328796304,-3.9906196797559224,-0.39415809652607375,-1.7746904971399857,clase_0
1.3041883505584917,-0.9190372256350812,0.47541575695679406,1.2804046924785673,-1.5266377934150914,2.7944002408469526,-1.8156408512962858,-2.7141093784968677,0.25507119755920993,0.46375216720977375,-0.4178235188093812,-2.447560023479224,clase_5
2.5965972558615418,1.007539570042677,-1.2407286170553657,1.8684707136145673,-2.2149767777152354,-2.6283941109222484,-0.7788042737819588,-2.399913037064109,-2.8268908447014587,1.175361984058668,0.7071061601065628,1.0762853427048185,clase_3
1.2027759446477373,2.8811300910913467,2.131011715239933,0.6506182380684071,0.44483089207588583,-1.6625724847107437,3.060044586637364,5.58521102769634,-3.5117291875064245,-1.457783307620501,0.9950175796158893,3.6780996344660375,clase_1
1.1663649661033206,-0.8633013721318981,-1.1807746270531787,-1.5603305294640706,0.6780228666540045,-0.5785042379228937,-3.0499280790452703,-2.3021711000619365,0.5538064481554379,0.14349001258430838,-0.7614555567638507,-0.6743887485679014,clase_0
-0.777535637228373,1.6504532743589502,-0.10525719225630636,-2.3964121681907655,1.7158527624439035,-2.166235469536473,1.0358401703252673,2.446136127829695,-2.4345772899202953,-3.8240451443494035,0.32183519002277045,-0.2467546673983556,clase_5
-2.66475519033734,-4.5281037019767,-4.244491375507785,-2.756596918079808,-0.1235046494137848,-3.02545267827339,0.3552017941025095,-2.7699770400066965,-3.0426908756744577,2.5059857551696725,-0.7456204671721736,-3.142990458386434,clase_2
0.871280492372979,0.21594462512139884,0.39851742010738445,0.014317599890862676,1.0227700125771635,-0.21553645052941717,0.02312438956235141,1.4211561917223674,-0.6625794229834125,-0.37172882186247924,1.3252636031273886,0.7758994483790667,clase_1
2.412102150106759,1.9951520809355852,3.1441423093516203,4.018623025751677,-0.9586306393740989,1.3005154842610243,-3.010855842810262,-3.078643708858627,0.5496828177474651,-0.7453125268869947,0.1210338785027424,-2.257950620339682,clase_5
-0.6577203818337639,-0.5004858624766095,1.2883308431972076,2.523812108388011,1.5712622123077935,1.8128884255310083,2.7657242590266913,3.2273859238542406,-0.4364119928478105,0.12559386712958365,0.18844008042075686,-0.3726524842566461,clase_1
-2.9001970104152273,-1.670460584874047,-4.067125469030312,1.2507471238307954,5.077026762767177,1.3445909408433474,0.6833545713455175,0.1975640251024263,1.7633111306846516,0.762537450286269,1.2622778906716723,-3.3606096621934745,clase_0
1.2006301821207155,-1.227208483944651,-1.2944530855177683,1.2702324811350638,1.958750235510212,-2.8175522056648337,-1.3485572608960927,-2.4690493237691196,2.4908734994625092,-0.8665008498344915,-1.5198680373755091,0.4022090779965954,clase_3
3.6048467949535477,-4.148130277525332,-1.6757107563208569,-2.2477525994483853,-0.029731333444086405,1.1341559758300586,-1.8454366225116285,-0.8319193499596033,-4.036943273981969,-0.2856527047366033,-0.44392649443489174,-1.8011584720783966,clase_2
0.7894186140759983,1.015058379359768,-1.2101534318608487,3.3987650977852795,3.171894255165702,-1.380663203209189,-1.8722707636574192,-3.8289481299759207,2.427107940152914,-4.583463689505395,0.09008347754010702,-3.669208992321023,clase_5
0.8144414432838658,-1.472430995671901,1.9463143944989272,0.918448951277036,-0.07091524651838721,2.166291499736979,0.988915382080394,0.9974596792294288,1.1379063103859994,-1.3922354965489283,-2.0437687015264965,-0.2532172451113489,clase_4
5.517695577757588,-0.4208490582627411,-2.506504705524149,0.7761539800143338,1.8560054033627085,0.38373026947650146,0.9022994612458813,2.594930130787676,-1.92588955794592,-3.0987602115693393,0.09888721585518365,3.133840600559571,clase_3
2.812174287069214,1.8533709108987402,2.453780406096377,0.988466881261296,-0.5114528979227291,2.0650445472115284,-2.571593838231978,0.39457775468968975,-1.6743241088369978,0.5387277638424428,0.24655209549731796,-0.10777490809850543,clase_1
5.97553920513643,-3.3837201998341264,1.0812135794890967,-1.6698593830935349,-0.7020326962672003,3.9337266496215824,0.7984836497477188,3.7499351729804498,-3.8164503630037796,-2.7520367526996496,1.4478577661513639,1.5622690744089218,clase_2
-1.5396866243877745,-0.006999623800380661,1.2223103358993874,0.29563181894933577,3.2682146934064873,1.980061267172536,1.9131468778238128,5.631116887645841,2.378540883011545,2.862649374264671,1.0826249210022105,3.1980811838052183,clase_4
3.9620845092648564,-1.4140786227589888,2.1210208164804625,2.072104577442876,0.4407159612313831,-0.4839035381191097,-0.20204065872842436,-0.20618711582192853,1.8746214300625337,-3.1027901776552884,-1.086410953355618,1.7626447243579302,clase_3
1.8612598854791513,-3.5417917312366107,1.4601190864001994,-1.7880725625751326,0.22521925944822047,-1.4339362454211833,-3.27370666949568,-1.96272588378396,0.03650149085948173,1.4404768592918002,-1.031826550728435,-0.3036657141306076,clase_4
1.6644720524272656,0.8949567750841114,-0.17396403584943265,-0.8015962154864511,0.26127566002061253,-1.9176159037987668,-1.6512821457173825,-0.5059651801725181,-0.1541108296230238,-0.41514752853676296,-0.04518552842516206,1.62449662890111,clase_1
5.547123366579889,-1.9361750854114022,-2.8534377208956876,1.6426466879071837,2.9320283347026814,-0.510661505631141,-2.5132253792661743,-1.5120558669767052,-0.993385065905457,-1.8271032881946672,-0.18759882127683974,-0.0505573917246851,clase_2
2.1934383001557314,-2.9322634105695426,1.9858332882462286,1.5709759368470453,-0.16676472273962506,0.7420903445412528,-0.9813958119338686,-1.783522335215402,1.2777808497110987,-1.093769572900793,-0.20565191185338647,-1.201491792767389,clase_5
-0.8997043965239553,2.291432211285543,-0.7749064072663242,0.5336141132085068,-2.046758002338051,2.552660463032627,3.1000091735179787,2.73626965147213,-3.9064446802302752,0.36882558101459084,-0.6504739994592169,-0.2572576949531029,clase_0
1.8594341132785894,-3.181581124732528,-2.7634678949350073,0.7173963200760785,-0.9686584472459246,-1.1674922503399616,0.3926932841847288,-3.5760355375858786,1.2673818165325816,-1.8913092302913503,0.7939351209105097,-0.34492679017087263,clase_3
3.304151385579244,-0.08971231982966665,-2.575209831869407,0.44159579555725237,-0.39189243111335625,-1.2517252766000473,-0.8279613615991162,-1.9159727925932204,-1.7998997086449524,-2.0440963425207217,0.03242660418700401,0.23312907055478588,clase_3
5.725969675334621,-0.3921638509109127,1.1119442324749649,4.7608636681013685,0.6157187855869168,4.27195015297935,-0.5394318000108096,0.38770970358236584,1.13258504033176,-1.9203354172598284,-0.2914063613488932,0.7165562031280319,clase_3
-4.4230319335909645,-0.8327287252477555,2.3920654419619294,1.0464510388132735,2.4762448782270714,1.0380955337674396,3.215371746121283,3.7020400817836965,2.6674414848497814,1.1898250798108794,-0.3285665162529581,-0.35231436271231287,clase_1
-3.3166055800701115,0.7788603254064361,-1.4508359388297993,-0.8324707305308292,-3.197058424125224,-1.1921803522247887,3.2986743973548425,0.2361460695878929,2.2920517201045634,2.7188909472268987,-1.204814340937455,3.58423598581256,clase_2
-0.47249028344703947,-0.8955318851770854,-3.0901919250371686,-1.105731483975823,2.8578602944003704,0.9324643516398395,1.1006074056169468,1.7797958787369585,-0.9911421673993486,-1.4611808915668887,-0.9074963807359919,-1.134467231690461,clase_3
-5.572293915740938,1.5586379567327056,1.1169603137216835,-2.1492746689433773,0.8429690436660833,1.5018829546821304,3.2794573953625763,4.6916806704017,1.3526497140895488,1.458417860783349,-0.18759700009161193,0.8007920420159498,clase_1
6.675394050798221,1.450711362274717,-2.812046177666505,2.765504443115902,-0.10342055394197158,-1.9945118313422814,-0.6276714020341324,0.16786525888558432,-2.2724949749318277,0.07008265656359713,1.4225951977899767,5.052395896528901,clase_3
-0.43653209519140834,0.35740490163619676,2.4075743179252553,0.9791581724874694,-1.7646260407229788,3.6065183334162603,3.3465478663446477,4.960490966763003,-3.206078174246022,2.7370257960846818,1.390725929141431,1.2265968025507166,clase_0
-1.0160911107861568,-0.042208931284473894,-1.2769705194948473,-1.1055370276150607,1.251956075618248,-0.7554503947567464,1.4084915066473527,1.8557781918559102,-1.4552203456788007,-0.4597858517526703,-0.7180330821722741,0.08818416800111506,clase_3
-3.440598352395821,1.5547563459280256,-3.054898929140938,-0.45349808577489337,1.5203956198217226,-0.2206069328292114,1.3538731362899692,0.2927437128726727,-0.6858556244299799,-0.255811940056949,0.14468613052503645,-2.1488584637148684,clase_0
2.5684096258888753,0.13658429153168816,1.425481265734317,-0.6689762754792584,1.9245812593601883,-1.9101440013283806,-0.8550638500270908,2.2509250950487396,-2.193635924813743,-1.439884257393909,0.45767161119358607,1.5105993341422503,clase_3
2.9174459232407015,0.6547972178293425,3.515779840712364,1.1835705373268532,-0.7747538968164795,3.9878983412603493,-3.7270982744963144,-0.5772050021150276,-1.2057846533119012,1.1100102827172798,1.305645561840047,-1.922645795272266,clase_1
-0.3708089789048256,2.45219295750202,0.23701321125591424,3.4559957472498883,-3.4695794745380715,-0.4528187493721523,-0.2673502864667211,-5.938616690053835,4.688797608122766,-3.0704100576537057,0.7429954109391514,-1.1681973667505812,clase_0
6.726744796675098,-1.391252019238515,1.1814014074665806,3.5654911263018665,3.2169605208119467,2.2386482024459995,-0.5392607074030134,2.705327830948652,-0.16339498130743557,-2.547561384066121,-0.5111977985613847,2.0118823715407332,clase_3
-2.2371597555848743,1.2093808589194623,0.8046834951252144,0.34283160163953563,1.3338841105543027,-1.9245458558720248,1.354641109823892,1.460643246882379,0.2629940342699108,-0.28034100597538614,0.2385575315418043,0.19715633851007797,clase_5
-0.9785724356691946,-0.04212299080080284,2.321945324266947,0.7652589805687409,1.017310519189588,-0.09707702546616381,1.3394110745108683,2.730366942218477,1.036299633802546,1.2539831498027005,-1.6529345623729599,1.6471460834648002,clase_1
-2.0005625610916886,-1.2488887950261658,-2.2443372754738027,0.08604796114892688,3.1504744099197817,-1.3012750974457015,0.5983250185893934,0.014365990406345945,0.35372574655783223,-0.14505766326079406,-0.46052342116131384,-1.8351882749647568,clase_5
-1.6352496702919694,-0.2822224821065348,-0.6303632101271539,0.14265320786166102,1.5798235780684076,-0.10871499148266761,-0.7428699786530149,-0.8858601893682329,0.9871349853785296,0.5250432951388367,-0.8667326706603131,-1.8560413917653602,clase_1
2.8557204932162903,-2.3350956547374073,-4.320230677878673,-2.2720714072295696,-3.779591300393623,-2.3456331017189314,-3.4854655471276077,-6.977418669726143,-0.965732884002259,0.8765786281208622,-1.1795174566405118,-0.3126612434218048,clase_2
5.632763788254103,3.6113622729390764,7.607684010958896,5.3079034678010215,-3.151767175349378,6.264201741621714,-8.657376747950517,-4.411514063248044,-3.017161363966462,3.1476108737833464,1.3227428318797865,-5.304231834969129,clase_1
1.1579777956649386,0.7190035679598344,-0.8562497661281157,-1.9577427969705847,-0.8897095043028105,2.1396167837790117,-1.4563986259873596,0.24631439350667486,-0.020474460774701497,0.7262915628193479,0.9456890374971552,1.081823969398922,clase_1
0.8159682227500759,0.676425446176415,0.06274954339494943,-0.20406598745223026,-0.1532206222515804,-0.7911269175258524,-0.6469637576789187,-0.004329673143603333,-0.12832499001959163,0.26909244144055816,-1.335322538755505,1.1866455226185582,clase_1
-3.985845697868578,-0.20481087135559795,1.0265688796723564,-1.203716446357538,3.361213360892229,-0.5435549183305224,3.811449943541027,5.059204483669345,1.21128323192054,-1.470675216485619,0.8359699242722769,0.5410408020781903,clase_1
-1.985032028478214,-0.9077097171867914,-0.2104708560524629,-0.365325973739433,0.2683881749388871,0.1985205800109272,1.2523945884546523,0.7579539109273384,-1.2060091111469902,0.8524415087608603,-0.12652604952864957,-1.5112897292693128,clase_2
-7.499474828680387,0.6588441344606519,-0.849501547323757,-0.39487727975302045,-3.3200692474754163,-1.950339911574359,0.905116706052467,-6.362793447614735,5.312593072011488,0.0039519489056655255,0.2563246529688533,-3.82571846095441,clase_0
3.1237809893572774,-0.7965723692487932,-1.8890720192694943,-0.3249729050338578,2.3376349759470827,-0.2113825200870333,-0.8881731649252139,1.3997013372597333,-1.5937702472191124,-0.4534915258969672,-0.6168553331035774,1.3386882733908263,clase_5
-1.3823541583662906,1.9083667520242937,-1.4300192539389536,1.2757862361802044,0.5581333436196607,-1.4708800625550007,1.525444195680474,0.6003361696081514,3.0085211584871434,1.056692877953652,0.01877772338794696,3.091047568480662,clase_4
-7.1986768552294,2.063439391450763,1.2977832911371863,-2.8219352985987936,1.2116334670199227,3.6257463681753253,0.05731007321742998,2.7547944681257106,4.626113592761183,4.72036880865645,-1.0280386590928636,-0.24863047382726433,clase_1
2.363651060557537,-1.2718515115199849,-1.5931928965009399,2.4792883909227488,0.5665246108998698,-0.9844159523052769,-0.7906996900959103,-0.5498115331622797,-2.290504274611055,3.7804825013115346,0.3280097179834053,0.8246233957994823,clase_4
-0.04314519713746188,-0.5293012048461188,-2.502604097994724,1.5356437968427084,0.37706357253108475,3.255430673894109,0.23152644605373635,-0.5874588901791076,-0.7429354498726954,1.1399050787320197,1.0865305578988218,-2.340709494624062,clase_1
0.4025430660389055,-0.09228245302326621,-0.9513259242268803,-1.1657895880460973,-1.0409307612657155,0.5934849276784758,0.831332884569081,0.9039570505425292,-0.738528322569888,0.28321967224003886,0.7565941185064321,1.3575286560045914,clase_2
-0.6049189734370959,-3.024121613247627,-1.394657603561165,-2.4668023809238333,1.9510025586197863,-1.3787645541260078,-0.33526431516931754,-0.48750833828584433,2.1709266678987156,-1.0158134896341067,-0.004252096719942134,0.08171811330228307,clase_0
-2.9431499553169185,-0.3986214483536763,2.6767476923371385,-1.0887781200275404,0.880136305275903,2.6481031563368163,1.187616886373376,3.1275929588191627,3.368618990973256,1.5569943912050055,0.6934958206046,0.9266571101188914,clase_1
3.2665165660756874,1.4455429909372537,1.4075109669633639,0.4577266738620235,-0.18761418965861265,1.8894694124424964,-4.5349369512531785,-1.6605440739855013,-0.3596483335422831,0.8266933483664294,-1.731324578876315,-0.5517170802774243,clase_1
4.018625887201115,-4.137654998885367,-0.8117595187211597,-3.5737444830837743,-0.878201394810715,-2.4251171375340856,1.4355191611794498,1.030073570722072,-4.231674213751357,-4.829146615135508,1.7226276607045492,1.1732893726333358,clase_5
-5.125932834357171,-0.06083952212455779,1.4215988678326783,1.515141702532512,-1.779403783014916,-1.1787124329316503,1.1489986186522672,-0.14000870737299853,-1.2510108050051787,8.019111701387638,0.30315382837627336,-0.9007617779979882,clase_0
5.563527551097336,-2.740305860517293,-4.068790413005618,2.214735019104503,-0.24832365150114666,0.6876206932374131,-0.9335169240844647,-2.920947650616526,-1.5229356151411777,-1.1759384754868285,0.0021184210174724715,-0.13664695627554246,clase_2
-2.7422744009429794,1.4237342677433251,-1.1457699315714145,0.25622841991123235,3.925098201311754,-3.292365817730783,0.7499835819296115,1.1167860778724001,0.8171235862950474,-1.033296654637092,-0.3870530262337276,-0.4679211766687019,clase_5
0.2097504585922651,0.057980614980476686,-0.9296068780284561,-1.3792348448618978,-0.2777961035391632,1.9468432188588831,1.133032179756499,1.5725081937515448,-1.3109589045815007,-1.5126005001382503,-0.7316332651872413,-0.2424095124296476,clase_0
-1.997111162963198,-0.17922871030759668,2.4132771426247723,-0.1433393256855764,0.9599791066818315,0.9870282112546911,2.00246170333891,4.590109578414348,-2.4446137535509225,2.8014189474460345,0.2811651428946169,0.2546028274146198,clase_5
-6.261926162446961,5.426778335490607,2.2181606726692564,0.17423293356595404,-3.2047489434046987,-3.493534546576676,3.792327112501556,1.935616612426565,0.5927980621727647,2.7734600277211747,0.8710452931452174,2.994616111544155,clase_5
0.10013250846194884,-0.6583864703896599,2.4647567759041027,1.0731212446604579,4.1034883764225745,-1.974251320051068,-0.49414916117746843,1.9482554228306082,2.182968833299676,-0.7403327733123368,-0.5688285875565908,0.874830830979867,clase_2
-3.287262000889423,0.5248812295412097,2.1208137453270623,-2.009152161675237,0.3076955888900304,-0.7577703656424077,0.1952048171161953,0.7502005436202324,0.8435311634739674,-0.451550640953549,-0.16596840779492483,-1.1263639642908416,clase_3
-9.518272430756676,1.1249875391216728,-0.9760901646756939,0.020499429647005796,-0.8945423731490085,-2.016380012137159,3.4856279325010044,-1.790852285321313,0.7952687471093347,1.6226032261468937,0.3982327846922724,-4.841980522930391,clase_3
2.1883257015417317,-1.5203121434783853,-1.6970317241594257,1.4917931388097092,1.888466343469701,-1.4466415785663813,-3.269653677732512,-5.743953251096468,2.349240440195862,-4.521969339833187,-0.22810468445151663,-3.8412992299661983,clase_4
-0.6782275041990012,-0.20468503724003212,-0.02104940346303663,1.9116238114875825,0.968017195250515,-1.6519881577651612,-0.16234222637619378,-0.8740436457101138,0.9459407844924659,1.704580111895714,-1.1363362231559908,0.0066308614503456376,clase_2
0.8621410058392663,-1.1292794613801467,-0.3085238253426733,0.2869779068089679,-0.7433452948709517,1.0966879157315308,-1.5157757271131267,-2.9208551304939,2.8271452564616633,-0.7623569594125614,-0.675039011419468,-0.7600071991788583,clase_0
-2.186744484469315,0.5987218023954876,-0.414407665551788,-1.9277835282491085,-0.688202460447146,1.777300406549367,3.0184833788773693,2.4555962098926165,0.29000295495294404,-2.165793017516908,-0.27199997230813616,0.21979149939344034,clase_0
-0.4679382774380523,2.093150050620994,0.6817906644445411,-4.843584387103928,-1.9696326600063474,4.52495936228133,-2.341849581824725,-0.09352316876489677,2.359139290799834,-2.0666994141528097,1.1093715694592854,-0.14773933893468028,clase_4
4.653468727548472,-1.0457632542511774,-2.3324840701266396,0.7063881735734726,3.1003922183000716,-0.4116154082927531,-3.0435627909105696,-0.8624014991458715,-1.405917929338533,-1.0578011989463758,-0.032018804487070805,-0.160691786333097,clase_2
-3.799716627430058,-0.6891466158457948,-1.1895932078112126,-1.9554810145459862,1.366104382376792,-1.0213053468328177,2.7638776373961687,1.446409974592643,-0.28745996346836755,-2.068212350300688,0.3539819326710066,-1.7862654906417708,clase_3
2.9863361158367265,-2.5557749808285415,-4.2583571073855735,2.8538837102417114,-3.174433800360699,-2.9457205064661682,-1.1936077927642454,-7.714408582949979,1.4066754960525631,0.42799364308335996,0.2017851073709533,-0.030321577011179213,clase_3
-7.303506794088943,0.39835564916039584,-1.2496454455254324,1.4608433114152364,1.0765743291442802,-2.7086500871561663,0.5521292582350963,-4.025027808845372,3.3708415125476234,1.7235713166547229,0.05762276315959555,-4.651972732694355,clase_0
5.59348904390739,-3.5776316747627135,-1.4260683340185194,0.5333492619465516,0.42434322166342664,2.8240503141654303,0.09623465043530999,1.992014174175251,-1.8907052038335876,0.7634077143498048,-0.9688241140349944,2.4229399663676636,clase_2
-4.525752415850498,0.2858806478320629,-0.5684388126276205,-0.6312938854093343,1.1667166624638272,1.0442518826974405,1.0834803866982103,1.505154514733731,0.8973379321000859,3.499445882676473,-1.0440859358238408,-0.9999390824542105,clase_4
-0.237667800534568,3.055781494797362,-1.916300469509816,0.3848780007650343,1.070889740190661,-0.5280929540549932,-0.9549628197562009,-0.04971262709137902,0.3435315132944886,0.6241792147919092,0.26157748406540704,0.8957626578880533,clase_4
-1.3524281574395927,0.1372210194879825,0.5760728894362583,-1.0704318979411132,-0.9931344394331579,0.7496196301511993,-0.9355392127535338,-0.7677749092792758,-0.2569915050375706,1.451021571081231,-0.5532676586867606,-1.2349233503534058,clase_4
-0.73808578867021,2.1017107050769344,-0.9972773062963525,-1.7534809071080422,-3.523323312759799,0.34339689007597435,-3.001461405055748,-4.713821089711233,-0.8513116263111169,0.1529784235985462,0.269235132886258,-2.6826484891749054,clase_4
3.4399773575211614,-2.1487729737420422,0.24302781019568342,0.3281396979391842,0.870742187141608,-0.7468114747726249,-2.037412045877698,-1.0428390332913648,0.45429024489399117,-0.1491058817537132,0.29248418794229586,1.020839289519469,clase_5
-3.4175827042924753,-0.21518475235189327,0.9116064534395512,-2.948482215697891,-1.7593988804075582,-1.312001733374265,1.3014722321122567,0.5687741407712595,0.4569291213047344,1.1513329376533836,-0.18173424485361891,0.697006137369486,clase_5
-2.332993086762517,3.1477387126515186,3.065507667491972,2.147664717243094,1.3032639268866517,1.2227865764442796,1.105206420565963,3.1184018602946497,0.33038953514218,1.0972996045611723,0.12443759790694424,-0.1595068393588589,clase_1
1.8540149143378135,-2.1409896669558277,0.5994115381812593,-3.846429768186036,-0.6573184200631446,3.8293768160681516,0.582628673241834,2.572155965492011,1.4966437160214385,-2.7196392211334786,-0.901103286984357,1.9317617360592918,clase_0
0.854593150139568,-2.1420664568970595,-1.917714663161349,-1.8956997922004504,0.09406825070755664,4.120631463826377,0.516211524397787,1.5897689252055716,1.6793128308655338,0.7730989084243116,-0.337749032701935,1.4065551716195848,clase_4
4.061670339525988,2.840996451075534,2.942127775419352,2.408470501003874,-0.9456667237237941,2.278294652681505,-1.8766516124937607,0.1632606132570989,-2.804222898585322,-2.550750650594618,-0.02794777127829265,-1.1357537945860303,clase_1
-1.9927405319016391,0.8868418877854496,1.1587221387251172,-0.5894246490133097,0.9713413713753087,0.32238016807115644,-3.583156217533002,-2.071573163201515,3.0222741442717727,2.8006715585244537,1.2283277105444614,-1.289385583168182,clase_4
1.6337550099173963,1.025206085415439,-1.7464194884060882,2.7210720968306497,3.3925098866451817,-0.6191761491081258,-2.0622568082414077,0.3445029539043936,1.3008942812455437,3.625950376120164,0.8586634390775747,2.0642052995566083,clase_4
-5.503701684965106,-1.0361017923796638,3.4569123243818813,-1.0763341159613666,2.860356174073596,0.9855696144320965,4.304667631765784,5.743906544948568,3.5915169468124013,-0.19435570822709725,0.46078884826140104,0.7272092548705132,clase_1
7.032402665673031,2.3858487506108963,-0.08718790597068249,2.1775377952401036,0.632745856772436,-3.1159111542656817,-4.537028056077206,-1.8191891807391434,0.5983434769349909,0.20550674365997945,-0.7214407498302056,5.042972899039727,clase_3
1.142078675381087,-0.5461677403596352,1.5418669611456868,-1.5770386493938815,1.996343512355731,0.17840690387845703,-0.032781409259938554,3.9002367594953418,-1.0029073619134696,0.4012059836861327,0.7037958837508185,2.1550299955935133,clase_2
0.012794924624175218,0.929518449305438,-1.967021124729037,1.2147824621063723,-1.4277565016050087,0.34533469206908096,-1.374008894041391,-3.8572185004112924,0.2592220679396419,0.012022734726432671,2.259602027742478,-2.144508845875839,clase_0
-2.2741204116628153,4.05768385550935,-2.7157254283425987,1.887181266714476,-3.524253698297037,4.357425724667095,2.680787962549096,-1.4726437288258987,3.8837199003733716,-1.182969134408256,0.13015106198558457,0.31553620016176476,clase_4
-1.8288577889062672,-1.9046540254232305,-1.1170607421516259,-2.639192859158249,0.11337846373248295,0.6701445972227362,3.263305528014066,2.2700951834118306,-0.3384851177521626,-2.428882193715559,0.07018585242274462,-0.21140834106560846,clase_3
0.24081855169927183,-3.9475672155093138,-4.386447346775515,-2.3780514343432717,-0.31835894682335925,1.4393929840120196,-1.1627489288497022,-3.063296294611374,1.9388084591970691,1.1090083427930373,-1.3983570744602225,-0.8320536061566429,clase_5
-0.13774720192086207,2.883538068390341,2.1182014780323586,0.38066380081896956,0.9335704460257364,-1.82174114173407,-1.1346809627165,0.9317074403009803,-0.9575657696138631,-0.3201102034548036,-0.8040129979542465,0.3387210193356668,clase_5
-2.846175207011346,1.0904028656120792,-1.9191472383214132,2.245014511625463,2.773011817873833,-0.11475533989228714,1.5324626690542227,2.24964805379717,1.1855880714187608,4.669149590502112,-0.5689048530894247,1.2777930552284484,clase_4
-0.7337549152725745,0.9570838972758269,1.3711091193856029,-0.8836720058986376,4.013881296783856,-1.1371153681532427,-1.0129646147092948,3.755871599341004,1.547139528259054,2.2906662112251315,-0.9065077809327704,2.8175961263983593,clase_5
-1.08438866023578,-1.8448807016011168,-0.9626059402871865,1.8158166036611778,0.03223880855765138,-3.5656042622855555,0.2259760358444859,-3.318708355044888,1.6688731454395032,0.8556368746130909,-1.9500779265243806,-0.6424914197232068,clase_2
-1.520273845717668,0.27256890566326397,-0.7285783671042321,0.7814553143513786,-1.9007946786129286,-1.2937387083540497,-0.1549538217197406,-4.007856686006233,2.1018566342116873,-0.8705572240460229,0.7104245340914495,-1.5238486685499888,clase_0
-2.171003293328503,-0.18935517426000026,1.8077393158308457,-1.3464356828660196,2.2485181870621096,-0.7566593758594553,0.8308929191499607,2.8463233118885274,-0.015022772357496494,-0.2546067757420251,-0.3892111451967638,-0.21370817964571964,clase_3
4.749974388493528,3.8183067672353017,-0.006459820857333987,1.708828577019042,2.52099077130334,-3.2493552141702384,-0.8741472936947483,4.291124599560242,-4.394723998782532,1.2852503783494702,0.44504269989418677,5.357301369050409,clase_3
0.10096763436842916,-0.3437739917036118,1.9066677165969794,0.22713641999885592,-1.2045295628043706,1.476959111117236,-0.8696499786371844,-0.742910436634521,-0.41997628381200625,0.385621887622123,-1.1330751730921569,-1.5486344400371506,clase_5
2.1990484674969712,-2.376259727695131,-1.0631962433012023,-4.142168976975595,1.790974317821937,-1.1121731658111762,0.560646025779951,3.178238873323066,-1.6611055589161101,-2.525340118044376,-0.22366927419791616,2.455215287783764,clase_5
-1.09266318203849,-0.9211644481756212,-1.7508937042347301,-0.2896812910521535,0.8870760186703115,-2.663989629676518,0.1387729671626915,-1.3425892337844896,0.19488261641170934,0.13079932468197009,-0.20486063427138504,-0.44359093172126535,clase_0
-4.164527084948544,1.6084458179873253,0.7407089315695496,-0.905791379387365,0.6987560465800884,0.537409828662652,4.833575876385339,5.189206377766117,-0.5965102684633414,-0.7460458422546834,0.4814953205671245,0.8663652416072793,clase_2
0.25547725060818244,1.4281633691201547,2.2244787929646392,-0.2277097259952271,-0.3314880743975115,0.21317283477769422,-0.024557489598478477,1.9565057028721737,-2.123206023565003,0.18892256374724226,0.23328758155737933,0.30339934463399,clase_0
-3.4272741356161607,-0.043348339129166136,-1.812852047566586,-0.28371545841428747,1.3536240764322458,-2.6083475628977997,0.9694447850844554,-0.559312184089674,1.1023424182546981,1.2826737609465624,2.1719932094942913,-0.46466732552068807,clase_1
2.0776129765843687,-2.9084089624138896,-2.3122073305781,-0.7353898627759534,1.4749178477065281,-0.053038961124041495,-0.7780239340140866,-1.6147385107684005,0.031550173614430466,-2.783140964368439,-0.47945941095045846,-1.5037515562666408,clase_3
-3.1027403020778532,0.8182120757214816,-0.41204962797354483,-2.27472718212647,2.352472756280058,-0.24068623956048707,0.7457225017709268,2.1707510421874177,2.5418558363655155,-0.4174233470338582,1.0530697175949124,0.7731854151279021,clase_1
2.566890628026194,-1.8749982926308573,-0.17040294105400033,-3.4497185046529077,2.5063357386809595,-3.562400680561982,-0.24958304198567982,2.957117346704256,-2.404566720122813,-1.9659993812757304,1.3597392550370186,2.8699123911734636,clase_5
-0.7694452204661797,-2.5307272130599268,-1.2076789799227714,-0.318043732247366,-0.4099504557433664,0.6499364617892902,-1.2758892204756,-2.3414629811069805,0.39700456563546416,2.9208140622734957,-1.2715440721267672,-1.7410287726457334,clase_4
-1.3045439613915912,1.2524089825534128,2.172674921976995,-3.2180531623491326,2.082825737328263,-1.8660421181812687,0.2150819791946973,3.8942251206879406,-0.7776873968467503,-1.2715351129078745,0.37276722427640213,1.581064150977228,clase_5
2.584567799380661,-7.331253876228703,-3.611495063553802,-2.8050478789700417,1.478104781770141,2.854102091888799,-3.013823221560731,-4.0700950462915655,1.5479427595112836,-1.6285860143424775,-0.019153090401341374,-3.898008437611171,clase_5
-2.8227951414277928,-1.2530066671379658,-0.6253544754974396,-0.5549974859437539,0.5540554254562483,-0.031923511126669246,1.6598892935644463,1.0171274868840279,0.1973151061390388,1.9096242015850804,2.2067827246151004,-0.5277521079184124,clase_3
-4.660386027927633,-1.2897103529870932,-1.2917736925746421,-2.8653024908803078,2.762979910117827,-1.4709441476931897,2.5365659750361074,3.460324429740856,1.10138950045802,1.8891178897557752,-0.6326482514400192,1.0477418635489861,clase_1
0.8679088657591313,-0.8787992919460224,-0.7314024863242135,0.7748852169351669,-0.033234189888399324,1.5466116155426297,-0.9931901381114573,-1.1025464582267124,2.181627090222695,1.522081044653893,0.2140143897008368,0.5987194380375228,clase_2
3.1081336244872744,-1.6445183321636943,-0.4733240014128035,1.6855430585542455,0.5865707815969783,-0.42231927365449806,-1.9989733930678006,-1.9085591542781615,-0.5394286042050309,0.6251377628418713,0.2578616172949595,-0.31440403443969167,clase_2
-1.4591809419189348,0.6738939778889708,1.2821771521837717,-2.0808860257891633,2.298549109095637,2.668229530577567,0.8734748633077312,4.522439582601048,-2.3762011294298677,-1.1611775977207404,-1.1258708271451243,-1.6448413090522436,clase_3
-1.485591304360823,2.3891709031898483,-1.3252567743289854,-1.1601120086145709,1.6642381290236035,-1.0895724621443552,-0.5884840356753362,-0.3728384113613774,-0.34764331992589315,-2.8880884572890855,-0.3837529809130093,-1.8873756422220482,clase_0
1.700889663755901,-1.5430117890002641,-1.6580907012409505,1.3522364248700791,1.8732305885998555,-1.6456852029629716,-0.8033603538401639,-1.182894150697174,-0.27005108251506027,-0.020205519531371396,-1.3815490588794384,-0.2609976091894268,clase_2
-0.998305034100553,1.6891613586144396,-0.25604641476822854,-1.3070101337645337,0.31054943113919425,-0.202942323525248,-1.198608086326909,0.2910052832294361,0.9149893755217622,1.4782493674497517,-1.9762160643903117,1.0741318447080594,clase_1
-3.3085785838904687,0.3767814753898454,-1.5589712501813087,1.4957718188101807,0.9713676593863818,-0.027168700312642513,2.374857692960657,1.4061098819410878,-1.3796630868036497,2.9496821906742134,0.46095864185730206,-1.1717048972369106,clase_0
-1.2366345172359798,-0.880983300272667,0.42167007799787937,0.5706310441991493,0.6688724053473165,-2.103953182314812,0.1831175888326545,-0.7451755791830635,1.0431757898992893,0.7770640433626601,0.5673056252922603,-0.11826242679482801,clase_2
4.1865484682764285,-4.281939955341199,-2.6220620716085987,-1.6280931781071923,0.28522714864180265,1.5345604995116808,-0.6417391981263953,0.5952803986258159,-1.763921008772722,0.9835689064205646,1.3573414957162835,1.5983869400548372,clase_2
6.5758570711013995,-0.778724844885788,-1.5078340580733232,3.689779754196704,-1.5531796103687128,5.746878322396878,1.1907558589875726,1.1454305666852973,-0.5754297358679177,-1.2112739775956367,1.5909413585541052,2.303077348742675,clase_4
-2.39266109881194,5.818628936314664,-1.2440819197997186,-4.946965706624908,1.3832500138638366,1.9874327768778872,-2.96338480020785,1.9837825489930072,-1.1955889343313555,-0.39653978553450453,0.5670218329032266,-0.7920555905121429,clase_2
-2.023108887128319,-1.757423734958876,-0.8059094486736609,0.1435031013731184,2.0707964588868837,0.08989165559605028,0.6495484680852277,0.3900602160002223,3.9519693593091727,1.708651704863911,0.09669070288681957,0.8250240072975332,clase_1
0.6921846883544492,-1.5525442100758151,3.233079172910598,2.247890148485017,-0.09891623652369208,1.036199554225617,0.35066201537609376,0.18344482179797764,2.006550827337333,0.09065063469444856,1.132842211712895,0.06312806006885896,clase_4
7.750929295441996,-1.7033365784508963,0.43444265279025696,2.879856583907034,-3.4458105819879457,2.557265918766273,-3.2351745239886514,-4.2613069137850585,-2.661140384375477,-1.422252431241557,-0.5093450963307086,-1.1198772448884424,clase_5
-6.364020603991383,0.35177605099044984,0.8799749599052085,1.4450004818254616,1.2661939201291827,-0.5352477727948945,-0.24296936689255455,-2.6267457555457114,5.346932777796182,2.5302984445349357,0.7582447761547977,-3.1225695107291154,clase_1
1.9289452364802173,-3.2869776130111434,-2.2532534438080485,-1.396457359249394,-2.5257602176265888,3.5494287397656805,-1.6628768823860178,-2.8959298493702392,1.381003775372945,1.9895884066846297,0.02198155264360243,-0.15854857939964406,clase_5
2.356343414123796,0.12146216023422218,1.437087527269909,1.5454278397207828,0.17484219484387287,1.8302831327793243,0.3139837533783947,1.8168387288371626,-1.0616280845783856,-0.4545203495338397,0.1396819652852321,0.7126879093817304,clase_3
-3.0189460095904996,2.2720099111192456,-1.0080067836106155,-0.2968600406964393,0.8872460727135618,0.37723376853575646,-0.5495290361118762,0.48430485244206734,-0.8475058020549506,2.897623887228707,1.2609516854809275,-1.3338496427611954,clase_4
5.943247636233782,-3.087503727342762,-0.8333332328408345,-3.1018913519567253,-2.5954716034352785,0.015287889611130256,-3.0097643137391925,-2.412241886531222,-2.4937043885078043,-1.6917329056395465,-1.4036983847452424,1.1113404146673438,clase_4
2.8014686861354634,-0.09829037088820036,-1.0982110319760667,-0.23515022280575626,3.8419236891503745,-2.8952287128300265,-3.9499234610225677,0.5801092404052016,-0.5613011201076388,3.7135233469552658,1.0708575979124821,2.77054245093308,clase_4
2.1200927339683453,-1.9710188105739654,-2.9279659921136885,-2.947746842678656,-0.3087188939053667,-0.03435454172838326,-2.719815261504249,-1.3175906904257249,-0.7003101417949599,2.7696953422775463,0.40239116902820543,1.5351842003066678,clase_2
4.069697362224056,-0.39770598926605505,-3.1395138212203495,0.7256101889884045,2.1481529682344407,-2.10731616662218,-1.2905648461666737,-1.2492751631422891,-0.44022509712042585,-2.855168220168383,-1.0374416964083255,1.0970310049353635,clase_3
2.1823607075166036,-1.5571846093027584,-3.8851471981392365,0.3245601260699468,0.07780060399303301,1.2259237149314266,-1.685909109506416,-2.2210967401756525,1.7086769789983363,2.433308145228203,0.8494562551043311,1.3379918065775422,clase_4
-1.1781551653497486,-0.5044770917785182,-1.6364430459968728,-2.1974190137476004,0.6827393562137062,1.6253247638350796,0.8623621872682994,1.318690686013285,1.0723580539099762,-0.5817669886176045,0.5227667423667182,0.28356680456511907,clase_0
-3.6490976320911663,2.3530205827323947,-0.2382261219818237,-1.2609998294649012,1.1343916476115914,1.216312340699432,1.940918066033977,3.561371963144066,0.33184113051483316,1.2684386192295216,-0.4705391395294173,0.7039327470023978,clase_2
1.6526856724554866,3.8611738067683694,2.0227601571673297,0.36386468942188005,1.2883313993964067,0.8218128466629315,-1.7022080730371203,3.5482930773638257,-2.331159609149861,1.9156587841281534,-0.04459867199522342,2.1662247701663055,clase_3
1.6931907156299941,0.7760068167357639,-0.6979902417826229,1.2197375904245586,1.0648384432707272,1.750556849996635,-0.3996608055025219,0.6078085222891871,-0.4505305305306624,-0.904603097055622,-0.7602623997034793,-0.298066267420484,clase_1
1.7049985085214838,-0.4474712424246266,-0.6967801672476966,1.614503182918324,-0.12951165099965056,3.716920623100691,2.1558890777962496,1.9291871203112247,1.2092856994697652,-1.2255132165984046,0.8543173391737832,1.3272039947369334,clase_4
1.2657828558378101,0.6585795352002322,-2.455021005357116,2.3676195845671417,-2.2443606690729494,1.7398166440905374,1.5811645284263853,-1.3420587757515816,4.057379035273843,0.6282130476095437,0.4121143007306019,3.4632821085541945,clase_4
1.3487363032048962,-1.2605581486729014,-1.016488985897407,0.23637037288078155,-0.45788563107490443,-0.4782489502141962,-3.460145808718024,-3.1925851021091067,3.987976459287495,4.751688401440799,1.9799483682905985,2.6100630588774116,clase_4
5.130241130105801,2.1617584571297144,0.9991134465909781,2.1321052360886545,-0.7243113420776288,1.9279347877379938,-2.4598179990341196,-0.6112270512479512,-1.0128908723469934,-1.6126195308541613,0.5980922727774546,0.8842668861321195,clase_1
-4.565534039558891,0.06775097713206912,-0.15373600091929684,0.5629284823230843,-1.9956635581730622,-1.294648944659797,2.2425667270256007,-2.381993767356166,1.5465114245132592,-0.10872642126126175,1.1974945165643633,-2.3114188633309296,clase_0
1.9159146771362536,-0.7504059567191971,-1.8139045566685623,0.42318489809904514,-0.20892223771143437,0.7420545269210463,-0.28815092805211745,-0.5988024997573701,0.7456512495656537,0.45766413356053964,-0.319512449919035,1.4169052406059852,clase_4
-3.180412017433271,3.0126704311894983,2.3230707143477494,-0.4946383323492063,0.28116452525305263,-0.45915435223348133,3.487110593724042,5.322367038610349,-1.0107751766924296,0.5737864283950583,0.22631595289847858,2.2978367063424634,clase_1
0.6787972467732659,-2.168025238033914,-4.541534020940247,-2.064408615254065,-1.3277404636543313,1.166497014354978,-2.591056925359631,-5.369272586409173,3.174013451432595,-0.15062981878447157,-0.9670858727995406,-1.1480852983573746,clase_5
1.2678811979510678,0.16688831963712258,-2.0323373834883265,0.9765196155407023,-0.373036649507027,1.4176996039037644,-0.02415679041428631,-1.8122652832326303,-0.14996456071636333,-2.536383987082285,-2.1427198463985464,-1.7460501881454713,clase_0
0.26964418990523376,0.9119090034354378,-1.9118133855276163,0.3490896674449606,2.553561413817094,0.6632242486074331,-0.7289815080564628,1.239271983308143,0.7063098679025834,1.331363596365484,-1.8622133264488476,0.9647840849128115,clase_5
2.890901161558764,0.7995277814203627,-0.049280888850868676,-0.8471999867854014,-3.309141811272739,-2.3647410712234915,-2.3550845441628736,-3.8601553579884844,-1.9826801946906543,-1.7665523577538484,0.29658383715080283,0.028849172053285965,clase_4
0.9139031378292295,0.9939684370938582,0.8000577863944975,0.88815246048749,-1.1333090927536444,0.9033170221175302,-2.2156387651247496,-2.91122631611481,1.0409897036296054,-1.0128139056418193,1.3162472971612738,-1.683754410353676,clase_5
2.891447275784331,-2.4577309201744706,-0.502259784997128,-0.6666582411278257,-1.171867183241227,1.5772989726072022,0.682763004152833,0.42917940659496057,0.9510107555868085,-0.9289514458899519,-2.204482050880324,2.3075166943780046,clase_5
3.2903669669448092,-2.103654420529505,1.4642044414156092,2.3484750637751057,5.146559072098084,1.4938059854547363,0.1560158561287287,4.6247817597151295,-2.7621541636160787,-0.4122145248971487,-0.9820924068002156,-0.43796020228223975,clase_4
3.1967868761617604,-2.202031299499055,-1.0551553175573953,-1.1276382320871612,-1.7087913127613252,0.08976714435278366,-0.08788265165015618,-1.2549435454826794,-2.0511680598603235,-2.4942903341773697,0.38126914696797887,-0.1314385629137078,clase_2
1.8703916409557295,-2.341270736873202,0.4849230473851227,-1.356691430654272,-2.4260625309988164,-0.40181124682410596,1.8080257462548532,0.7386168731007346,-1.1052679898654207,-1.151773587270299,0.8166247432622288,2.1367339474697244,clase_0
2.0784896862216113,1.0419421312614112,1.3196586953836977,0.9086953834049711,-0.03847467099698876,0.06197248927476895,-0.34229618744935286,0.7807311337683585,-0.10937266039448146,-1.109304930004927,-1.051163606350194,1.401582202119703,clase_3
2.8145684069529344,-0.8770860141635052,-1.4266755300303888,-0.21952979570256925,-0.4184509391118625,0.5204744507457468,1.070329993946811,0.9923009818897619,-1.3389586037385144,-1.7889169016514124,0.7923950394157345,1.6158413919806596,clase_4
2.3302444016519406,0.2861654953465045,-2.4234304783311584,0.6907073097912106,3.150725543652727,-0.3591458788840895,-0.6853612976663316,0.7394009971622622,0.9861468644149785,-1.513060394489257,-0.14522864583891965,1.4657939892126826,clase_3
-3.316122737100295,2.1759076804883373,2.074430609752013,0.562406631980243,-0.5421570963875947,1.3136271753176458,2.6103766522537386,2.505245975305455,0.4029492030123569,-0.04837807567410202,0.19028290992242175,-0.3288178556301704,clase_2
-1.7909036074990914,0.9168958142502583,4.952575393518884,0.11925566201969628,2.2892891420862407,-2.3681505383578516,-2.4224757300906257,0.66678211349299,0.5013083700411305,1.2630069017522718,0.11804946668977437,-1.1871375038008596,clase_3
-2.3486015764436887,-0.25635203915086563,1.5703098392024772,-2.7080770688045677,3.0478001967070414,-3.29332271370947,-1.1644098701989125,1.5421382096357115,2.9141266473087777,0.9520909615746334,-0.17537968432098058,1.9446283774725215,clase_2
-0.3811184651503279,-2.0719729655580528,0.9204466140224383,1.8697141537709308,-3.260547845972539,-0.3017830687171956,1.4491646785717345,-1.5386039261467257,0.09894411022507887,3.319872854221737,0.4663216491832921,0.6661228972988524,clase_2
2.28646735649506,3.7358762231401483,0.39405526885228714,1.016156102411308,1.2197434281543964,0.051211469950172006,-3.363747875954859,-0.19391819295658963,-1.4387082345521869,0.17382097641062888,-1.0085308082526463,0.06351633262205614,clase_0
-3.892264082750701,0.14457000823240107,-0.22954542162320585,-1.9769455212903777,-2.6047327422848054,-1.1484190494929503,-2.7201525995483715,-5.554041944186513,0.5275640436253671,1.7611308702501423,-0.4949118732998493,-4.393935416391367,clase_4
-2.213446756496795,-0.35742461604515574,-0.9174389910459995,-0.727707458741865,1.5449263397960638,2.761708392001194,1.575961884841533,3.0233994678243796,2.2943189817207004,2.33971052314967,0.9639512510547117,1.3651164193879017,clase_4
-1.4801622981597522,1.1712217970251324,-0.05333699429280114,0.8305593028818237,1.4833732202154692,-2.3206985609467123,-0.22890015741805053,-0.25963382145418046,0.8339560808446815,0.6758263708133201,-0.33219771614193333,0.09069446144912618,clase_5
3.134573427088778,-1.1919595133249656,-0.5658081104763456,-2.9361653624322273,-1.0911434931993795,2.1950597467715696,-1.523597428545041,1.3102838310488207,-4.208023829507063,0.6053477016935191,-1.609287086687434,0.3005298043937843,clase_0
0.3840927155097294,1.0702787970199408,0.39783842386640966,-0.377413791231743,1.482362048297281,0.4880156465843165,-1.1453824465045983,1.1451789907427474,-1.8592538416571787,-0.23775037414958222,0.21087235851051478,-1.0698169761195269,clase_0
-3.2466976092905204,-0.18032487261485441,-2.160361446677193,1.339611269729424,1.0900071146315333,0.8256784792799043,2.89956628062286,1.1690679015392118,0.25517255940842876,1.503218009223099,0.5107320661358935,-1.1218834613617108,clase_0
0.4197762579126567,-2.4763948353914413,-0.25564361542855873,0.8785883345080554,1.6113987464121635,1.0779665068201545,0.13772794637938734,-0.3443828283713173,1.481038930810315,-0.8361941735296818,0.47911912778277205,-1.2873006564313212,clase_1
-0.7467664343952286,2.6093563665301636,-3.919985545254101,0.20678553027943158,2.209662906133212,0.8074213661401082,-2.725687152619134,-1.3748407263612108,0.33826313139845365,2.494697879263163,-2.9952668907996163,-1.054435905785767,clase_4
-4.3631488319346605,1.7566137730408995,-0.5149303649921646,0.403673221841071,-0.3723142360741756,3.9738015918144844,1.4635641868459126,1.8842505008889099,0.612496946879274,4.414783541706252,0.4122805981435,-1.0813478247844763,clase_1
-2.2583699535477297,1.415260257436973,-1.1998005005276975,0.8350159220687607,1.5875171510039487,-0.5163245396575784,0.8346097470561902,0.2531095490045347,1.7209786027095546,0.07513603748940434,-1.2544010597275013,-0.23655146397207788,clase_1
4.064766578717667,1.9271592497687067,0.5822478013423713,-0.3164474459915245,-0.7648370690913371,1.6232171406628253,-3.783139514311406,-1.5155346453060303,-0.9505282091244547,-1.6237983779946317,0.1585496531596428,-0.10187206899697232,clase_4
-3.410173601689055,-0.9945733815807709,-2.3892174262239303,-0.22059166948537995,2.4554000389419475,-0.3975605376078257,2.0740223106453013,0.2708950267967962,1.7569453454208472,-1.1784153495191467,-1.9178326617980233,-1.86433789909042,clase_0
6.572957025013052,-3.8231285323000987,0.3020291853810759,0.45973806598136546,-2.7626698555774194,1.8762007515195271,-1.4651893826673488,-3.1116175395386185,-4.190875174123054,-4.507386135039307,-0.6196237546892899,-2.8582336491396108,clase_2
-2.1092878837533893,0.7384855115010442,0.5366224479879793,-0.5781764582442601,1.1002276130934157,-0.04115524161453599,0.12074995831410917,1.4025150489833014,-1.1138725882868015,1.3108773684348218,-1.563929264900654,-1.080220498172443,clase_0
-3.239725969545231,1.6566257047033623,-2.903378841995785,0.5642620617769465,3.5629877094490645,-0.8351527178358276,-0.15406404405447904,-0.02737024434041321,-1.1553108051614864,0.48222876257430247,0.9831784809990213,-3.4223022012580593,clase_0
0.1371772480743487,1.9531052346617346,-1.4862106629884115,2.2210848603098015,-0.26521747744224067,-2.31890483872378,-0.41266008428790774,-2.611553631118745,1.733917645068076,-0.26599891287737454,-0.7458785064361894,0.7639346795007256,clase_5
0.7289793132527397,1.051724623896792,0.013235510874538448,-0.4944151533880228,2.584426670799721,-0.7475523745522377,-1.717071118382547,1.3534899753828726,0.09067187121140208,0.6401767076158451,0.4855939200440023,1.091585884995598,clase_1
2.1185103156596927,0.22944389469719917,-0.32105851235353017,-0.9366719479063839,0.3121075474230628,1.950852881183784,-1.3541129861031689,0.7781965918833521,-0.7652354292093062,-0.36924097618523,-0.0939523656322844,0.44053070748543993,clase_2
-2.8006320465313075,1.6791237226687383,2.4027836489778,3.6156386115073094,0.6836806555909362,1.9240670802138187,1.1186534926801768,1.0408346603765317,-0.2761567777921292,1.8959307880283933,0.07280179436230931,-2.814673266507521,clase_1
0.3238357758252911,-1.7071873784644662,-0.6157767577947322,-3.6217246392563016,-2.201009118944496,-0.2976262694908439,-1.060870646144456,-2.515187203253784,-1.0607293947664094,-2.677687150572999,-0.8371063267469117,-1.8774946609761438,clase_2
-1.8537410941100407,-1.191765756186502,0.47060460275309457,-1.9293938421258654,0.36034828654682527,2.4635558652405694,-1.3559670651064377,-2.2177201398976223,5.454140476587821,-2.5055954366504656,0.8240865805442636,-2.088002414996926,clase_0
0.29847575541498644,-1.840943262538895,1.908573937392729,2.8366658563467553,-0.4259753407064142,-0.13770904842861464,3.4860886975110335,0.7999729860640257,3.434240243896011,-2.196332237688246,-1.5452291149986712,1.8185546886367694,clase_3
1.726702541326244,0.030488403828670352,0.598477056371703,2.001155041479635,1.437408735608888,-0.9974795047577614,-0.7252973731355834,0.5135512600343731,0.6077778886876282,1.30789677780175,0.9790358254675168,1.753274934971934,clase_4
-2.245140551311961,1.471070413181926,0.38224555007412814,-0.42551073599566613,-0.9866059767348658,1.354923524714343,2.4018825740746976,2.9172239545329948,-1.0135913192218733,1.820493300934508,-1.97072128184557,1.0666937154296854,clase_1
-2.0419783426155833,1.4635850155946324,-2.429009852405874,-0.8093895432329945,-1.1344223066586174,-0.08288484623393433,-1.6275607591354588,-2.8249748882560297,-1.6200843072745126,2.0804296484149494,-0.31856666806083256,-2.7270429875964526,clase_4
-4.166462371213606,-0.6985440968810124,1.2401559782529454,1.7114842189236883,2.159103485686165,2.7840259301939474,4.316180897886087,4.521732837662181,1.2404549609924866,1.401635598635505,-0.5786510541204551,-0.8349137807251965,clase_1
5.659716644032492,-2.964239905933245,1.2517273338310055,2.36810009204683,-3.8994604258517596,2.1752134325071504,-0.8882107711458366,-3.611725866264276,-2.1834852054223646,-2.698165066453228,0.14462763378954377,-1.860095619264529,clase_5
-0.8242646138286361,-0.3473991238261569,2.523268334491984,-0.09351905434712648,0.14053428606215324,2.313955898820519,2.2663145823270057,3.0916558536029997,0.5182656564677175,-1.6443226883380084,-1.3925125671384784,0.02760216459500131,clase_2
-4.010686141822661,-0.13247242936539805,0.8461489190660479,-0.6442567302840752,2.9939504424265087,1.3791843748648565,2.1066883002446826,3.512977947735559,2.2413731337572944,0.3108444077800281,1.002579814271594,-0.5653367500201896,clase_2
0.20036015205650057,-0.41089656897050614,1.4093661551684087,2.6238776089561178,1.7458145786946409,-2.498947102527178,0.7327478425710077,0.07091654909281804,-0.11366393907459771,-1.1594649381808244,0.9287675350757748,-0.5843748739183057,clase_5
-5.323749054138669,-0.15590166869916133,2.2048014235238,3.365077094412972,0.6371623916080007,1.1253328814298507,0.9310873917241245,-1.138907684748455,2.312031178137838,3.294636558726615,1.1754540123391348,-4.107742734050067,clase_1
1.5428832142647102,0.4133699774307149,-1.924015659744012,-1.1866435503457329,0.29656290521179246,-0.3394959156896667,-0.9416584190239176,-0.5825607420728642,-1.513019726736779,-1.7067784442388019,0.6768882044807154,-0.2745613949620732,clase_5
0.6942731793394712,-1.9474444246021705,-3.3684304325274486,-3.5499695301031853,0.06218625473162209,4.628899982420158,0.026663983481098885,1.2543297863470677,1.0332357283711517,0.005952708625603265,-0.5798551814633284,0.6780355871324537,clase_4
1.4479491461904206,0.9876799830234333,0.5925601661139475,3.740867221546546,-1.2924302487028685,-2.634181252602575,-0.8658980637341669,-1.9492831753293756,-1.375083621635066,3.460506676364213,1.4588191358564693,1.1049295531749828,clase_0
1.7240804243126295,-2.6963697711031696,-1.7345908637560714,-0.8729214905678926,0.017362923811764408,0.7291850533354574,-1.486969132872806,-0.9808873998235355,-2.775287842652216,1.9265419651305091,0.6727204878601408,-1.3717057033122442,clase_2
2.2546202339546264,-2.251404373865493,1.6269568598499669,1.8913808304557855,2.814406798393475,-0.14956448162210478,-1.9909971091920977,0.6593029904252806,0.49210168649405783,2.4400680490514053,-0.24409556215854147,0.5151651238518702,clase_4
-1.5861145171547646,0.8106712175590913,-2.051605766987506,-0.1356145366112761,2.211012055084783,-0.977374960706991,1.9052926441945603,1.5400017337779979,2.325346542892593,-1.3198150471229801,1.717580205044318,1.5472125077087495,clase_1
-1.087769112540798,0.936344615169038,-3.255905387634148,0.882983512727543,0.6381382074858062,-1.5344880335182658,-1.0000157537645573,-3.3788836899460746,0.6183143807178147,-0.27535691417683283,-0.18784282006379097,-2.032781495498154,clase_1
-7.251106952867639,2.288156771583698,1.6773503933203517,0.6601222722760252,-0.12098480618207208,-0.41790159680044336,6.4465807462538836,3.513369991082931,2.781866145819005,-1.7721234389372633,1.8546621338595848,-0.04090632962998986,clase_2
0.6343120215950172,-1.3507017627548326,2.5006919019913703,3.3874658529141746,-2.099557763518839,2.3095053275514434,2.5750378822841467,0.20312319106275467,2.966764874559006,-0.17736574325595766,0.38192167000300953,1.2227248185590642,clase_3
-3.099192833183315,3.0469825532982613,-1.3000878825448199,0.3515524378319852,-0.9727658566722839,-1.68700892047037,1.2507309451615818,-0.40463707610922406,1.5585420558031418,1.5649128720093644,0.1437374378208569,1.4632712533293402,clase_5
1.1636995327156028,1.1358104215764564,1.804536011586011,0.4322371355412207,-0.1941067876633289,0.15199911239351438,-2.9840367600250204,-1.6378142089342198,0.6626389544017869,0.4395258144368091,-0.03347481032690589,-0.5232601758141218,clase_1
4.3162876101199785,-0.7738496858331918,-1.6433077143197539,0.19833557453948525,0.4729535280884177,1.398064734602292,-0.9137461366993075,0.34285719056127034,-0.29470603532970907,-1.1189353018394075,-0.9547098336929226,1.917158265407694,clase_1
-0.3458174076987917,0.7625946316264554,-2.061472657058304,1.372730028823805,0.8661637762762814,-2.294576693033168,-2.476760187293296,-3.6593012125548707,0.3130788595509226,1.6377407256197796,-0.18573676341849862,-1.5820832494589683,clase_2
1.7980111930570333,0.24652917192561746,-0.8385588955909615,-2.1820914577575037,0.9605952665250674,-0.636831842431046,-0.5329754357205175,1.9662715354125453,-1.9414615933690789,-0.701986751453775,1.103626910444787,1.8008989352938134,clase_1
2.674559524995995,0.20515195061474412,-0.6005029977887213,-0.7221255506188611,2.8425694541717625,1.4031022360897223,-2.3938785037348156,1.3300384158990937,0.19256300961166428,-0.5660881473535526,0.46254792279774964,0.7666978910946531,clase_0
3.6666346339714435,-2.1376728304939574,-0.02573115895695799,-0.41770624625933445,0.07199150747891425,2.106118289168747,-0.18278349304748187,1.0441864716020637,-1.6503468055537276,-1.7814401988768325,1.196260988306875,0.2306284978305988,clase_2
2.072335448485331,0.3359932670379111,-1.9237422281188754,-0.4075373522881498,1.0424086238242447,0.7842836581599848,-1.8524011967161609,-0.5106764253865848,-1.3194855155114034,-0.4304660423285771,0.9957835101574903,-0.5304908267408599,clase_2
-5.485721377494548,1.532561078749703,0.9894051989552255,-1.3338166163068097,2.1604536643345824,0.19979024068988582,1.8864406148911133,3.534736087487611,2.4429146447179946,2.2018646919859615,0.08479772902614344,0.6348101450997681,clase_1
0.3009729253097302,2.036663813401227,-0.09800968822401879,4.1945885821161255,0.8562761664914198,2.4607401498742036,1.4597275934223959,1.4742217973457257,-0.4418417805496335,0.5974385868397675,-0.7038332580694631,-0.5173673970756913,clase_1
-4.08033752370627,1.0661087840921497,1.043536514173475,-0.41954287722300937,0.8047678838996333,1.12875236376131,3.7282052037346416,4.411023256707248,1.2235382043499006,1.122312082182006,-1.998605566555507,1.3457464190945045,clase_2
-1.4034402872257656,2.5223843717520484,-1.1113935441462823,-1.135410484028298,-0.3019200834606619,0.266298153052998,0.13118661206541016,0.6678134137085235,-1.5933256934760205,0.02545722666753225,0.012390076194007553,-0.494915827346347,clase_0
1.5964522257219758,-2.426867748558902,0.5988140218791875,-0.7865952740248945,3.2049839300607346,-2.900026212665434,-5.488902204783489,-2.052799440489612,-0.9175309607985869,3.9398089270047345,-0.6581134930916945,-1.1025849970347807,clase_4
-5.2890190608544145,-0.5354651817354239,1.5253591268615105,-1.8924446605966276,2.049063783221248,1.326018940227077,1.2339383487969426,2.394314608985787,4.371221236873332,1.650816519609126,-0.3093284927742968,-0.16821591715866413,clase_1
-5.044745126010815,-1.3901785440603462,-1.2246825575537295,-2.2982295272448683,0.8224772356638592,-2.8515621365757013,0.5708939850213213,-0.11610769405266771,-1.416022991118653,3.9202001064506007,0.8620575905465448,-1.8041920587272458,clase_4
0.2011406229368581,-1.7577627844671522,0.32617528742971114,0.09781008282839054,4.216055626567412,-1.4766573852160854,1.1249674470747768,2.3490801159636128,0.05761672755536451,-3.180959159395319,2.93818806715577,-0.6475829420418662,clase_3
0.3787010256764139,1.7591753240503445,-0.49143835106689615,2.053186110998107,-2.116700099088047,-1.2346473185230944,-0.8565813249971841,-3.650983838480402,-0.2202423537799001,-0.5652299044581659,1.383057398581605,-1.2655722124021718,clase_0
0.9005711507458396,-0.40499221094601895,-1.2159856637690507,0.7062414944035957,0.15391150220851768,1.6095640986178361,-3.2517668849391086,-4.503564999669639,1.120917641052141,-1.3805635967578793,0.1862524599012663,-4.0321355803075685,clase_5
-2.5197635056746317,-0.9608563167989921,0.17275286501729603,1.1941912186429064,-1.3402791859522785,-1.5646551021397597,3.3699701207029094,0.8783047035096399,1.1555966803161701,2.6560971776161217,1.0478490568897503,2.0565379864255475,clase_2
-0.6747269310680514,0.4032873885921965,2.3488364364864625,1.2996255759405795,0.6484924191043693,1.6433605185971956,2.7922759553970193,4.211054885874429,-0.438490707649545,0.25506174046249125,-1.0844706235787835,1.1853239692809627,clase_1
1.0089563468344134,-0.007284952760063579,-0.20302560833321792,0.053536239652957174,0.05734856629112628,-0.44279710792247723,-0.08410465325101502,0.013072971214236525,-1.1355724994831589,-0.8583827450347215,0.6913563810805253,-0.06577665414588607,clase_5
-4.162491132853061,4.151207571972651,-1.5596113449033258,-1.0109285500194494,1.2237089146981788,1.0244933284174285,1.4404752008449226,2.2576000878096107,-2.551536945432574,-0.5886692946440535,-0.07232900130230689,-2.631607639002273,clase_0
3.9545457386141343,-0.10298457008179163,-0.19678202344474005,-1.9308042830607801,-0.5984820830334993,3.3271285572792273,-1.0155888874273087,1.7946446431712486,0.6883054811652644,-1.3145081266174754,2.672156742628014,3.093019773084565,clase_2
0.5536560400354554,-0.826492211433763,0.15567639670773825,-1.1033093709168948,-0.9787023419295501,1.14743393676303,-0.0334201663231789,-0.48433592769064604,-0.31419710362964554,-1.6881719699310762,0.8741140818178601,-0.923000684225497,clase_2
3.6879158661669114,0.4003378973147234,-2.5185264788492927,-0.5771984756331837,-1.4927780102392736,3.041606613899444,0.321181844032556,0.8142483403826223,0.9426999210384176,-0.8923162807582832,0.6424744465726187,3.616047626655301,clase_4
-4.888463450812764,0.41885952795120307,4.232580910832643,-1.5668411793629928,0.2141153769068619,-0.09020403927939658,3.799258985613256,5.593863524295753,1.305967198007933,2.007782985779404,-1.0384993376142264,2.351815233508826,clase_2
0.4666676096329354,1.2814949539743958,-2.269636964793299,1.607554116105876,-0.8136141602263272,2.1879290236958577,0.6127956087560966,-0.6139194859047152,3.6766348354402814,1.0064999491805227,1.1053139014932878,2.477347885733807,clase_4
-4.648690541964743,0.6428336959434946,1.7136184235474687,-3.3186037570135882,2.010676461674639,2.1043509986562556,2.538952781460382,5.1958944940899405,1.8317389879463257,-0.5103141021584998,-1.8225343436866017,0.38834674142695313,clase_1
0.9081090505594858,-1.8144675706964781,0.38895054406205404,-1.2496971132684633,1.6040440720690654,0.6529903325811315,0.16133822324855251,2.7012613674254373,0.37248690916483596,1.203708989769052,0.7838234057466584,2.101942270585387,clase_5
-2.8749332372486576,1.4021795909006158,-0.7651191764828794,-1.947690341353615,2.172582314204547,-2.5398319049509928,-1.1141822530046634,-1.2032140473413566,2.455323087291127,-2.035589222231174,1.0458029156995154,-1.1679520280925346,clase_0
-2.283817867840347,4.086372935632825,3.1889661740707007,4.52839044120464,0.7678439604670804,0.5983992078992543,1.5087777442135086,1.3042127259863723,1.4434700140936516,-0.3859752820392097,0.6751644009882938,-0.9383553198339466,clase_1
-4.7737835684121945,0.7349314297422112,-0.03849269169558578,0.7936981329839679,0.9632541733054196,0.6639584184583811,3.563181964430097,3.2074607221209783,2.2600067411552063,3.214185172382731,-0.20478525760573577,1.3772652652570914,clase_2
-0.18979200176367006,-0.012523990224391879,-0.5753335764127321,1.920838619725081,3.011244642282924,-0.9383440957921385,-1.5672797662374374,-0.07017049866682376,-1.1912635860137564,2.5972789353926835,-0.08191229572560826,-1.5457342582315983,clase_0
-0.8827667933022669,-1.1916390303732365,1.049084298982552,-0.5976412223419514,-1.0099504392953231,1.20123261525465,-0.3879483177464236,-0.3784994259933811,1.25942752402616,2.0077527901346928,0.22014519035127497,-0.0240265569480268,clase_3
-2.152023036778358,-2.204169353907858,3.9475382328809143,-0.6368151761707397,2.215097420841187,-4.163538363542889,1.293050587599998,3.3538540766616225,1.1299061034055629,2.75677673769036,2.060826563902659,2.84728020085078,clase_2
-0.8050122652427902,1.823342034765728,-2.0434064451799285,1.0165801656344877,2.496816087740064,-0.9688425823874572,-1.3407874232369046,-1.3453287151512265,1.0567473149276316,-0.6374568569867172,1.0066246315965148,-1.4095643648908476,clase_2
-0.5535011610988716,-1.1260080660328884,1.799488325724216,-0.6952266637899279,2.6097350514069664,-1.8848521613616445,0.1637611094307102,2.3004822350874323,0.7355634445092003,0.21448085448004361,1.2553231895309385,1.2028002242831115,clase_5
1.8034696997304909,-3.126824387339477,3.2565218479731195,1.7321680938294788,2.620376206729416,-0.5660918335541127,-2.3107708642572566,0.1529568466199634,0.42813807366392187,2.0966022740070116,0.186161955581734,-0.650441067393444,clase_4
-0.10505900809213713,-1.6170589812633527,2.6625004345769794,-2.710102719303692,-1.1516758327302896,0.12337545548936646,2.046509150229807,1.7348858948220227,1.8756199564065594,-4.273884819169621,0.9104921319436958,1.4280951415984287,clase_0
0.008380148987819755,-0.27629459724792726,0.6237738668806087,-3.2518813252374406,2.1757277533551997,-2.700593590344903,-0.9312051097819396,1.0670052973930342,1.565976713476393,-2.708403575217136,0.8228420732163579,1.606120566296771,clase_1
7.273712893469611,-7.9324950526136515,-1.0848163451709338,-4.7613964287455355,-0.815639683942786,-1.3464623942974663,-0.7350210245889537,0.5211715905449428,-3.2416883951710975,-2.3877876410974728,1.292408930468729,3.159453042563798,clase_5
-1.4864381289491104,-0.2527342783919493,1.5790214662966349,-1.285174162187918,2.8098765450626617,-2.9511059771916823,-2.1495727157203453,-0.11067701937216996,1.0395823360553171,0.5421130879233917,-1.1093075324979949,-0.6089959618474206,clase_0
-1.6079361840068587,2.3668121847209314,2.7534616458326395,-0.777982120482934,1.0390392944098297,1.4480019080707422,-1.1936198318522395,1.9532760294032718,-0.40426229326215957,0.43409313695322194,-2.9760324740095245,-1.167134919813491,clase_1
-2.394579776103912,-1.884931177864489,0.8065892977645324,3.754045093600613,2.6617779919586413,-1.2012376975939307,1.261674431675037,1.5501151304327645,1.606699285538733,6.473424362348307,0.9687446211672515,0.9780867692102699,clase_4
-2.5829433024973127,0.26863738046617164,-1.2985010849953518,1.0906505053752469,2.024288654100091,0.027022393080347706,1.5030075613005736,2.13963402310211,0.9444772336089922,3.801224796179347,-0.5328515408601846,1.1023969525483617,clase_4
-2.189538100400481,-0.2656849923348349,1.5068389332652807,-1.2512193223785162,1.0655809090823498,2.488995556148695,1.3575627763945994,3.250649361927791,2.0592899580644097,0.7881154045274987,-1.0425831535338261,0.7897934471540888,clase_1
4.263162387894127,-3.9070899406181683,-2.577846353625679,-1.3347239430614828,1.5345045158587167,-0.7617263953934137,-3.2623887081729377,-1.233881148368248,-0.38353631388591714,2.7660376500982764,-0.4914104166895625,1.9729025154005964,clase_4
0.3167645590691539,1.039406431751922,0.8305523352993811,0.5278019893494938,-0.5584889242807849,-1.450604571795325,-0.756332853603583,-0.931303236132377,-0.06713032629706861,-0.017567865821559336,-1.387753081001437,0.329920152935867,clase_3
4.8390181171395605,1.8579462306572772,1.7123473307345798,1.9439003406441242,-1.9516181546156612,1.445317142830583,-4.30501944297023,-3.5650997340618042,-1.4782068366604395,-1.6744312778444612,2.9971982917191387,-1.6251560374467444,clase_1
0.701696810447924,-0.1770403903448503,0.4676507419760282,-1.656107384174581,-0.9291459457579505,-1.2757076620135968,-0.12049208180700477,0.24362704392163803,-1.8473500295426988,-0.8310778688541997,-0.7833087567250635,0.48427973598471297,clase_5
1.5043113317456358,1.4384204966442768,2.252258462938011,1.5626490143668723,1.0192341984949036,-0.47844941550571113,-1.9699704232192872,0.5224138322796728,-0.24148688784231903,1.2922835138600501,-0.8497950030229446,0.7890538207891521,clase_5
9.93332041881016,-4.843449577266517,-1.0565457765932962,-4.052209886209376,-3.946554474856499,2.0051127622229177,-3.7619776236136584,-3.247996620061044,-2.9035288242799835,-4.953814830763235,-0.7062233540680766,1.3094500075276647,clase_2
1.407041212796647,-0.27120547028039,-0.5553274197300448,1.0855775367757807,0.8339233078155612,1.4910874588749712,-3.0878907507582323,-2.2298694155757772,1.249909174953661,1.599028467154079,-0.8140712224921829,-1.1713701450087846,clase_1
2.252570167345629,0.41766829401368444,2.6466988310960238,-1.270303891437342,-0.9523029749418779,1.20201548814391,-0.2769459327498026,2.6011829427555075,0.18481827946345242,-0.10538235073303892,0.3912849571208737,3.3359870105247467,clase_1
-0.48882489549431507,-2.766499558129298,-2.2440021508527392,-0.33036912752502384,0.25285642983789525,-1.115031970390455,-1.6723372544436377,-2.935756649058726,-1.58062716294146,2.9025235612437648,-1.6964581544464707,-2.5858267935851655,clase_2
1.3049840781237096,-1.3692322812671096,1.7710565715138524,-1.2164685779949749,-0.4399309388774355,1.1569758512289017,-0.9379320580746251,0.40335452533894983,1.6706315893614059,-0.07412881872301069,0.03709234193645584,1.341399880942334,clase_1
1.925884383156832,-0.5093706010522785,-0.5469836864066988,-3.9368924294064334,-0.40783397130180893,3.695980682097484,-1.6097706737555426,1.0172556103379569,1.3466877908827826,-1.6329849261436282,1.9607178320387029,1.285084462911073,clase_4
1.1700940678950498,-3.215555617588442,-2.179219871008814,-2.037881884758419,-0.022902633481674317,2.4914503815367377,-0.704970938860546,-0.24593367242891037,0.9135147834458812,1.40973202233915,0.07069702166483936,0.4775798887233935,clase_5
0.29775871650514396,1.9394106182873128,1.601184351161324,-1.4750876049498525,3.069435754316147,-1.58534311626179,-0.816218647792404,4.180064490372952,-1.1865030911367282,0.6603458717239974,-0.9434698244081563,2.5513741732994966,clase_5
-8.863300571816533,0.18505261707465592,-0.9744224012699101,-1.845532663311287,2.8488817110948137,-2.2574079316686086,0.7282609841422079,-1.3886159136977234,5.886629269284277,1.4027151422165036,0.5795812479848041,-2.7206170045953835,clase_1
1.331179553749764,1.331733570470145,1.650481216237216,0.7177599867760518,-0.6530036560076524,0.4799516340319523,-0.8427505676790622,-0.8753584836774465,-0.5280138009530427,-2.958817050749942,0.8011285839119535,-1.3572948339153423,clase_5
4.975593503527156,-7.657374068970545,3.8447012034860633,3.762485230591599,0.9685603603323016,-0.7129235608422564,4.432188709216245,4.151510352419007,1.1607192573642118,-0.04939896177403058,1.230484356358352,5.000436782664616,clase_2
-1.7580370716413278,0.17294471438893788,-2.588343174753377,-2.6246869738162006,-0.27764279652738877,3.921586936287091,-0.03545122934526013,0.3248570892240176,2.106088683460426,0.6876914636768244,0.28710063740125935,-0.2553221706783185,clase_4
4.650847982887079,-2.9896021896587524,-0.9369122624278179,-2.493966569544439,-0.458147282414332,-0.14393214449976344,-0.5239000846739021,1.0025453936916162,-3.1188275441214826,-1.574802447486198,0.09922962338107293,1.8391199930797821,clase_5
0.3047218515178415,0.830017651947039,-0.19355951192843612,-2.5444624084272247,-2.6343276809104985,1.2116796083537875,0.5583965706979829,1.077891983199088,-0.4398730571636933,0.3441111600838424,-0.27910585635994656,2.35201092724482,clase_2
-3.2889766320026985,0.7986220890415585,-1.9096167422984849,-1.5483368007920602,1.7268655978319614,-0.5078664767006009,1.467507153062947,0.2197941794021935,1.2901030409913152,-3.0155094603200743,-1.3743992484741285,-1.8870696403764762,clase_0
1.8662771004803422,-0.2061759691597399,1.958543691916948,0.7217388049826661,-1.59960768443716,2.4816921229239255,2.406182556549058,2.269790472857302,-0.12002827632794366,-2.761403620459208,-1.1328828133542732,1.3476125561285248,clase_2
5.484552369447214,2.5900461193650135,4.204694842003273,-0.726759105432703,-1.095887552378993,3.10033213804077,-5.595091406086645,-0.9199742123331003,-0.882414120787379,-2.7448314441768478,-0.6655338670086792,-0.42104266843824034,clase_1
4.822861503407615,1.745652478497834,-2.385421375746928,1.483163913844923,1.2702005096172135,-4.799748320456323,-1.712616097349859,-1.8735298202429747,-1.1570819603199918,-3.196531015840061,0.01069331179648031,2.5494036045020256,clase_3
-1.6469021406789137,1.592699474679259,1.9318234980842905,2.514884809559031,0.24749737850315295,0.7322100287858871,0.5113961227545816,0.1274175727206672,1.1429758704459498,0.46293266335666167,-0.7246742116823047,-1.1810605310070685,clase_1
-0.28339646769657206,-2.1972243892880687,-0.9538297635917172,-1.4906316653680736,-1.5207824698439367,-0.1799969826557437,1.7512496150170562,-0.09614919548502028,-0.00913921074118862,-0.5347791198528933,-0.4267864709234251,0.6342318359297303,clase_2
-12.214375056347206,1.159170915137854,-0.10045026752918429,-3.599567070344839,3.396998402397541,3.914565052392507,7.257034924777318,8.295572034292084,4.1622206275237135,2.1242676925069737,0.8090542890877785,-0.6300432963983773,clase_1
-2.8189187186293467,2.3300754432899744,-1.3964599323740687,1.0077847451385178,-2.7228674394848102,-1.0233081206635437,1.9965781659053157,-0.9415985013898788,2.419243240698014,2.905108740403996,0.07268946303543318,2.6352890060930863,clase_2
-1.9130125181790367,-2.4530779141722716,-4.326539263983106,-0.1652525941972509,3.3664471523199735,0.2657690032866425,0.0940043458900448,-1.1967560128020232,3.2895501829297578,0.7511870197018617,-0.9661265231290901,-1.2470751886633558,clase_0
5.464931243107391,1.1986931842281137,0.19117285601619782,4.010127044903642,-1.0428471534543224,2.145019277010265,-2.43764651076617,-1.815269209009736,-1.882416540101201,0.15164694560747793,0.3363218096216861,-0.14093150111358388,clase_1
-3.5416264971479747,0.10396883628664544,-3.26406801510352,0.33450912167915753,-0.8975213487242544,-0.33491790335984395,1.4412194023152007,-2.9172935476999644,0.8748305664396412,-0.20404814145871486,-0.30699635716260354,-2.883029975995014,clase_0
2.3785644217194677,-0.6413681953530788,1.830003614508468,-1.7134060931097057,-1.4778429589172368,0.9542284422313927,-0.3951141350352432,1.3097188974306797,-0.6185610563975119,-0.7656683958551105,-0.275182437386346,2.0405074964316396,clase_0
1.3982507994695696,-0.5655365892892378,0.6624462975264085,2.3801031551935306,-1.2506100854361057,1.2163266204672407,2.064927729512264,1.5703968587836448,-0.4005343644496733,1.5598327073971607,1.2855004964844134,2.106847503720945,clase_3
0.5870029848233366,-1.6257198257992238,-1.1044335621976373,-0.3750043949301535,-0.47803837638611824,2.2725673729290037,-2.320506715130472,-4.082210656000604,2.204243829541819,-1.9294214647222943,0.8392478453905953,-3.3982637565661475,clase_5
4.732416787213815,-2.606740268394219,-1.0274163158753402,1.1122340275586005,1.0210162967614393,1.7815341800909497,2.2279604109901037,2.3704697584643206,1.4113558084199198,-3.554800215343538,-0.599721845931381,3.4089376650706082,clase_3
3.273528668240842,-3.634106678482108,-1.3749624758657437,-0.29798238997116067,0.27140743143142804,2.6033580269169576,0.01048405549773368,0.4075526392130517,-0.007904667502186546,-0.3219926166422078,-1.6503545041545293,0.6398615943844596,clase_4
-8.492425895380974,1.4135087490964835,1.4879280934784342,-1.512586356750667,2.227906664248091,1.9866183154341912,5.734139464008322,6.764337857263423,2.0408801100537004,1.643096182125273,-0.4864926155454853,0.008077274500888909,clase_1
4.175051145899479,0.9067103699103272,1.1955912983541128,2.1222200521130032,-1.7680788012104214,-1.1491727087905907,-2.7162165379755514,-1.5642168260261238,-1.3401372123413302,2.818972838432324,0.3689151288291944,2.532586711117584,clase_3
-4.048526363504567,1.8855813412566869,-0.24004212750615112,0.9908004748128445,-0.9610991027860035,-3.178249316544669,0.11462403783648745,-2.5095328190766546,0.40607317023491263,2.397882973077389,0.21179242018578426,-1.3959159191642938,clase_4
-1.2580331213457243,-1.1197767556098661,1.119488084670963,-3.1975804818124223,0.663798178456808,-0.13788968747836838,-0.30355045492983235,1.150058807519782,1.210723101537747,-0.691059104110252,-1.460285906058812,0.34626115519606127,clase_5
0.39727493086571064,-1.5632174446916485,-1.4548184648165898,-2.147810973645245,3.39455854907942,2.9480585133132227,0.6257774759585248,2.6513218236857794,-0.626409320438144,-4.044048750526589,-0.7550339959104986,-2.1934262025189586,clase_3
-1.6504815984155512,-0.9108082340748613,0.35121399710998513,-0.3168937835370529,0.43723218257896607,-1.7958975667354478,2.107705293438268,0.2620393613699225,1.5664524517733485,-2.4121680164024157,-1.8206594931993039,0.042805660720522276,clase_3
-0.011687782834976599,-1.3901977197776774,-1.5132217999313708,1.0019527068943872,-0.3817405405709364,0.050133195375654305,-2.221474685074016,-3.4341045260945138,-0.6810516626495606,3.0676536498414757,-0.5383494575109768,-2.473503817476751,clase_1
0.04052177565453259,0.8810246776164947,2.2984959446016253,1.2804259519856664,0.7276140428513613,0.8493235951220421,0.9524977889323629,3.3116404435469504,-2.1008577580426904,1.6244005827618677,0.2868638428193504,0.5940128071656752,clase_1
6.422495296798231,-3.9996444246801506,-1.288110518700815,0.008333667444682336,-1.7486880800862752,0.23393274957068755,-2.381099539291225,-2.9893913078133054,-1.8353858964223198,-0.7072953166547705,0.9626072740766523,0.6576690657724021,clase_5
6.54753267067779,2.104043427747852,-0.10820534388778669,2.8498815660227326,-1.2908312608492116,-1.2029726600930237,-2.728421396770149,-1.1958207934271654,-1.7017689218191172,0.9592649387019228,0.3220204796552139,3.919102959572392,clase_3
-1.971546435226771,-1.5277851787185042,0.6484999698195344,-3.125512275978916,-0.5840232358743873,-1.3728238176054337,0.5401960682538363,1.2377817707280907,-1.0070253573464523,1.8983764901976152,-1.4047652216670008,0.712691416081229,clase_5
-1.8543693772170224,0.15597392397665444,-1.6645998708458611,-1.1928646749238918,-2.1378372739816474,0.2977439910134584,3.4332139088125384,1.3962370671628257,-1.8366879789396775,-0.11017539329248516,-0.49122441461711286,0.5328994097961899,clase_0
-0.5973883162552218,-0.659512177215361,3.1656342866717546,1.463196805676009,0.37996412571143184,-1.3022992442595205,1.2393059956260049,0.5031661508583096,3.1012260500246382,-1.3772550753112225,-0.044686401440189545,1.107831876438578,clase_3
2.67474343678292,0.7346103461292434,-2.7283857789876107,-1.7752248704981894,0.1770322538224932,-0.016942116652405304,-2.4681445506858832,-1.7846697912609328,1.7715159697376235,-1.6070948134750707,-1.14820729197171,1.847778795566308,clase_1
1.2874146561661186,-5.170709825071216,-1.2436940769192595,-3.0972904482286943,0.5954817696372674,-0.45079682597412085,-0.4474332685444736,-0.0027895346510443766,-0.2146879020669359,0.7428944909864802,0.6973874787119347,0.6332402238778494,clase_5
-1.0942864906399963,1.3801165013826993,-0.8114752307255406,1.0258415382634667,0.656851743519038,-0.9470745171841561,0.7313224549580601,0.11313434967092846,0.2907404114733651,0.09153249043733924,0.38365502386678896,0.10763293018952824,clase_1
3.5973989239834854,-1.809631977430324,0.3634206850940331,2.373695756307214,-0.10440922333641078,3.2396263116942414,-1.644736644104093,-0.16519681142375006,-1.683542728430264,2.6678695102046257,0.017641808735019672,-0.5516270302283579,clase_1
0.7948689530941113,0.23459674492156002,-0.6265811315645419,1.6081413808360239,2.033281679640808,0.6916434867170375,-1.9194729462135713,-0.1935853990345132,1.885450113096769,2.848981035335915,-1.2040869501711966,0.9004636898216771,clase_4
3.858819354593635,-1.5046856798720862,0.3152349383976069,2.224856629828035,0.8681078772941453,1.3154589521967333,1.3915038506456225,2.2724217562389164,1.340192840361787,-0.7533931668603175,-0.3527007950036071,3.5397644817721234,clase_3
-4.720949921139788,-1.2898666254891469,-3.4014871044733628,1.1914553878523324,4.472736374996221,-0.6894842636884351,1.4809575531526278,0.11967225434497977,1.5543574392228556,1.791803189372289,0.2672106551450557,-3.093764052908928,clase_0
3.3064651671341463,1.6352485627569329,-0.4285308837736664,0.7077614250594934,1.3314709609275113,2.256742176145459,-0.4462405713216484,3.28307805930429,-1.4228883360193096,0.6454171151732335,2.022212562972086,2.729991355904014,clase_3
2.351238255951759,-0.8808623549446415,-0.5678791536204716,0.7265768161464273,0.3399265984560017,-0.34816777252022757,-1.2527191603269188,-2.1537715115742584,1.5045932794579564,-2.422812327005647,0.009290068306694576,-0.18878859947561477,clase_3
-0.7976747547592064,-1.2254176123845986,-0.8974901693085254,1.3254009304966414,-0.37040225739102883,0.6330968331383839,1.375501431240908,-1.7506699666640064,2.713622217349017,-1.7106432576388553,0.16704310416914414,-1.0363043919686956,clase_4
-4.149843096441309,2.7423345465798423,1.1153688775340114,0.09569860659310125,-0.2577813677639528,0.9929831975866148,0.4652140012350632,0.8341761902404244,-0.7202878105171431,2.025434059742379,1.4492924284038262,-2.1681587152365593,clase_0
-4.636570114923494,0.16800127248113117,-0.0649484515106612,1.2054529462425985,1.9889530856088027,-0.6450950650310014,2.8482167043266253,1.3598000991141708,3.562183908173358,0.7401956293305296,-1.1818939743719894,-0.08952373236813904,clase_1
4.890063013953996,-1.7046456167659896,-0.5437878554661124,-3.347431129106832,0.7864975530354517,3.665385100165947,-3.1522558096754114,1.701988130852569,-1.3938764725932533,-0.25773175002479143,0.5546322006406813,1.4792338885244778,clase_2
4.024694467899612,-3.1597303609702383,3.3356868347053297,0.28667170878116954,-0.7086566714052145,-0.4058346554891225,-1.4803913873100094,-0.0542312215081207,-0.6128482897072005,0.0926482850108028,-0.43807864810353686,1.368831540347837,clase_5
4.70636774149312,-1.2876546178315522,1.2568651757963138,3.219835332825488,-0.302109927415424,0.2396818261618841,-1.9304134760271265,-1.5888012973983205,-1.2855276313789576,0.3170430161785425,0.7204568950760697,0.010994696337959242,clase_1
-2.5017705729719637,1.1849189000220104,-1.527846591910775,1.047007364059807,0.5931563227556208,0.5211528557650071,2.58433685106466,1.4108387092162802,-1.8153596588906353,0.0052251948371198065,-0.7510268068190222,-1.693936018606311,clase_0
-2.6930413358138523,0.7298714425282568,0.4016493341421034,-3.2612903584690827,0.7111396289559808,0.2230117526369536,0.19047846898271625,2.0651547234243286,2.2129676685438775,0.7590888076260247,0.08329463754680776,1.6351781323987569,clase_1
7.949667996779792,-2.461853036356713,-3.5542873536645,4.947237006902275,-0.2078857382488628,5.837006802286329,4.825944771231865,3.7341789744715657,-0.5674544130429775,-3.186581590349091,-0.3389276313491429,4.390094652183819,clase_3
1.212575289881824,-0.41431509118162024,-0.6533405766014524,-1.1579298914976004,0.6618059778193074,0.37881542035725857,-2.0006323068561613,-0.7883489969885704,1.0738763969916088,0.06800948236436077,-0.13729106791036658,0.4451535570739975,clase_1
4.421440646307153,-2.089455350589419,-2.5872706798646012,-4.563788221992353,0.702970878101726,3.7121568329183523,-1.8153985950195959,2.799588317552471,-1.230378561697523,0.4107842825613335,1.078651945959726,3.170632758945426,clase_5
0.4181162147449102,1.4612923001719909,-1.5646615013464404,2.339773064780627,-3.550026958576529,-0.10779414320766989,2.5240101885688286,-2.1727902680601177,2.036723662667711,-1.7104070998273124,1.7970165164979541,1.7870089643064289,clase_4
4.712051994470398,-5.033089201357225,0.05415226924787375,-1.3699450197046217,0.29764057791540555,-1.781193383691975,-1.3964970922507702,-0.21418851678376516,-1.1290656188161128,0.4668922592702325,-0.38876875042958176,2.42082899130956,clase_5
-2.498872091161437,-2.6426690060714844,-2.3448630901786203,-1.510272505375145,1.5395305701497524,-2.2389282611760386,1.3887266362301243,-1.5510611649005566,3.7034775349996885,-2.1145248008329895,2.22815443334965,-0.47240221096551993,clase_0
-6.092549102516796,-0.200687008829312,1.5116641861652462,-1.789145457497095,2.205923070308639,-0.6248626853188106,0.4375296446174717,1.3274726879821785,0.4343804111101423,2.0893216558765753,-0.24655360757598987,-3.1741237199855625,clase_1
0.7832921365514007,1.1899377087531762,-3.2349146920335405,0.8865678005593525,0.004591945297701128,3.3221496771664514,0.32053102832529556,0.1863496319837748,2.4090808903045393,0.9755829915212828,0.2905803478745374,1.769380371679025,clase_4
0.85473408137696,0.7750984750573946,1.0204067148662925,-1.6391279954738553,-0.1114728965817583,0.29970135060188613,0.016892626542134748,2.0311355814008643,-0.4850909367040397,-0.8140807415546332,1.4166613082979562,1.7924913340316915,clase_3
-3.4216685310087755,2.076108377352723,-3.549609487251278,-1.372220642803943,1.7384847396064118,0.3847502037743471,1.6517151378495294,0.3044355471928361,0.017835112470222403,-3.145488882495421,0.004438522609814357,-2.6384159782762744,clase_0
-1.4048859505414748,-3.3712837017830672,-4.5082047896381034,0.7047306972987488,-0.43606008693642834,-2.1904651996097018,1.3986689847711278,-0.5372877404874814,-3.508178559295489,8.013422077498388,-0.09844531417674846,0.6930677416487957,clase_2
5.915760282851689,-0.5737764761820947,1.1956834548418747,2.8884043089486617,0.0390021801843059,3.0641163649091654,-2.2585940694345092,0.9126934544311821,0.5329101768127422,2.712640130784794,-2.429112337166646,3.4371700201509032,clase_1
0.21125953199801836,-4.665474963159708,-1.6584237247402212,-3.1208490104658084,0.7514148357939461,0.9272688285545566,-1.2015344596466608,-1.2916671674681506,0.3002788160190877,0.0023923304950735913,1.3519573053984584,-1.8190165080089609,clase_5
-1.0429329064706876,-1.7823653334220986,3.679151313558571,-0.007915755326166507,0.28985847392214864,3.2259120977957236,-5.035957276283625,-3.2563291150453497,3.1256272798805815,3.251511801215223,-1.5301309287433318,-4.037764416820432,clase_1
-4.753791058319141,-0.19651826778199322,-1.5108747569799668,-0.9228216563067002,1.243878352701842,-1.7269469917080265,0.6919901828147195,-0.9028265608984489,2.450385892321343,1.785604224367508,-0.09138967205026136,-1.0914369110012065,clase_1
-0.27377873369519073,1.381984111956702,-0.5355286997838118,3.2649643815155933,-0.7863170660181653,0.7898133730791568,0.9537360656281082,-0.7777298518851522,-0.5375474131019811,1.026235147788774,-0.5118684010935176,-0.8942849615375933,clase_0
1.7004377698285127,0.650937741807281,-0.40793196039312174,-1.880751087037531,-1.2063562800604961,1.7304439509603364,-2.1084972708948957,-0.3996366951892295,-0.13222133472933462,0.7009762433633735,0.6642752042571255,1.0304618787925932,clase_1
0.3075468337340306,-0.6250801738249747,1.8514184290596845,-0.35241703447771855,1.6560372289952894,-1.0581475068359547,2.1882455620499224,3.4394737968406535,-0.1953155842716674,-2.605235562804485,-1.4552889759012155,1.5239140148925672,clase_1
1.142332091832533,2.0192914662037573,-1.9783440691371628,2.9711672878137367,0.468416474831568,2.04729835220267,1.359392326311389,1.1689846642776742,2.6753343254555304,0.8611790793537626,1.1912351951807418,3.080514047537217,clase_4
3.7149522481451602,0.41064200104090376,-1.2425296070962577,1.2106523341388398,-1.592011384939072,-1.4487611189583063,-3.8010227048171803,-6.313370337399046,2.532997148534398,-2.8143775151107775,1.0288774416789441,-0.42972276510213675,clase_0
-3.6473270319893896,-0.6078553008115374,3.2694732081111413,0.22210166558675942,-3.510361265817618,-0.007853336564706659,2.053320339105455,-1.432979777244343,4.349894334286797,0.5743736233491925,-1.013793740969723,0.38684028511619456,clase_3
-4.550068408829998,1.2987820262910694,2.497912139430995,-0.05054238097709707,0.23194027066903833,1.818579122975467,1.9244653562725373,3.215736085937493,1.7059451822536,3.263612809809911,-0.03816958696642825,0.3986889704763059,clase_1
3.177722633474936,2.8170459754765744,1.1357179888816633,1.307042365738566,-4.309865193798047,-3.465676983182557,-2.6142341994919445,-5.038470999266549,0.20683583168295783,-1.5221049478619955,0.19462857791741106,1.676411287766594,clase_4
6.142202958126555,-1.8876640351756464,-0.7032425879091462,1.8983243195562223,0.080542432627706,-0.7785568491806409,-2.8594201327054938,-1.897713549648907,-1.7161748385681144,0.7675290842217943,-1.9921855663492136,1.468624684273648,clase_0
4.4399917224914205,-2.2762631923406027,1.5994577645009085,2.260618198685445,-1.401171375139288,0.8770572952201967,-0.5715156493845832,-0.949119707173757,-2.078547635165633,-0.7322402432600611,0.5727253193298222,-0.28306271941268146,clase_5
0.1313873072280526,0.4819898274647978,1.1838558373951678,0.13995069437019758,0.6656242277711162,0.6082804597210472,-0.6944333322725289,0.846441761711684,0.45828180708191935,0.6481017071415158,-0.8404347626697068,0.3535246302144457,clase_1
2.9401058095892885,0.8062404853382918,0.466212371743812,-0.7726712364469525,-3.425786909819066,-1.501515616618997,-2.9068419613885776,-3.635686520592655,-3.0583315060570886,-0.7058783290477018,-0.8871625883628546,-0.726441657534233,clase_4
-1.3140668675778753,-0.7891648863065746,-1.9331672172485592,-0.8485850762580991,0.13225569953775207,2.2534975766250174,2.8480815031126596,1.6184532571714192,0.4602133920057059,-1.7940120322544595,-1.4680216487673514,-0.41889699771398314,clase_0
-0.8329743574247527,2.4110747153509076,-0.9291994278660647,-2.820734955352341,-0.9009060350765083,0.05034494741484197,0.3711093802588729,0.689204295050751,-1.6756861344328053,-2.841555066838791,0.8372094867286812,-0.4031575903401467,clase_0
1.1299687381907586,0.5515530869800847,-2.03273580971162,1.998400454916935,1.4004432073881783,-1.0393887287162191,-2.162214899617125,-1.7630856105771082,1.679960846151612,3.2188443031288543,0.46032781838148307,1.4126688910374172,clase_4
5.953891282947566,-0.4185892602089285,-0.33153796589884177,0.1317348612546212,-0.1643800438149815,0.9089024028181569,-2.429803322472206,-0.5516440330969696,-1.3378874786554118,-2.0446976308709965,0.6232554234584727,1.5424867169216478,clase_1
4.762894452967021,-3.768656943603249,1.0022979896986526,2.26537262681285,-1.6696672522781981,-0.17853411701908373,-2.0898914369916106,-3.588089751817649,-0.028509824000349293,0.3482328247950004,-0.3538175262121811,-0.141316561399757,clase_5
6.175007372479069,2.342291967112951,-0.746234008503031,3.74905365483402,-0.882586284857771,1.4920509571094838,-3.937476188965425,-2.4463577149052185,-2.278936242174404,1.188058908665242,0.6985754808620198,0.5399768286715592,clase_0
-0.9279135194440531,-3.030575342895541,-0.2652423205163035,3.9660972299118447,-1.7308014037609476,-0.8798437997221855,4.347569145237502,-0.6288343957683723,1.4825201058089346,1.641760714863644,-1.56410176347928,0.9840590645849867,clase_2
6.920206811763276,-2.8737310786657693,1.131433928372431,3.7722789246227206,-0.8119324576386445,0.6735919638363366,-1.8285453655179897,-1.764966743637145,-0.6423780443707285,0.24451000527474515,-0.11151889650579287,1.5091265388656894,clase_0
-1.2853230479805626,1.737090342044691,-0.23246287368963914,1.1003053169858392,-0.6062105848311008,1.4842731032460896,2.021251271506988,1.6293558911805561,-1.5074371836818115,0.30835474033800137,-0.6581088093827662,-0.5015005777557713,clase_3
-6.286951391655374,2.6426558241140192,2.7689741253983824,1.9758631446364243,-0.012992995153697118,0.6200433544290763,-2.0578942143279257,-3.8191356195106647,3.697554089059518,2.1545218333286718,0.9023257611303859,-5.5179459649263505,clase_1
-0.9930540300669075,0.3283445461394279,-0.23761240776514525,1.9418488239487248,2.9796640402063534,-4.118270707723242,-3.5448157570901655,-4.1406909234969325,1.9234466357901518,0.8077443495593011,-0.60596298394751,-2.5016516228830854,clase_2
1.354660508485589,1.1932840886535918,-1.107172596780644,-0.6337188480323608,2.7076669761516223,0.9809904067114217,-0.8939305139549252,3.2201027873217267,-0.8380028804350392,1.6710520355227552,0.5690295372597589,2.225220901261431,clase_5
-3.60181512034782,-0.3406848933005274,0.4571265811161911,-3.7663563605527193,1.2179410183399138,-2.916779319901842,-0.6123511753462441,0.5639652146254402,-1.000204588533991,0.9073943300625384,0.7775497655241282,-1.1675102811896887,clase_3
-2.5963954995196676,-1.6311393458441101,-3.0252558376332344,0.3799827629135075,2.442407511515875,0.1690115631814718,1.5810044752239047,0.5192360935736308,0.48670831378394475,1.5373241724626923,-1.8316512287136264,-1.460061781909992,clase_0
3.2509150701087455,-1.5348597397292232,-3.7287494234226806,0.4851044914360342,0.533993458485079,-0.26306276705017173,-1.7149051734759775,-1.5570827283017281,1.9458654011742782,2.7758900789733847,1.5597419472839638,3.4423773250167145,clase_4
-0.15219144686938632,1.2663223561823724,0.17000335966258728,0.13879238026787277,-0.07632981555868035,0.36410136051088005,0.1090102103666235,0.1677063503043829,0.21272842143531134,-1.0524073957278874,0.36417006314241074,-0.1191146425729489,clase_4
-0.32975145418094504,2.4873703803196583,3.159202195811293,1.8657406985899856,-0.4631453923801565,1.8283283531452208,-3.839685942549405,-3.2869563486972946,1.090088804007497,-0.3773454715022626,-0.8250118984061866,-4.104578105493401,clase_1
2.626260870880838,-1.0709625432431564,-2.2122895371606726,-0.1571166999534176,2.630910611390253,0.12368794082917378,-0.5384532838627897,0.9097993950681538,-0.8860338280681472,-1.6453301489003378,1.5837175456395398,0.349488492774127,clase_3
-0.4237450710163433,1.301623291646012,-0.1181254952910763,-1.2568911856065608,-0.3201059141055247,-0.10453195918079072,0.43203627415262924,0.7836655769884222,-1.1539697442491796,-1.51073081851863,0.6745050331548218,-0.14197666019237476,clase_5
-0.8585602458574789,1.8980400768505263,-1.8270847055378623,1.992712898369205,-0.2397673483500513,3.718190879954096,2.444981690069186,3.2321733105625405,-4.3372145546523395,3.0726697709171766,1.077359809862273,-0.9271346416440512,clase_0
-3.0858070691701975,-2.570835605759851,-2.6797614957543368,-1.2768829466125018,1.9171448343399362,-1.2281122830621711,2.4057123800352906,-0.2768873629000713,2.6016021954043147,-1.8297862486063312,0.06978070221521851,-1.0539887053224297,clase_0
-9.257864831258088,-1.3521266871752209,1.3203615513795504,0.8628433678312102,-2.633432808261396,0.7722500102678005,4.947566647782977,0.40637934325037545,0.4379638977783226,5.786164234615716,1.4218930887043426,-3.3613218939371645,clase_0
-2.7993818315546872,-0.05151913046747436,-1.7642521381036542,-0.20390467552248254,0.9900297584232924,0.24075424459389067,-0.8935791667798645,-1.048566551990043,0.5713503338815794,3.471870453123051,0.6952675002522368,-1.6506970936715535,clase_5
1.7613523959706734,1.0432727571595712,-0.6940254694261287,0.3913960752703504,1.9594328143989517,-0.5244977238845653,-0.5097245967252704,1.400620801628408,-2.247883697668745,-1.1505384945469734,1.5461085604314098,0.08009482379203448,clase_0
0.007841667641194594,3.6727310161229,2.4344934893651464,0.8147445172586797,0.2242960696018439,0.6822807518387278,-1.2700044060500904,0.5140741362952943,-0.5721949601550524,-1.6687483577036037,-0.12277142568681056,-1.0848636347951635,clase_1
2.5722496417145875,-0.1053029635770123,3.558955359082945,-0.7880971786403468,1.009098164994809,-0.5516349869053554,-1.9164121320130632,1.463837777985215,0.39950796137577493,-1.2976995167666534,0.7031563164196175,1.7074151102413713,clase_3
-6.366773244314849,3.5704667789361197,2.6807977933205525,-4.291929538533609,1.1604804855944515,1.2540619624490894,2.947407579950272,7.07779304643944,1.8416411252373939,1.6151360742439382,1.6955158192498565,2.9224433895840516,clase_1
1.0165751340898792,1.909110990833874,-1.2933940919201943,1.9116334816982985,3.753985657768207,1.720491751514486,-1.0245548895446814,2.5862904743104997,1.7308351012020802,2.455264714379622,-1.4896096123510028,2.247231236008216,clase_4
-9.344178672772506,0.0980678648571599,2.162095325517715,0.027212610160189055,4.06390556453221,0.05861323443846178,6.690303445674619,6.90925515593682,-0.41425347946852614,0.609683337370679,0.15552503758365635,-2.963824352161083,clase_2
-6.851379627342746,3.14038623933087,-0.5427349623739981,-0.4185946004502032,0.9582765922221663,1.2109393558066526,0.5154245051303641,0.7384641499231681,1.6953015812448178,3.962507065360863,-1.0783641637948653,-2.10839965573291,clase_4
-5.077698658366172,-0.8524913921058153,2.816843886812963,0.9283279683413097,0.7770519354776945,-2.777073832074608,3.5266930101666922,2.4588106394870737,1.9880792541736387,2.749308268643209,0.7179313858226648,1.1160078447661954,clase_2
-6.224001008686752,2.889413858041003,-0.5265523169076858,1.6527033452856512,2.18607463397912,-2.7160082631664775,3.1103041403038274,0.8813322835573489,2.8781834802843367,-0.13335522326303884,-2.5258316858046084,-0.7072615206861856,clase_2
1.8846029450836281,-1.0844245203558716,-3.432296537181342,-1.0479521595502252,-0.0399993135293214,0.31364538676225734,-1.1455497904757272,0.15822530604912116,-1.430555105529095,4.133375188766926,-0.39669617996520684,2.399031366361479,clase_2
-3.3952379002763555,4.03137401443755,0.567046975525183,-1.7044766466190173,-0.45132784418029703,0.6495389607364431,0.1891315229813859,1.439639756273947,-0.12843067543091635,0.3515264496479805,-0.3690001892515323,-0.3190709881625855,clase_4
-4.112083628391206,0.09924309887799165,-2.390986192005986,-4.292166666648886,-1.2370057896753919,-2.5378579104608097,1.7332373868526894,0.059498095864818655,-1.3075372203026294,0.2788221843809086,-2.01149132546182,-0.15859449315582064,clase_3
-2.663805641621175,0.3554742655803667,-2.4921389142503223,-2.649441337080665,-0.038512162137292805,3.2869618230311053,-4.452781713850217,-3.8033635192168957,3.5925753223577406,3.7594530926940193,1.508336098057729,-2.584454555425255,clase_1
1.5792397423058457,-1.2077728843438247,1.8711716880609177,-2.385899622145838,0.7032239566604352,0.2812626616744347,-0.9675848025360374,2.6850940615498464,-1.618568501309522,0.7731023114196489,-0.89961865754579,1.5962518514565762,clase_2
-3.872945054539879,1.0698865242988758,-1.3169406844860139,-0.10445620486515728,1.3684237694406165,-5.669617527439614,0.40477818967895907,-2.664261754531791,0.8133055769221478,-1.6543817555429081,-1.181190940595717,-2.01816216510422,clase_0
6.905273863707442,-1.413864922271267,1.3625826607621605,-0.0431283862102515,-1.7873347297308217,-0.7517154277177203,-2.0323708124614033,-0.6962872511133533,-0.3000976525697916,-1.6462875132707289,0.8930559267110364,4.134807997499118,clase_3
-3.61447266685049,3.270046851673132,-3.104841147918995,0.45007103310629604,2.156310303524826,-2.8403508130936457,0.005744198854486626,-1.1397471008561297,-2.7169505076241904,-0.402603869651294,-0.36146432916346183,-3.70210525880295,clase_0
3.7602755717608356,-0.6766583760935154,-1.7555246880879631,-0.15707711908523825,1.6531152490298278,-0.5758340051470828,-1.8805529876187002,-1.1452432953536826,0.21642820510606497,-2.99531967076732,0.4925234462063564,0.4602057912037737,clase_3
2.2669958915768746,-3.1717996982757812,3.5111258307181012,1.3920559935284742,0.456054163381329,4.842405919774925,3.0929568732180863,4.180650033892627,0.5459148325254066,-3.1201661327407395,0.4436757268881162,0.15570118131833544,clase_4
4.438004066884062,2.11980512602425,-2.1901340062072823,1.023224591937564,-0.8957527839223012,-0.9278662811465606,-3.1548983953993384,-2.6923483719112697,-0.12277932889034104,0.16298871818631655,-0.41205226978492193,2.3579522207703363,clase_4
-2.080260483156504,0.21038651264797797,-4.597542728285758,0.3223063893366014,1.7617518074857286,-1.6851117036741383,0.30240570183769805,-1.7168321780446367,-0.749359871438533,0.6549001871632469,0.943768784799322,-2.0637068343460365,clase_0
1.6452141210176936,-3.9662567864744993,2.3169104970342946,0.44428189001627777,3.7881866821637953,1.988201370883946,-3.2606713571340817,0.7734621588029226,-0.12186414384614397,2.647876468599125,-1.2265605799019654,-2.2777848120896573,clase_4
0.3052164591764111,0.42092608955039323,3.5514626180575792,2.120123217560582,-1.1007820808826079,2.6359121860822547,0.9743033912125771,2.2198550168998725,1.093617309880147,2.0708132483102357,-1.2561552745073867,1.6023400725978745,clase_0
3.2024659215830265,1.9670366071488712,-2.2947765792434174,-1.9350459231024317,2.183083818884911,1.603027343067619,-3.6880509249416162,0.5946544133099656,-2.3194109089597816,-0.7444657764744547,2.7431128724637457,-0.13079004843175757,clase_2
0.7228464234402888,-0.5150418357087536,-2.2991595887164227,0.6180429656602526,0.2653065389243924,0.24268243263643835,-0.05873905429987414,-0.6710286822324851,1.9910858959568358,1.4721939847003354,0.04290732616769143,1.854105744589681,clase_4
1.1177634108830294,-0.663811173124615,1.0122744649584297,-1.5349551252677964,-0.34486095636259284,2.1564446261575236,0.951893202308645,3.2647380851900363,-1.4646465006599325,0.2557335640287907,0.5438066538881178,1.6009255552010027,clase_2
-2.0578529625264643,1.89108931021184,-2.7565102689578076,-0.9913201330892404,1.784228666118962,0.9187912890046789,-0.02766767475502141,0.7837989678703211,-1.106344855100144,0.1443823830686224,1.6462833835839772,-1.7210275769637917,clase_0
0.9414864988330126,-1.5456626412131191,3.7476289770113063,2.816771106612223,2.2637534819619596,-1.0267449523628818,-0.37413157078341963,0.7994017229267647,2.4187044152859025,0.2632691598236239,-0.795175012413834,0.682441723225334,clase_0
4.547617126979656,-1.2393163601219062,-5.112895798667772,-1.4900595805635561,-0.09514605326086945,-1.7683142363748827,-4.888135027328821,-7.121858596129763,1.9594657494852417,-3.7626424285559565,0.6101335450879344,-0.8880948205038918,clase_0
-1.6998474819710991,-0.16759221242483435,0.44442214298917304,3.228289761860223,-4.646853087095543,-0.5741906712767191,2.2141093563537915,-3.8439454979931442,-0.4579630182751382,0.5826667267263828,-0.1698932016675959,-2.227546504336442,clase_2
-5.032444350304523,0.626760168047823,2.6411933121974203,1.2678986461389246,0.2054337882431514,0.4668124391656572,2.599586664492419,3.860608749050672,-1.2271580987798134,6.498798402688636,-2.1772360688967356,0.12699513930085882,clase_0
-0.7770924134844075,-0.3680015106299398,2.3849587505036753,-2.2336024308603477,-0.44747368472104365,0.29828154431047516,-0.08364108740870457,0.8702350500803387,0.29601637682746573,-1.6800448559738028,1.2103238499415532,-0.4223572628606158,clase_5
1.6910720638279635,-0.7191053295991322,0.231748001302444,0.9054730623380922,-0.9314814301572589,0.8645238448995403,-1.3056250500276354,-1.3986427494600253,-0.25527695222147884,1.091052924878014,0.3705020108280917,-0.2463618249112985,clase_5
1.328347344962985,0.24080569726352896,-1.5073783406762482,2.5918034316892005,-2.574038491587973,3.435190330270867,-1.0850358483389555,-2.5086503025313744,-2.213994641346095,3.16887983357287,-1.243358737609354,-2.226991146596431,clase_0
-0.389729188909916,-3.7195541927620326,-2.7533595983420884,0.24806609495495402,-0.05213951761271318,0.19471759688697354,1.355030471498995,-1.4417766344592415,0.9565566642958332,0.9939921681509404,0.8488054577314491,-0.5933147124627937,clase_0
-3.64156468798802,-0.5493565299519738,1.4128921744005827,1.7427831772289915,1.5258863547568318,2.38149756542542,-1.6402092022510009,-0.40669318511952446,1.484042474703422,6.1752259211770175,0.5929508094251296,-2.948501055399891,clase_1
1.844943756096002,0.566927008006231,1.3964232315240996,-0.34809019241581196,1.2827739334592756,0.45052088728335377,0.690038101820114,4.230676527499002,-0.3182239571136851,0.534494235591007,-0.34026967795417,3.8104466961706427,clase_4
-3.4079971032352305,-3.713262019359929,-5.690786995988254,0.13684941859833688,3.9055600209495607,0.028922849109250248,2.0288479716422483,-0.8913343993028982,3.145576510285866,0.6338660156335614,1.2776333498078092,-2.1225162423618102,clase_0
1.4260958716687313,0.09461306184811258,-0.24778020951229962,1.248186274607348,0.12881227784959337,0.607208127729674,-0.8614234355697118,-0.939828969894351,1.1711917163457612,-0.05516540503781864,1.0925254146784196,0.3900142585581514,clase_1
3.9670274957277774,-1.485009512547003,-1.3931246758870115,-2.6178307381967354,-2.3817561500475852,1.7235699660097192,-2.6084262609871756,-2.12084770336796,-2.191093025921096,-1.073088388810114,-0.5891435454843897,-0.26411343517170116,clase_4
-2.683598745758453,4.811436054687931,0.9636018701509985,-0.10907849828948668,1.2858690708907763,-0.06616439758277004,0.26898777055491463,2.926096452991474,-1.752921931492614,0.7847055024075977,1.1629808803918416,-0.2156922853332255,clase_3
1.493265175399166,1.5827543299512294,-0.30348291517063686,1.657511836537809,1.0940735471882623,-1.2645111823452841,0.2143889105294109,0.9591887642144622,-1.926739343495013,-0.7802048220566857,-1.50807587980101,0.6030533887206015,clase_1
-0.4210328418255856,-0.46457788337765704,-1.0578055048324366,-3.9993251629491304,2.1307501592040587,8.045722572854707,2.731706700222478,7.972705301101458,2.609777456075611,0.0962135850148429,-0.9833767229486798,3.7349322543348373,clase_4
2.5978685713120844,-2.6191399093124845,-1.8302181123872276,0.9720702201653032,0.6021347942112361,0.9559578880874064,0.11685270644383927,0.6419990482313451,-0.7030630363880341,2.437636643121542,-0.8708988204679343,1.649774531154067,clase_1
2.661119178200328,-1.7841011409628227,-3.816277914898036,1.3740153211263404,-1.6200942114152512,3.824413657977571,1.1614474312077065,-1.01548887297361,2.916169529455791,0.7844439864378088,1.3964657004557333,2.497518990377644,clase_4
0.4052623916202559,0.7795872344866548,2.265152861842253,-1.109317143423809,-1.6131946434099733,0.3168815999679666,-0.48667420267368233,1.2255870248931706,-0.7133931901149488,1.4329925092802747,0.2651070945122431,1.7164123521368648,clase_5
4.132883904047768,0.7197894505481461,2.0879443867840983,-0.928363443149844,0.5178531988767964,2.6975797523971106,-2.2373109234688284,2.1860289783765197,-0.8856929447439605,-1.2689830243034126,-1.6056334030627877,1.584697740005857,clase_1
3.313872636162915,-3.4919113696000856,0.1386413282290091,1.8783544977798365,-0.46599370271034013,-1.6948777280766913,-0.6871520953018083,-1.62911903897856,-0.6571557016899494,1.7416588636064658,1.7219642881321755,1.1748940488180992,clase_0
-4.646209023097308,-2.1751348810902025,2.815437627902867,0.6664682946362572,-0.7888497879723029,0.9547144729093674,3.2880205208590567,1.0935343733353116,3.2121648079572056,1.6617331122374057,-0.6442029983199388,-0.7307995626753423,clase_3
2.3352640323722054,-1.4941698348029364,2.8133857649244822,2.9009900598662117,-1.565950336256787,-0.2495765797594503,-2.2845822286055766,-3.9652830474605874,1.2409009309312538,-0.25251640081925314,-0.9234004725250807,-1.6540324357548302,clase_5
1.781958637963081,1.9677782657991842,0.4300531021443377,-2.443662425666022,1.5201186694322986,1.8572330427923398,-2.317337061850438,0.587059254754246,0.17985375271370785,-4.95278120542947,0.4634603556662172,-1.0978608639565377,clase_0
2.2147387368029716,-0.6371104488467146,-1.4144054122612333,-0.5459831534568249,4.042661896298071,-2.0404736664197394,-1.565442752087897,0.9832342796563049,-1.378102105302667,-1.6871472355845674,-0.37440044799890676,0.06177449405929114,clase_3
1.241141405937217,2.1643072245106367,2.287844307112027,-2.490476924463745,-1.7716907490761835,-2.0930831864739714,-0.8994686360004442,-0.16559001961346745,-1.387226881325189,-4.198721339995214,-0.5690613908465737,0.7122532501252024,clase_0
-1.3783893897178012,0.915027949788965,1.5915186034716775,-0.31800716953391606,0.025911282627039234,0.6887552640191158,0.6250916191919864,2.0060327852906004,1.0821038043371949,1.548904841841737,-0.7098426594447239,1.4520269319303776,clase_1
2.1056246011970603,-1.149527411255166,1.3919660991848746,1.2967035852075819,0.6047300352896892,-0.7735127646244686,-0.06217023208733141,0.8377520326273715,0.5062559805154363,0.4879805027216211,1.9373842411793845,2.016198111444213,clase_3
0.40997802343580153,-0.3913748498073386,-1.2190609985005716,0.12200994668521603,0.1569357633770162,0.7656295648333327,-1.6800045415214004,-0.8154079250971031,-0.9821413901584168,3.178104436194297,0.8572915041230154,-0.4827064647797228,clase_0
5.620247961832919,-1.1065539808251035,2.372843988203517,-0.49611497062103016,0.5696255236790121,-1.1508804555459782,-3.229630773311035,-0.4428137776987847,0.664541362433114,-2.3224979752300117,1.2330391334509456,2.5914768142954756,clase_1
3.6432067444659078,4.444046392716013,0.9559939605814955,-0.4186083968840234,1.3761769250385902,4.028438728248209,-4.1354254559941594,1.9768866340808748,-3.509945162003249,-0.7580632352818087,-0.17059266479006882,-0.9365222738268963,clase_0
-0.5189211795494769,-0.38282002542314436,3.104212194748242,1.2418394349686945,2.8753992722832553,-1.3842439961846416,-0.5773677334858791,1.480610760980587,1.8564401600912948,0.3685553795678058,0.6209975658727354,0.3720575013751477,clase_2
2.3066777918172567,-2.368468722669423,-2.2536036510854816,-1.4647052843605144,1.5527137940539666,-1.43402479693364,-2.280104278545293,-2.0130976319284772,0.5707181017304529,-0.986985926531911,-2.217283710253568,0.048821127404927056,clase_0
1.0695963062982192,-1.5694764026646888,-1.2411351891841118,1.3299377472236897,0.016727074197151914,1.8418813436455121,1.127302186348726,-0.33991359508054886,0.13960962442156089,-1.2014796781996069,-2.016294310423165,-0.9519372237434132,clase_0
-1.3311641346945093,2.2060333082089727,0.9326010099407536,-0.8464318872972081,2.7576677533968432,3.223401607915732,-0.24197712652693398,3.4910765217982713,1.4410626511978666,-0.5356716104780705,0.041385762307114264,-0.11042753608469669,clase_3
-4.124158694443397,-0.9512095624784462,-0.117462443682682,1.0363056983004726,-2.949346034738417,-3.561684298115928,1.9882081124806612,-4.452071440262641,-0.0015880355814105185,-0.5205116995885629,-0.5886925246919921,-3.4854849070641762,clase_3
0.02115821275131998,-0.43566847647796036,-2.2477693823694977,-1.967566073571705,0.9461518310066466,-2.3264014672108866,-0.9804412196723601,-0.9601652408508283,0.5019235451797784,-0.15802805449293278,1.7582721578752782,0.9460404556142217,clase_1
-2.8292287912708334,0.5686131875080389,1.541231690709524,1.0820476367478982,-1.4872783227260984,-1.0365060244367852,0.5109097405198502,-1.1965580367788395,1.7339710865423807,2.5372054529399617,1.6100761231896492,-0.0679596816916197,clase_2
-5.153749604256056,-0.7964665903036168,-1.7443959187090476,-1.1000003450806208,2.3865061759140827,-0.7421991066340123,2.48213991251352,2.10633453138035,1.6914172346895961,2.5539201616434433,0.44024803021039804,-0.10259143698259299,clase_1
-4.974887182738955,1.2407302767852468,1.7827567143732626,-4.478310727517011,-3.0506739430475873,-1.3049136260455347,2.7401010320701804,4.040999997979449,-1.3550591640475236,4.9885946805162185,-0.6945031613848099,3.698449463035587,clase_5
-2.574215981081254,-2.798157761719355,-1.212632458803022,-0.10208885527607925,0.2834646423686349,-0.8025776722694935,2.602916472638846,0.5719548630344622,-1.3660581200902444,1.5666397846276943,-1.003433810758229,-1.4699922411204949,clase_2
2.442583065368447,-3.2391428429082527,-1.1275877016930622,0.20513171058405721,2.7787069594906404,-2.0654440073613936,-1.7732578105869559,-2.152699483695442,0.5892153911260984,-2.6479888987683777,0.028872480174467825,-1.4779200933244785,clase_5
6.433853721589392,-4.711232786283727,0.4452077924458957,0.8031862321722623,-1.1549283453223058,2.186345916432245,-2.095981733005686,-2.2144436856022427,-1.248075571168064,-1.6783277402830827,-0.7253400408147569,-0.6634510497434278,clase_5
-0.47743762296949205,0.08663781205591325,2.930208621874618,-0.1197525051753563,1.5642899869959248,-0.46411236585336724,-0.13274570820149456,2.1639033787479707,1.6663643041786556,0.2957855648662171,0.06875005676357226,1.4164144488437902,clase_1
-0.6002639089907916,0.8548079085691804,-1.9994697220749948,-0.4578243004177895,0.0385249827577131,3.087821224514987,-0.41427970727240654,0.7604578635380683,-0.9002195362856769,2.5057372919030128,-1.336331889215445,-0.5801587225476046,clase_4
-5.7273955508587955,0.13026477485747356,-0.362456378380555,-2.9240730630796374,2.667871338475825,-1.9674077218347878,2.8750692184164484,3.273073312085389,1.7360831628145998,-0.202796553019567,-0.8561008274372305,0.2984068341999816,clase_1
0.8487421900260498,-1.9465585423490492,0.47804334486658917,1.9021785424148525,0.252697321444082,-1.4196001768571658,-0.24289791187250698,-1.576081409151486,0.8811273694363899,0.6833438325999106,-1.4749506797103382,-0.11049785987222327,clase_2
0.22292904190882182,2.6778526544170482,-1.151404297689938,-0.9282859605309308,-2.8377317865906697,-0.16267534227648395,-1.9386085438820404,-3.577783461616436,1.884060239881538,-0.8974570523388381,-1.0627002755278991,0.4982846806578226,clase_4
-9.431151860207144,1.8125692083925775,-0.32634980579601847,1.2916856516885489,4.684680037324059,1.4340061945609879,3.9506657384653128,5.493677337649762,4.261641302308257,6.794949711700575,-1.3055124375829716,0.3511106060060958,clase_4
-0.7393023583827258,1.690958687559276,0.2539542443451548,-0.4917717135092242,-1.2192510927952727,1.8121801818830916,0.2130881331086572,1.209939274740576,0.11694570794630477,1.8601926919497227,0.536824683955676,1.215358927228532,clase_1
5.605477969047397,-2.785052076967995,-3.025281444264559,0.23924564412872934,-0.05089825649359203,-3.2769059473938356,-3.9103927293438803,-5.173643153541737,-0.11602064760672648,-0.7134268842400235,2.6646144920014345,0.9016861409354922,clase_0
7.098299961186967,-2.7522082396334344,-1.46559962657207,-0.06464445325766122,0.6090543212477932,3.388921672287249,-4.269734991065345,0.05675238286834495,0.13089606378848417,3.991855749163765,2.1157708095629846,3.706050561469092,clase_5
-0.9860363345782172,-1.8451277503044963,-0.3804665309050673,1.4518775384560314,-2.2754128914295677,-1.0525373906338227,0.6004126348098942,-3.4777758991109904,1.5891785369553115,1.0842560408869033,-0.07347305456421788,-0.8893903683362347,clase_0
0.23833775206227192,1.9855997038786046,-1.249290713631428,0.8547676382443989,-0.6523460887006121,-0.4334796445948037,-1.4584445945239146,-2.25297354678222,1.1910166657916017,0.5055263071576434,0.047888782675214944,0.2576791136589873,clase_5
-2.5727206513709198,3.7636140651008407,-0.21023269018520163,3.2518410504196495,2.046550081996144,0.5583258279575727,3.1944592150011877,3.377267976648635,-0.06751169741992535,-0.033812749438867806,1.232918586677483,0.19827171819372036,clase_1
-0.037243915790051506,2.1339699426075516,1.658624360544125,-0.06535992975418259,-2.456923892506544,0.7688808026893331,-0.6634056772595534,-1.2874143067483221,-1.8790016000990084,-1.7106312339266136,-0.40901784781493944,-2.077028354386888,clase_2
-2.9187715339996423,0.5382996893171217,-0.7369652086445919,-0.3843838428715054,-0.2361350847233834,0.6094281581665997,3.7386639269467654,2.4041147913441208,1.125219095677682,-0.48238369765814637,0.36471177320848547,1.0592565540933327,clase_2
5.201917722742768,-2.7481813340273478,-0.6193738469548744,2.5217106809978387,3.4844307818686664,1.7979698930934893,1.5689165183557814,2.388698780784377,1.0017561361025178,-5.2602317772182285,-1.1722824969029528,1.1954407574881134,clase_3
-4.380178259292477,-0.9271061132647751,1.728906265120272,0.5513090124344332,1.187595994770489,-1.1990868343660332,2.4547953972975574,0.775703494206622,1.376456262489847,-0.45615175755113674,0.7148166884800725,-2.1345022437217933,clase_3
-1.5154783898612512,-1.895986128613578,-1.5530250564992965,-1.834026652506699,-3.0190679198772115,-2.107015716663274,0.9317887949806558,-2.2080241600641095,-2.6156850308127835,1.4154266248815035,0.2862782230818843,-1.1027011043900434,clase_2
-9.429875098344446,1.6043428407168017,-0.5270876818020216,0.3970265092085243,-3.040309474320095,-1.4347183384202347,2.6060013667929782,-3.382779406000335,2.601471802379234,3.7410336095827814,0.6518415719803556,-3.5606665784728673,clase_2
1.9011865532970653,-0.4588879233375963,1.8958756332390347,-1.1279997182633925,4.4291827789267355,-0.19037344799083722,-0.8377810522051863,4.28293868207684,-0.023020386082836852,-1.5284487476687778,0.2906664931130496,1.7384485317143004,clase_2
-2.258711281052961,3.5317254386630825,1.2365290679119028,-2.4548661987951332,5.87253848741214,-1.978626420479293,1.2342788901477102,7.92887556437612,-1.4132786886492763,-0.39928282935347853,-0.6757180024155319,2.897730007608428,clase_5
5.55849938836755,-1.00065343410013,4.271914818191935,2.738429281218827,-0.8374911714316375,0.13859719513937052,0.2722888810711802,1.8896258193154347,-2.001766985345956,-1.906339163059023,1.4554094821720291,2.288950701409984,clase_1
2.9225199265406108,-2.518125143359006,-0.6849287018897602,-2.1914769281925133,-4.11961462132586,1.0175066791883958,-2.8392120541567065,-4.40634423488466,1.5068492911080615,0.7934349180263246,0.12255515695077152,0.9794000705925427,clase_5
1.8118770475761508,-1.4060754277331196,0.4164100799983532,2.1411804147400657,-0.13926806394185798,2.693439156011962,0.0939668074937492,0.5741540445962523,-0.553407430049405,1.813900525296418,-1.3507974226106847,-0.1260779919620032,clase_0
3.1860187356284175,1.852151514906024,-4.704925789589526,0.5275159804462919,1.0868623663335346,-2.7421351789487387,0.04696242762097602,-0.5205173535967066,-4.197740442917198,-2.8917167286071264,0.10643541643128884,0.47858295971762066,clase_3
-1.8099117909205684,0.4460309317535869,2.3037810403538996,1.8339341930874709,-0.9496883568878876,-1.6307997054071437,0.8989024486339119,-1.3613258534775061,1.3828961677238334,-0.6549592427708473,-1.086109686325625,-1.0105445854342454,clase_3
1.5296157878486276,-0.3953762225756201,-0.440401132025903,2.0162262365733348,-1.7997934335672172,-4.15752796189308,-0.612683613160229,-3.3523223737002272,-1.790415978812631,0.8892516738817386,1.0967242076292842,0.23571435446546046,clase_3
-7.763896260902008,-1.91152431832648,-0.46697079443148803,1.861724145499725,0.5801633962759971,-1.7046563544139708,4.8192770419815405,0.5028030113887448,-1.1581199941605518,3.466547127309213,-1.473280172893692,-4.227298646362379,clase_2
-5.039608856499938,-1.605036339676072,-4.342166437607449,-1.8746698591905246,2.2469302881794286,-0.9600046788629182,3.1493290907158284,-0.8882519119509782,4.097962572297209,-3.3497592752475285,2.5893897173890488,-1.9967166719831355,clase_0
3.0885667013665588,-2.583248858795737,-0.818140746882064,0.8784175986687155,0.8034305024066808,1.7352125118834336,-3.0643955610355915,-4.153685982859342,1.7457689102742486,-2.9814637357397675,1.4639007861743227,-3.2491796387006913,clase_5
0.8612114488448311,2.5082927345131054,-0.40575220766790887,-0.7869124925894866,-1.8054667850819899,0.5800723797546447,-2.649039963335964,-2.4591145845296647,0.9948532043149731,-0.05214651700606021,1.0958734549768259,0.30908615733671774,clase_4
-2.523914444713335,3.6292121272903897,-1.2614466764611094,-1.2212056546039827,-1.784548411008744,0.26699752318520803,-0.8456672126201475,-1.5487878566546551,-0.6815112510853463,0.6221740221217762,-1.4485309420337003,-1.3900302583791466,clase_4
0.5189140874138979,3.0193977310111073,-1.6645365106321413,-2.534468236162484,0.5766005992003966,3.8724213633165956,-0.2485491913188933,2.901151676313221,2.052851062486621,-1.0463092028681853,0.34253098972959317,2.8359467664159226,clase_4
-1.6352752468471632,0.5599159625759416,-0.2699822838142061,-1.5252223709986268,1.932630964162942,2.3696438016229635,0.9387811653735008,2.6709471962051117,-0.052303486884417216,-1.561450123405998,0.05042676413944306,-1.265116546004041,clase_0
-6.66286518150708,3.1604897433757646,-3.61785730054026,-1.7196859129586148,1.8824583659917256,-2.1196918198922194,2.2809143724869694,-0.07426985331008226,0.3531049651207565,-1.9370398920571126,0.40741803465197535,-2.9977953883020945,clase_0
3.4187283497940606,0.7467111672964841,2.5304073576755783,2.4618215227128415,0.47490906754855033,1.6189507103973788,-2.794409694605645,0.05621365467567597,0.6090968889927019,1.7565504269900991,0.2563609837384655,1.1873309450735834,clase_0
5.92589016262151,-1.1327679735317697,-1.0986630044255796,2.758410727475118,1.6345542917945077,4.537087254863577,0.2580835755821764,2.7692765603148226,-1.0347485868498754,-0.8577750855520783,-0.4700451851548686,1.868458679457368,clase_3
4.615377124667389,-0.34179745950945045,-0.14649336438044547,-0.6121541145392346,-1.4739688889497389,2.7245193281091513,-1.4366383373818514,0.4544936493677491,-0.07097442498195483,-0.2002617215850847,1.3344823507435037,2.771697905688079,clase_2
2.2588474860396808,-2.042233691549211,-1.6561512495166362,1.465793115484424,-0.33022605334028454,4.3010491145622085,1.8467083378929907,0.9250650324860216,1.9361145490701175,-0.7846942334957188,0.4265392900265429,1.1958070375515488,clase_4
1.1504439062267715,-0.22452181864266763,-0.7083895117146224,-2.7386529683368535,0.8531530892260678,-0.36975255352735803,-2.9823475207225787,-1.285859103309095,1.7181289534228197,-0.8192692810819391,-0.6161001532392837,0.6369721352125408,clase_1
0.04137704645296285,-1.3151538613263776,-1.0692332194004854,-0.39901138545164744,1.6828683050924678,-0.8931502992565192,0.3633880153370927,0.18295996533250816,0.4315578045561351,-1.2400261236207615,-2.0471668851634712,-0.23997169086164782,clase_1
-0.3359730123253505,3.2629143666348,-3.424671133107693,-0.5715522419801167,1.190344000951049,0.2561479748868751,-1.9330095009662756,-0.5063667723788845,1.5762411315268707,1.920340591218455,-0.6205408754456606,1.6685286816787217,clase_4
3.4857204164714495,0.5266377704854732,1.910452561129307,1.3136766180302784,-0.9910470058244076,1.3075375850613713,-3.516418614273972,-1.9368602576686316,-1.2848742663043564,0.485348699352484,-1.366246629397111,-0.9636099359859678,clase_1
-3.1032637147689828,0.372404748858285,-4.186889667302289,-0.9609584126206747,-1.7064148112538986,0.4777008310222951,4.311008927925785,0.6122767543974879,-1.270208447783547,-0.5962888585932161,0.25292720421312587,-0.4019669920951325,clase_0
6.909310434812032,0.5628255895390089,0.20886168372075675,0.04806235072437681,-2.7860459596537464,-1.1312218859441772,-1.4752908325585463,-1.1861867304704643,-0.9977881650338982,-3.094040047658698,-1.9327341425689386,4.257851099969793,clase_4
-0.46786814451823744,-0.7725080128410848,1.6191658999291285,0.7197390246981105,-0.640846714469222,0.18409046075330182,-1.2694175225316098,-0.9744569837658834,0.7725660830592165,3.1391590074168025,0.30274379250504235,-0.17699165495550617,clase_0
2.019092058351432,-1.7595524371941085,-1.7914615498366222,1.1636142514287156,-2.9647993791204703,2.428429999971131,2.447694915681356,-1.1987144015588747,1.7046937444932586,-1.934956856387352,-0.7161945136133265,1.3253459143290254,clase_4
-2.3632991463945494,0.27052136372080804,0.2883490693944952,-3.26434347322639,-3.0441328206810283,-0.3955843044038685,0.4664682229720747,0.03752089315396613,0.6097799816060934,2.4260452092114253,-1.4012540141997682,1.9205294033297335,clase_5
-1.577849994740165,1.212354267909698,-0.13536648566075737,0.350612144151327,1.7657908017694566,-0.8363800542125505,-0.5956483692421404,-0.27570315668709405,1.2008389156896015,-0.22638775201899808,-0.20315636633378117,-0.9356126061334009,clase_2
-2.3989958650871683,-1.3044657695082398,2.2795525737351134,1.7216596702845663,1.3361838214111734,-1.955961413604149,2.679348306984159,1.7136919994819118,2.5708371716466365,0.5942888240488032,-1.00920315243739,1.1718512168926916,clase_3
-1.0207747663603375,0.9423148305023327,0.45911301696414253,-1.6224610004514424,0.5992752784431242,1.9170010932515993,-1.0025035099134196,1.1660171276093245,0.6152302925638763,0.8214723707525264,-0.20110779528942632,-0.1965151532888163,clase_1
2.9307878411945136,-0.6372316030717675,2.9775349085915765,3.773893705352017,-0.22065876082015767,0.6544518930003966,-1.2463562398284493,-0.7640591110416801,-0.02126242011300794,0.9031205791283896,0.8174849807703192,-0.10599031873220288,clase_5
3.724868638583755,-2.8004038228205665,0.782572277723019,3.4218763588954992,0.09899042603317387,2.1252795048109743,3.171394448486211,1.2964038676950926,3.713083377674401,-3.6512836602502263,-0.4706731449821802,2.8351672272585455,clase_3
-2.261663622171068,1.4506960724093947,0.38699031114459226,-2.3791405612806926,-2.0644300979293195,2.659158341405942,3.4378460743991743,3.7593634671168896,-1.5098322632089158,-0.757011230830661,-2.3480683971008265,0.853969348497325,clase_0
0.5042885861619437,0.1798584236847156,1.6933203535883328,0.703876082939074,-0.9253899585175542,0.5033092645608519,-0.18289173315132956,-0.38848082069838086,-0.27378969884929394,-0.7188291224873008,-1.2035668962288326,-0.6846435794996866,clase_3
-4.31130502621604,4.3602870170761525,1.382486235164466,1.100287910679095,-0.14181909042828733,-2.433121263714063,0.1975332533333437,-0.21946497118968458,1.8478596540844383,2.1029834962031573,1.4589798168318389,0.4725432184997614,clase_3
-1.3310618770305855,0.3845750884286805,-2.582901375287294,0.39998162313174074,-0.26262675854746226,-2.152588192452181,0.4072843227750784,-3.438090356516933,2.2527099564870694,-2.5145652708842787,1.4147438193598127,-1.1404630330859755,clase_0
-1.7614166222265861,1.335235232005348,2.4183495207607733,-0.23817444599448023,0.48107786924358953,-0.473756186610119,-2.215573558484265,-0.5735762456348518,0.23048030061164276,1.8516869218778267,-0.22909010338315364,-1.4867513310182427,clase_3
0.7793774991099919,3.041312441802102,-1.28666757815615,-0.8120106906866608,-2.523469441423814,-1.3655737341438428,-1.888693577250544,-2.859968545550589,-1.3268513001579916,-0.6488352932659831,1.5328131323234198,0.017109647102880654,clase_4
8.893977914339793,-1.6714382172980686,-0.9235189231112202,2.2925784246017207,3.299317009077395,1.8477225266502095,-0.7705325887498211,3.62101440421381,-1.9409726523915396,-2.1261189615325673,0.8524412648213425,4.090752480671537,clase_3
-0.08532925260509529,1.225053857411276,-3.942744420477678,-2.288002268012848,0.7564413672820343,2.9606116164386913,-2.517217884167292,-0.7468025171029227,1.513995718693348,2.0282775004869924,-1.5028017113050698,0.3078246224860305,clase_4
-0.7203671986714951,-0.28531876751416596,1.4133852339926667,-1.883877585248764,-1.133474948239383,1.3988513037242298,1.9460314953392608,2.058488796022804,-0.3212005859861251,-2.2711586247379314,2.5197076456453744,0.17962989595408096,clase_2
-6.966737959376027,-0.3065044996909383,-2.108167307853915,-0.7089511175538267,0.2901710787632994,-2.676634235164496,2.3989737203831156,-0.8594029548427069,-0.9837162713820682,2.9511102108456964,0.28347660401898234,-3.2677249913354967,clase_2
-0.7621554393896138,-0.027967104790672992,-0.5517943641487104,0.37877878801078424,-1.9215715577985264,1.3275347588335797,0.679737593290066,-0.7431333568157084,-0.6930316638342817,1.3897081325911969,-0.4926548532134034,-0.7510175512558341,clase_4
0.37314086890846676,-0.9942359566535359,1.2788231896914481,-0.32891875269966286,1.95606893700163,-3.1326222157996106,-4.509039019958172,-2.4258881434968202,0.7503210885374405,3.2018484870101043,-1.217671377606484,-0.472081776974032,clase_0
2.5393567547276907,0.21452285639590263,-2.3895368515087245,0.4916476478152241,-0.19327510808718973,-0.08995731966870613,-1.0566785338250497,-1.3706267972891133,2.3980573784640296,0.3290783896748971,-1.1354441943371232,2.97923650499136,clase_4
-0.9627054573464303,-1.1235287950844766,-0.08956008793866499,0.942608495063647,0.48280648867756015,-1.5954067894545332,1.3484223035248248,0.0678637830591282,1.0236680512683307,0.7068594997408556,0.13054229242835844,0.681152578303357,clase_2
-3.6047231527477255,0.3515853389578078,2.6515353050154076,1.5964947823806008,1.9224432735217463,0.3909442700833573,4.759744809572121,5.64341721048734,0.2935648274746645,0.8518679947808017,-0.16340723073131225,1.0614215088796537,clase_1
-4.8229750265533555,2.1906572096314925,2.9181681882204398,-1.101195237924406,0.18590601480470637,1.7278696896342967,4.397635478110319,5.876002427343495,2.071423478000918,0.47079060652937793,-0.5669763910042788,2.3458018968425396,clase_2
0.5602532114886648,1.3533988946875668,1.8661693892333808,3.278618150574167,-0.7779276304081011,-1.7721544847858004,-0.08115291615716813,-2.333810152164899,-0.8681094023355481,-2.4514657016357004,-0.27411147538072145,-2.2768229227550307,clase_5
0.9890998054869988,-0.10503770216722597,-0.18128845083655543,-0.4487642109398693,-0.5215347328958069,-0.782849094858179,0.5061796425803771,-0.20599690030208853,-2.468441117810606,-2.68778937140066,0.9422300175678358,-1.1493357201477885,clase_4
2.5851096950936645,-2.0349492259303803,1.9826497826795462,1.4608467784769152,1.1284747797173518,-1.187639799392922,0.8650551235487247,1.7369379342338513,-2.2986853712052095,-1.3073709846467836,1.0314159064340078,0.33670376425537224,clase_4
0.13184417020317324,3.6972916603607846,1.8753517819323464,-2.2419456255604833,-0.5622561041174823,1.94409779447212,-1.6010311041490024,1.4998817218958556,2.129653101080259,-1.311858711880151,-0.6101497455801451,2.0810776004101887,clase_4
1.3288868633764643,0.4196515042479586,-0.5953628188015893,0.5764587504317908,-2.5277409976703904,-0.11762977400914121,0.943313069962699,0.4773845930444726,-3.52358903743937,2.1571987507735537,-0.0809879094021674,1.3342146735752902,clase_0
-0.8059268250998413,1.317951046969794,1.6651264008920892,-0.535804392614148,1.8436282958759822,0.16625870542465415,-0.9497931557197128,1.8126406538624804,0.5478072107810642,0.46807252131272,-0.8170954586402323,0.25223381648827187,clase_2
0.5719395538421632,-2.4776550832584427,1.7478214098415872,0.5254146830089308,2.6982550748895724,-0.9776974208349221,1.4061813496467304,2.7257429446969117,0.5148621824466846,-0.9519332578605932,-0.3416184667703161,0.9572505410726255,clase_5
-4.5531010251749455,-1.0689693042503858,-6.398116070587183,-3.300110716084135,-0.3026604818500837,-3.2297149611725757,-0.03563533609317315,-6.471737175730289,3.852830077714149,-3.3421262753668186,1.038654287319735,-3.3937219113414567,clase_0
-3.4110528594065403,-0.778436574385237,5.463057930098485,0.019719327856751123,-0.45692228493003517,-0.6783177463444865,2.8748695355185596,4.297449594965365,1.3566266053997413,3.400312237500086,0.49294981046696934,2.5835942711691096,clase_5
2.5862234339602055,1.1525876850310917,-0.34989550629074806,3.1275910155249873,-0.12340729341699286,1.8105916053820499,-2.346763936415937,-2.9481385751389424,1.7192198123933269,-0.620757409883065,-0.2665722849289853,-1.0185802725260267,clase_1
7.042432907141112,1.5629026625751283,-5.159408943637333,3.7774691371050553,-0.9859649807902828,-6.771544249122429,-1.294730573091744,-4.1334415086900655,-3.3444106618372995,-0.9064170915757443,-0.26783943256831116,4.117193060689498,clase_3
2.745989531967849,-4.671718553042285,-1.4892883110968742,-1.2610269081051833,1.7585533436488483,1.2994494004613937,-2.4117044496288247,-2.5898489813356984,1.2821445197417622,-2.475345712617682,2.561297776771106,-2.4496239737437797,clase_5
0.5903501797885048,-0.9516548611806375,-2.3045837945860757,-1.705481530725966,-2.4138621192437517,-1.562052613203252,-1.1473884315957195,-3.303436986733837,-1.6806268382832648,0.3901106693530961,1.445635046658087,-0.695799979081565,clase_2
0.7312096394378811,3.500939652022338,2.262877198296124,5.813818685023479,-4.321716965887272,1.1361781427609232,-0.7401114171633465,-3.903460960464156,0.49570546103298596,1.9605145103132113,0.6538645046423779,-0.961368725390672,clase_0
1.047414769617891,0.1991578434304354,-1.9694840456492118,-1.0679296982948225,1.5990697822753757,-1.0799898391148715,-2.959631255689774,-1.1168325973343651,-0.4840730642095288,1.8110806337625431,-0.14855541490058238,0.22176441648683964,clase_4
0.9844049694180996,1.0723645321725035,1.1812605369434936,1.2782624062151657,1.7769445574411715,0.7906280592583405,0.5472931620194887,2.6666470485130125,0.463166297291027,-0.5180352513130619,0.7043386011475956,1.497184969069183,clase_3
3.686619836019567,-2.033055312851788,-0.7593378989361446,2.297040287830402,2.5173112227273657,-0.9014859242290376,-1.5963017467384522,-1.4919862310454033,0.7235900883071539,-1.7243783688232515,-0.02417142635820863,-0.2962550889214356,clase_2
-0.07778547561978102,1.5072548130286054,1.7319191610280371,-1.7328985442083036,-0.5140689851390468,1.641245173468366,-0.295065547355136,2.4489453047716263,0.10277093663833514,0.722688852179887,-0.5220719044983598,1.810719956031741,clase_1
0.8621352287966121,2.0820769771266416,-0.7503061349735074,0.7607748724351833,0.6803943276391939,0.3592351222646866,-0.8230870673104882,0.4515220683352516,-2.9394313401837486,-0.07619952561802756,-0.16252796467625671,-1.1422446201008105,clase_4
1.8792336685438493,-1.2877333267133129,-2.174769257416015,0.23419016918428748,1.3285504191863169,-1.0244665706927016,-1.468435956087685,-1.7587132673776467,1.4236854067555031,-0.24077895108452207,3.071336701606002,0.6838967998105456,clase_0
-4.145741326957422,-0.9810097768949653,-1.0789104270176648,0.3415766143342779,1.7444860634768928,-2.1830434612156493,2.3479035298080184,-0.28596124215893143,0.5906565342349375,-0.833230041052405,0.27892309716744346,-2.5577462001402314,clase_3
2.527440493579656,0.3206994663505668,0.7275194920323251,-0.752635579601659,2.11918284692833,-0.253767902987187,-1.2247352027662202,2.2701167632757504,-2.9042801906102342,-1.2893588682994097,0.14987219793527454,0.2479619557540495,clase_3
1.6903310585056444,2.354102900964649,-3.6183019447949025,-0.7188366370941817,3.491039293317689,-0.4533208895714651,-2.252246511039381,1.674097031735561,-0.5868068781954239,1.9839606874516118,-0.47869638100794565,2.5452542916375998,clase_4
-0.4105326737198639,-1.6486196065170275,-0.9746744583099505,-0.43538659916888645,-3.7243519640961837,-0.5620737148458648,1.903850870469347,-1.534448571366395,-0.973481765683977,1.013597288994848,2.208348264339871,0.533771937675039,clase_2
0.4243932912824931,-1.5104151576953113,-0.5544447670138919,0.09269996428964122,0.13507531834189368,1.4189559958835263,-1.5035614762816625,-1.5835977325612258,-0.5268521665990038,0.9390231611711957,-0.4284217300000358,-2.2656428487100047,clase_5
2.558550617672069,-1.1554749799179496,0.4246715075432994,2.5038486779211038,-0.6923396910831161,-1.4559846520498823,-0.8887428489855651,-1.3682052896563484,0.1608100126449311,2.5449721921239528,-0.6681491915167361,1.947250811505218,clase_4
-1.4634956277895923,4.466220311632409,-1.8109653864191555,-0.20816286307964155,-3.443601549406221,-1.7399231784435856,-1.1912201655571675,-4.432218292544105,1.1676853243624943,-0.9709055550876915,0.9412563966689189,-0.2505960371437639,clase_4
7.779181639725497,-0.9579826687097637,-1.440878770465642,0.014211857322956267,0.9972479905438164,-1.0566479062468843,-4.441761299476986,-2.991331098229732,0.6476325306130812,-4.030872331038494,0.7259236116484019,1.9155591467662154,clase_3
-0.7114917796368782,2.907201844078914,1.1591347781646122,-3.134481519183968,-0.8186996681783576,-1.8001411319876552,1.4207490398501728,3.7492217186952104,-1.82700399107355,-0.9165970090396105,-1.4126911524926313,3.4962773774757494,clase_1
0.6663878822923897,-1.2837857575214127,1.159769558690083,-1.9150176514793862,-1.35119173983191,1.7683856793834112,-0.9422301168237851,-0.1572053491192843,0.8482964652624216,0.16428620460984134,0.9916463782608022,0.3672435331321018,clase_4
3.882650720222979,-1.9387941015237355,0.6561640025616167,-0.04913984489072709,2.981890981284873,-2.528052531921588,-3.355172966011649,-0.8215849857335699,0.34188710857702254,-0.9486084096006485,0.3957115324169533,0.9130283733602194,clase_1
10.255457002151642,-2.7810764676446365,-0.7972121525945801,3.7254237615464296,0.3966158403337507,6.209263711936451,2.1039441385504203,3.8567867288388906,1.6135581577732894,-4.118995572546866,0.8033160427378291,5.941944092113889,clase_3
1.5505582849148114,2.8908450279533078,-3.1756330480274286,1.909445537207579,2.5201744041834058,2.609016073204315,0.2816745270437473,2.906720260628368,2.5443412243418475,2.0600650926059165,0.13161537327274178,4.283136299953832,clase_4
1.6237480761361127,0.8850196528576789,1.6481093535089981,0.520021093864599,2.518142754654587,-1.132776016698347,-1.3228139377021675,1.4341977441906004,0.7272191569848259,-1.0820649619588076,0.3544065674743389,1.3469656233200493,clase_3
-2.017768850623181,0.2743920511720883,0.5109220192563297,-1.2539920741260744,-2.902249972383938,4.863203533994985,-1.0380152792829822,-1.6608730226894486,0.8546602204841667,1.6637375875198848,-0.047597245118507034,-2.8266302730312978,clase_5
